id,lon,lat,name,highway,public_transport,amenity,railway,route,bus,train,subway,station,x,y
366459518,106.6796241,10.8384917,Trạm Xe Bus Nguyễn Văn Lượng - Lê Đức Thọ,bus_stop,platform,,,,yes,,,,683612.360318639,1198627.6615705083
383552890,106.6878601,10.7507477,Trạm Xe Bus Cầu Nguyễn Văn Cừ,bus_stop,platform,,,,yes,,,,684566.5076715988,1188926.9321393773
411921743,106.7022941,10.7842808,Trạm Xe Bus Khoa Dược Đại Học Y Dược TP.HCM,bus_stop,platform,,,,yes,,,,686124.6953597979,1192644.8949367998
860695663,106.6725945,10.791092,Trạm Xe Bus Số 8 - 28,bus_stop,platform,,,,yes,,,,682872.4240851636,1193380.3976935474
946794512,106.7075992,10.7798184,,bus_stop,platform,,,,yes,,,,686707.6555588262,1192154.5185377332
1001114482,106.6951304,10.810084,Trạm Xe Bus Nhà Thờ Bình Hòa,bus_stop,platform,,,,yes,,,,685325.3956317354,1195494.7507315143
1127291378,106.6643225,10.8025796,"Trạm Xe Bus Số 4,51,104",bus_stop,platform,,,,yes,,,,681960.8533130086,1194646.138281299
1171564036,106.6625083,10.8015141,Trạm Xe Bus Công Viên Hoàng Văn Thụ,bus_stop,platform,,,,yes,,,,681763.0952729743,1194527.200661008
1171564050,106.6712319,10.8001136,"Trạm Xe Bus Số 8,51,104",bus_stop,platform,,,,yes,,,,682717.9516298497,1194377.4899202131
1171583911,106.6861371,10.8040174,Trạm Xe Bus Đại Học Văn Hiến,bus_stop,platform,,,,yes,,,,684345.6126563273,1194818.2560055954
1171583920,106.687792,10.8037891,Trạm Xe Bus THCS Châu Văn Liêm,bus_stop,platform,,,,yes,,,,684526.7315679386,1194794.0019755408
1171583921,106.691555,10.8032998,Trạm Xe Bus Phan Đăng Lưu - Hoàng Hoa Thám,bus_stop,platform,,,,yes,,,,684938.5527082674,1194742.1539669714
1171583923,106.693706,10.8030728,"Trạm Xe Bus Số 8,31,51,55,64,104",bus_stop,platform,,,,yes,,,,685173.9258704286,1194718.3474686122
1171583941,106.6837113,10.8025425,Trạm Xe Bus Phan Đăng Lưu - Phan Xích Long,bus_stop,platform,,,,yes,,,,684081.2269447702,1194653.6489890346
1171587740,106.7079027,10.8031415,Trạm Xe Bus Bạch Đằng - Ngã Tư Hàng Xanh,bus_stop,platform,,,,yes,,,,686726.4460203284,1194734.5876269776
1171615062,106.6737425,10.7996024,"Trạm Xe Bus Số 8,51,104",bus_stop,platform,,,,yes,,,,682992.8214398744,1194322.446674138
1171615063,106.6819431,10.800715,Trạm Xe Bus Ngã 4 Phú Nhuận,bus_stop,platform,,,,yes,,,,683888.9689277088,1194450.4377649412
1171615064,106.6835737,10.8022873,Trạm Xe Bus Phan Đăng Lưu - Phan Xích Long,bus_stop,platform,,,,yes,,,,684066.3345020512,1194625.3374620054
1171615073,106.6860511,10.803934,Trạm Xe Bus Đại Học Văn Hiến,bus_stop,platform,,,,yes,,,,684336.2586250035,1194808.978912592
1171615088,106.6695734,10.7999475,Trạm Xe Bus Siêu thị Big C,bus_stop,platform,,,,yes,,,,682536.6779464837,1194358.125975578
1204093495,106.6990755,10.8029498,Trạm Xe Bus Chợ Bà Chiểu,bus_stop,platform,,,,yes,,,,685761.213132141,1194708.0015612221
1204093498,106.7009752,10.8037105,Trạm Xe Bus Bạch Đằng,bus_stop,platform,,,,yes,,,,685968.4974987663,1194793.3018641623
1204093501,106.7044101,10.8034009,Trạm Xe Bus Bạch Đằng,bus_stop,platform,,,,yes,,,,686344.3315102007,1194761.148617751
1204093531,106.6820199,10.800897,Trạm Xe Bus Ngã 4 Phú Nhuận,bus_stop,platform,,,,yes,,,,683897.2570440825,1194470.6156655822
1226457739,106.6917877,10.8031868,Trạm Xe Bus Phan Đăng Lưu - Hoàng Hoa Thám,bus_stop,platform,,,,yes,,,,684964.0700357017,1194729.7954398815
1226457742,106.6994287,10.8029757,Trạm Xe Bus Chợ Bà Chiểu,bus_stop,platform,,,,yes,,,,685799.8234252029,1194711.0812575028
1226494771,106.7075332,10.8030838,Trạm Xe Bus  Nhà Thờ Hàng Xanh,bus_stop,platform,,,,yes,,,,686686.0727372605,1194727.979324836
1226533636,106.6703907,10.7985027,Trạm Xe Bus Chung cư Kingston,bus_stop,platform,,,,yes,,,,682626.9313716772,1194198.8005759758
1226533637,106.6731422,10.7969003,Trạm Xe Bus Học viện Hàng không Việt Nam,bus_stop,platform,,,,yes,,,,682928.8079448286,1194023.19947659
1226533638,106.6883833,10.7855756,Trạm Xe Bus Viện Pasteur,bus_stop,,,,,,,,,684602.5183677743,1192779.6921294157
1226533639,106.6681725,10.7998563,Trạm Xe Bus Quân Khu 7,bus_stop,platform,,,,yes,,,,682383.5302022432,1194347.2016732164
1226533640,106.6858201,10.787916,Trạm Xe Bus Giao Lộ Lý Chính Thắng,bus_stop,platform,,,,yes,,,,684320.7643661817,1193037.0274313395
1226533641,106.6829125,10.7906088,Trạm Xe Bus Chùa Vĩnh Nghiêm,bus_stop,,,,,,,,,684001.1351912059,1193333.1375239273
1226533642,106.6787129,10.7936599,Trạm Xe Bus Nguyễn Văn Trỗi - Trần Huy Liệu,bus_stop,platform,,,,yes,,,,683539.9969233051,1193668.1068627369
1226533643,106.6757278,10.7953606,Trạm Xe Bus Trung tâm Văn hoá quận Phú Nhuận,bus_stop,platform,,,,yes,,,,683212.5067542265,1193854.4366705557
1271240171,106.6788059,10.79921,Trạm Xe Bus Ngã 4 Phú Nhuận,bus_stop,platform,,,,yes,,,,683546.7971604881,1194282.078378152
1274090914,106.6966374,10.7895593,,bus_stop,,,,,,,,,685502.7991058751,1193225.3381307884
1497313167,106.7063621,10.7997444,Trạm Xe Bus Đại Học Hutech,bus_stop,platform,,,,yes,,,,686560.0621780436,1194357.8763824583
1519797030,106.7456145,10.8354963,Bến Linh Đông,,station,ferry_terminal,,ferry,,,,,690830.215791682,1198336.8895745405
1635104056,106.697936,10.8159153,Siêu Thị Bình Hòa,bus_stop,,,,,,,,,685628.6234128022,1196141.4818985537
1765166512,106.6827788,10.7609579,,bus_stop,,,,,,,,,684004.5284401915,1190053.266584505
1765166514,106.6824737,10.7608026,,bus_stop,,,,,,,,,683971.2523120102,1190035.9052908178
1765166516,106.6827311,10.7625125,Đại Học Khoa học Tự Nhiên,bus_stop,,,,,,,,,683998.3679501896,1190225.1976037987
1774952214,106.6667596,10.8008567,Trạm Xe Bus Sân Vận Động Quân Khu 7,bus_stop,platform,,,,yes,,,,682228.4117549425,1194457.0159042836
1958801634,106.7704109,10.8716001,,bus_stop,,,,,,,,,693518.5101832885,1202346.294098174
2024973266,106.7750739,10.8482434,Coopmart Xa Lộ Hà Nội,bus_stop,,,,,,,,,694043.4477202785,1199765.5731547428
2130165447,106.6730294,10.7602467,Nhà Xe Thịnh Phát,,station,bus_station,,,yes,,,,682938.6183842653,1189968.7664037307
2341633260,106.6870054,10.7802929,,bus_stop,,,,,,,,,684455.0421720291,1192194.5217287233
2341633543,106.6882848,10.7791572,,bus_stop,platform,,,,yes,,,,684595.660595153,1192069.6687178677
2341633617,106.689796,10.7781607,Trạm Xe Bus Nguyễn Đình Chiểu - Trương Định,bus_stop,platform,,,,yes,,,,684761.5469391716,1191960.3534551736
2363997552,106.6765142,10.811636,Trạm Xe Bus Công Viên Gia Định,bus_stop,platform,,,,yes,,,,683288.6324885045,1195655.1849100178
2392398233,106.6736848,10.7594251,Nhà Xe Minh Tâm,,station,,,,,,,,683010.7984254581,1189878.277798628
2466118939,106.6772161,10.8434842,Trạm Xe Bus Công Ty Sơn Pu,bus_stop,platform,,,,yes,,,,683346.0119065164,1199178.4493957658
2634496600,106.7183478,10.8213084,Cảng Bình Triệu,,station,ferry_terminal,,ferry,,,,,687857.4280534008,1196750.5350455404
2673074380,106.734223,10.8003988,Trạm Xe Bus Thảo Điền,bus_stop,platform,,,,yes,,,,689606.6047005634,1194447.411044852
2949031633,106.8000425,10.8743886,Đại Học Khoa học Tự Nhiên,bus_stop,platform,,,,yes,,,,696756.6148452068,1202673.8059750379
2949148452,106.7830762,10.8814768,Bến xe Buýt khu B,,,bus_station,,,,,,,694896.9162955286,1203446.9534355258
2984625915,106.7887514,10.8584028,Trạm Xe Bus Khu Công Nghệ Cao Quận 9,bus_stop,stop_position,,,,yes,,,,695532.4573642258,1200898.1614544226
2984626239,106.8023027,10.8736427,Bến xe buýt đối diện Đại học KHXHNV,bus_stop,platform,,,,yes,,,,697004.2357118007,1202592.7601203716
2984717715,106.7720069,10.8499064,Trạm Xe Bus Đại học Sư Phạm Kỹ Thuật,bus_stop,platform,,,,yes,,,,693707.0051424446,1199947.577869874
2984717719,106.7716404,10.8496468,Trạm Xe Bus Đại học Sư Phạm Kỹ Thuật,bus_stop,platform,,,,yes,,,,693667.0964286925,1199918.6278574374
2984717720,106.7690031,10.8498116,Trạm Xe Bus Siêu Thị Nguyễn Kim,bus_stop,platform,,,,yes,,,,693378.6078838289,1199935.1800434927
2984717721,106.7690248,10.8497002,Võ Văn Ngân - Đường số 6,bus_stop,,,,,,,,,693381.0523664628,1199922.870915359
2984717726,106.764082,10.8507531,Trạm Xe Bus Cao Đẳng Xây Dựng Số 2,bus_stop,platform,,,,yes,,,,692839.8946581399,1200036.2032768067
2984717727,106.7599916,10.8505632,Trạm Xe Bus Ngã 3 Nhà Thờ,bus_stop,platform,,,,yes,,,,692392.7440444625,1200012.606629361
2984717728,106.7543192,10.8502084,Trạm Xe Bus Chợ Thủ Đức,bus_stop,platform,,,,yes,,,,691772.7127048675,1199969.777374986
2984717729,106.7669966,10.8505398,Trạm Xe Bus Nhà Thiếu Nhi Quận Thủ Đức,bus_stop,platform,,,,yes,,,,693158.7344105113,1200014.4576796747
2984717730,106.759378,10.850597,Trạm Xe Bus Ngã 3 Nhà Thờ,bus_stop,platform,,,,yes,,,,692325.6272690557,1200015.9574863804
2991929333,106.6637513,10.815564,Trạm Xe Bus Sân Bay Quốc Tế Tân Sơn Nhất,bus_stop,platform,,,,yes,,,,681890.5638693378,1196082.0381632939
3016612589,106.7069856,10.7774015,Trạm Xe Bus Bảo Tàng Tôn Đức Thắng,bus_stop,platform,,,,yes,,,,686642.0363852963,1191886.7994109322
3053462714,106.7543369,10.8512632,Trạm Xe Bus Chợ Thủ Đức,bus_stop,platform,,,,yes,,,,691773.9753769069,1200086.468283565
3053462719,106.7478665,10.8600905,Trạm Xe Bus Chợ Tam Hà,bus_stop,platform,,,,yes,,,,691060.8510882993,1201058.850604185
3053462720,106.7457535,10.8631189,Trạm Xe Bus Bệnh Viện Thủ Đức,bus_stop,platform,,,,yes,,,,690827.8862764238,1201392.5170342843
3084820248,106.7689508,10.8543195,,bus_stop,stop_position,,,,yes,,,,693369.9894851419,1200433.8048776255
3107514189,106.7732621,10.8536867,Trạm Xe Bus Đại Học Sư Phạm Kỹ Thuật,bus_stop,platform,,,,yes,,,,693841.8209573103,1200366.550266839
3107514190,106.7717841,10.8539941,Trạm Xe Bus Đại Học Sư Phạm Kỹ Thuật,bus_stop,platform,,,,yes,,,,693680.0090502478,1200399.6127440787
3107514191,106.7681084,10.854823,Trạm Xe Bus Trường Trung Cấp Nghề Thủ Đức,bus_stop,platform,,,,yes,,,,693277.5527642326,1200488.9657954068
3107514192,106.7663879,10.8573929,Trạm Xe Bus Đường Số 7 - Hoàng Diệu 2,bus_stop,platform,,,,yes,,,,693087.7724701539,1200772.1513914731
3107514193,106.7682316,10.8607799,Trạm Xe Bus Nghĩa Trang Liệt Sĩ TP.HCM,bus_stop,platform,,,,yes,,,,693287.1921731106,1201147.9886859949
3107514194,106.7767852,10.8692848,,bus_stop,,,,,,,,,694216.9734082328,1202094.2477986359
3112765123,106.8034622,10.8669097,,bus_stop,,,,,,,,,697135.4389526922,1201848.7032813241
3116282957,106.7648603,10.8506809,Trạm Xe Bus Cao Đẳng Xây Dựng Số 2,bus_stop,platform,,,,yes,,,,692925.0456980607,1200028.7101644492
3116282962,106.7587516,10.849806,Trạm Xe Bus Ngã 3 Nhà Thờ,bus_stop,platform,,,,yes,,,,692257.6382589586,1199928.0625521939
3116282967,106.7642873,10.8414943,Trạm Xe Bus Trung Tâm Y Tế Quận Thủ Đức,bus_stop,platform,,,,yes,,,,692868.2799864558,1199012.139695172
3116282968,106.7662043,10.8396206,,bus_stop,,,,,,,,,693079.106633488,1198806.0890145337
3116315714,106.6786982,10.7593246,An Dương Vương - Lê Hồng Phong,bus_stop,,,,,,,,,683559.201392324,1189870.1568134327
3116315718,106.6695562,10.7571496,Trạm Xe Bus Nguyễn Tri Phương - Hùng Vương,bus_stop,platform,,,,yes,,,,682560.6020000771,1189624.1183648007
3116315719,106.6650059,10.7559516,Đối diện Bệnh viện Đại học Y Dược,bus_stop,,,,,,,,,682063.6288464194,1189488.9007306008
3116339930,106.6619298,10.7530631,Trạm Xe Bus Thêu Kỳ Duyên,bus_stop,platform,,,,yes,,,,681728.907494248,1189167.5736278903
3116339932,106.6646685,10.7535527,Trạm Xe Bus Chung cư Tản Đà,bus_stop,platform,,,,yes,,,,682028.1644271215,1189223.3523970346
3116339937,106.6681673,10.7542545,Trạm Xe Bus Ban chỉ huy Quận sự Quận 5,bus_stop,platform,,,,yes,,,,682410.4305266629,1189303.057664879
3116339939,106.6699255,10.7546706,Trạm Xe Bus Bệnh viện Nguyễn Tri Phương,bus_stop,platform,,,,yes,,,,682602.4864208966,1189350.1292195558
3116339946,106.6795139,10.7731617,Trạm Xe Bus Điện Biên Phủ - Cao Thắng,bus_stop,platform,,,,yes,,,,683640.035528518,1191401.2121845542
3116339947,106.681099,10.7745133,Trạm Xe Bus Bệnh Viện Bình Dân,bus_stop,platform,,,,yes,,,,683812.5785610869,1191551.6679077232
3116339948,106.6839593,10.7769515,Trạm Xe Bus Ngã 4 CMT8,bus_stop,platform,,,,yes,,,,684123.9276667816,1191823.0838207775
3116339949,106.685171,10.7780742,Trạm Xe Bus Bệnh Viện Mắt,bus_stop,platform,,,,yes,,,,684255.767372262,1191947.998552901
3116339950,106.6874916,10.780274,Trạm Xe Bus Sở Khoa Học Và Công Nghệ TP.HCM,bus_stop,platform,,,,yes,,,,684508.2285804106,1192192.724104781
3116339951,106.69017,10.7828612,Trạm Xe Bus Trường Marie Curie,bus_stop,platform,,,,yes,,,,684799.5813101939,1192480.520003902
3116339952,106.6923043,10.785015,Trạm Xe Bus Ngã 4 Phạm Ngọc Thạch,bus_stop,platform,,,,yes,,,,685031.6876230668,1192720.050051402
3116339953,106.6941479,10.7869388,Trạm Xe Bus Công viên Lê Văn Tám,bus_stop,,,,,,,,,685232.1386615337,1192933.964972558
3116339954,106.6967242,10.7895582,Trạm Xe bus 87 Điện Biên Phủ,bus_stop,platform,,,,yes,,,,685512.2927049048,1193225.2690952672
3116339955,106.6962266,10.7962435,Trạm Xe Bus Giao Lộ Võ Huy Tấn,bus_stop,platform,,,,yes,,,,685453.7716584717,1193964.457483033
3116339956,106.6963742,10.7985616,Trạm Xe Bus Bệnh Viện Bình Thạnh,bus_stop,platform,,,,yes,,,,685468.4910035266,1194220.9622425267
3116339957,106.6965375,10.8008986,Trạm Xe Bus Lăng Ông Bà Chiểu,bus_stop,,,,,,,,,685484.9151695073,1194479.5672239687
3116339958,106.6949618,10.8035307,Trạm Xe Bus Bệnh viện Ung Bướu,bus_stop,platform,,,,yes,,,,685310.9798108556,1194769.7592181792
3116339960,106.695573,10.8054181,,bus_stop,,,,,,,,,685376.6623397758,1194978.9036337505
3116339961,106.6983495,10.8034413,Chợ Bà Chiểu,bus_stop,,,,,,,,,685681.5150816384,1194761.927268595
3116339962,106.701096,10.8036515,Trạm Xe Bus Bạch Đằng,bus_stop,platform,,,,yes,,,,685981.7445889045,1194786.849137671
3116339964,106.703803,10.8033657,Trạm Xe Bus Bạch Đằng,bus_stop,platform,,,,yes,,,,686277.9602371586,1194756.88473174
3116339965,106.706623,10.8030815,Lăng Lê Văn Duyệt,bus_stop,,,,,,,,,686586.5336485917,1194727.1688648288
3116353269,106.7209336,10.8277547,,bus_stop,,,,,,,,,688136.1752414064,1197465.1921249887
3116353273,106.7282718,10.8335611,,bus_stop,,,,,,,,,688934.9887359767,1198112.0136481957
3116353274,106.7307279,10.8355609,,bus_stop,,,,,,,,,689202.3099613218,1198334.748762151
3116353275,106.7334358,10.8376032,,bus_stop,,,,,,,,,689497.1352971139,1198562.3444819243
3116353276,106.7445736,10.8407852,Trạm Xe Bus Cầu Gò Dưa,bus_stop,platform,,,,yes,,,,690713.0412364948,1198921.2813186022
3116353277,106.7463168,10.8413672,Trạm Xe Bus Đường Số 2,bus_stop,platform,,,,yes,,,,690903.2901291191,1198986.7531534182
3116353278,106.7518172,10.8471617,,bus_stop,,,,,,,,,691501.0678192114,1199631.1820737855
3116882974,106.6621184,10.7559933,Trạm Xe Bus Lý Thường Kiệt - Hồng Bàng,bus_stop,platform,,,,yes,,,,681747.7809598558,1189491.8014489715
3116882975,106.6620786,10.756429,Hồng Bàng - Lý Thường Kiệt,bus_stop,,,,,,,,,681743.1668109621,1189539.9716552051
3116882976,106.6611642,10.759663,Trạm Xe Bus Coop - Mart Lý Thường Kiệt,bus_stop,platform,,,,yes,,,,681641.2172581678,1189897.1502475413
3116882978,106.6607257,10.7613589,Trạm Xe Bus Chung Cư Lý Thường Kiệt,bus_stop,platform,,,,yes,,,,681592.2411272477,1190084.4779448744
3116882979,106.6605449,10.761533,Trạm Xe Bus Chung Cư Lý Thường Kiệt,bus_stop,platform,,,,yes,,,,681572.3621024631,1190103.628491555
3116883006,106.6602929,10.7997088,Trạm Xe Bus Vòng xoay Lăng Cha Cả,bus_stop,platform,,,,yes,,,,681521.9053102976,1194326.1949639083
3116883007,106.6601644,10.7996919,Trạm Xe Bus Vòng xoay Lăng Cha Cả,bus_stop,platform,,,,yes,,,,681507.8627149239,1194324.2492917047
3116902314,106.6700598,10.8000454,Trạm Xe Bus Siêu thị Big C,bus_stop,,,,,,,,,682589.8116403876,1194369.2455578586
3116902315,106.6727632,10.7998065,Trạm Xe Bus Khách Sạn Tân Sơn Nhất,bus_stop,platform,,,,yes,,,,682885.6010478665,1194344.4366095017
3116902316,106.6728208,10.7997103,Trạm Xe Bus Khách Sạn Tân Sơn Nhất,bus_stop,platform,,,,yes,,,,682891.9584444152,1194333.8300946967
3118842030,106.6616396,10.7739249,,bus_stop,,,,,,,,,681684.6646985158,1191474.974066845
3118842031,106.6631464,10.7758754,,bus_stop,,,,,,,,,681848.2912864455,1191691.617788619
3118842033,106.6646138,10.7738264,Trạm Xe Bus Bệnh Viện 115,bus_stop,platform,,,,yes,,,,682010.0103109947,1191465.844287988
3118842034,106.6651725,10.7723901,Trạm Xe Bus Học Viện Quân Y,bus_stop,platform,,,,yes,,,,682071.9783681582,1191307.303453519
3118842035,106.6661891,10.7697677,Trạm Xe Bus Trường THPT Diên Hồng,bus_stop,platform,,,,yes,,,,682184.7408882373,1191017.8372545063
3118842036,106.666733,10.7685467,Trạm Xe Bus Siêu Thị Sài Gòn,bus_stop,platform,,,,yes,,,,682244.9621316001,1190883.1026325992
3124681592,106.7063876,10.7733704,Trạm Xe Bus Bến Bạch Đằng,bus_stop,platform,,,,yes,,,,686579.1164075531,1191440.5357489698
3124681595,106.679796,10.7550488,Trạm Xe Bus - Trần Bình Trọng,bus_stop,platform,,,,yes,,,,683681.8626655024,1189397.8538620619
3124681597,106.6818025,10.7555901,Trạm Xe Bus Trường CĐ Kinh Tế Đối Ngoại,bus_stop,platform,,,,yes,,,,683900.9997909365,1189458.9306342464
3124681921,106.6828285,10.7558691,Nguyễn Biểu,bus_stop,platform,,,,yes,,,,684013.0513939541,1189490.4068681493
3141309026,106.6749833,10.799611,Trạm Xe Bus Hồ Văn Huê,bus_stop,platform,,,,yes,,,,683128.5109548251,1194324.1411836534
3141309027,106.6746662,10.7995588,Trạm Xe Bus Hồ Văn Huê,bus_stop,platform,,,,yes,,,,683093.8643091326,1194318.1771775382
3141309028,106.6877087,10.8037182,Trạm Xe Bus THCS Châu Văn Liêm,bus_stop,platform,,,,yes,,,,684517.6652061369,1194786.1091307332
3141309629,106.6956336,10.8026759,Trạm Xe Bus Đại Học Mỹ Thuật,bus_stop,platform,,,,yes,,,,685384.9727393617,1194675.6136267155
3141558631,106.7153558,10.8270992,Trạm Xe Bus Kha Vạn Cân - Ngã 4 Bình Triệu,bus_stop,platform,,,,yes,,,,687526.6352307401,1197389.24651127
3141558632,106.7191144,10.8281353,Kha Vạn Cân,bus_stop,,,,,,,,,687937.0031093169,1197506.1702698092
3141558633,106.7254178,10.8316231,Trạm Xe Bus Chùa Ưu Đàm,bus_stop,platform,,,,yes,,,,688624.1142578931,1197895.8710038594
3148967605,106.7863143,10.8566401,Trạm Xe Bus Khu Công Nghệ Cao,bus_stop,platform,,,,yes,,,,695267.117148723,1200701.6053644072
3148967606,106.7856608,10.8568157,Trạm Xe Bus Khu Công Nghệ Cao,bus_stop,platform,,,,yes,,,,695195.5454905644,1200720.6104994197
3148967611,106.8001832,10.8744832,Nhà văn hóa sinh viên,bus_stop,platform,,,,yes,,,,696771.936974285,1202684.361900417
3150110707,106.6680006,10.7640095,Trạm Xe Bus Nguyễn Tri Phương - Vĩnh Viễn,bus_stop,platform,,,,yes,,,,682386.3315880249,1190381.9848224039
3150110708,106.6679882,10.7635516,Trạm Xe Bus Nguyễn Tri Phương - Vĩnh Viễn,bus_stop,platform,,,,yes,,,,682385.2508181594,1190331.3279080375
3150110712,106.6685648,10.7530168,Há cảo Trần Quang,bus_stop,platform,,,,yes,,,,682454.6519136106,1189166.3887144988
3150623838,106.6613192,10.764505,Trạm Xe Bus Nguyễn Kim - Đường 3 Tháng 2,bus_stop,platform,,,,yes,,,,681655.2696171412,1190432.8268024228
3150623839,106.6616782,10.7648017,Trạm Xe Bus Nguyễn Kim - Đường 3 Tháng 2,bus_stop,platform,,,,yes,,,,681694.3565943373,1190465.8582077103
3150623840,106.6638606,10.7658608,Trạm Xe Bus Ngô Quyền - Đường 3 Tháng 2,bus_stop,platform,,,,yes,,,,681932.4158601022,1190584.302061935
3150775221,106.6692498,10.7678754,Trạm Xe Bus Bệnh Viện Nhi Đồng 1,bus_stop,platform,,,,yes,,,,682520.6328295397,1190810.3459852594
3150775222,106.6691782,10.7679665,Trạm Xe Bus Bệnh Viện Nhi Đồng 1,bus_stop,platform,,,,yes,,,,682512.7469395502,1190820.380170546
3150775223,106.6734186,10.7676461,,bus_stop,,,,,,,,,682976.7212532511,1190787.468030234
3150775224,106.6731242,10.7678299,,bus_stop,,,,,,,,,682944.4111335183,1190807.622959313
3150775225,106.6755149,10.7674016,Trạm Xe Bus Ngã 7 Lý Thái Tổ,bus_stop,platform,,,,yes,,,,683206.1460872346,1190761.6753469151
3150775226,106.6756972,10.7672378,Trạm Xe Bus Ngã 7 Lý Thái Tổ,bus_stop,platform,,,,yes,,,,683226.1836993705,1190743.6658902958
3150775230,106.683074,10.7620598,,bus_stop,,,,,,,,,684036.1472386725,1190175.3286642414
3151254797,106.6765427,10.7584618,Trạm Xe Bus An Dương Vương - Huỳnh Mẫn Đạt,bus_stop,,,,,,,,,683323.9641512572,1189773.430788483
3151254798,106.6731475,10.7572933,Trạm Xe Bus An Đông Plaza,bus_stop,platform,,,,yes,,,,682953.3169074891,1189642.1527003017
3151254801,106.6674938,10.7578287,Trạm Xe Bus Ký Túc Xá Đại học Y Dược,bus_stop,platform,,,,yes,,,,682334.617338422,1189698.0089305125
3151254802,106.6646114,10.7556534,Bệnh viện Đại học Y Dược,bus_stop,,,,,,,,,682020.658921596,1189455.6820536023
3160527872,106.6746118,10.7719531,Trạm Xe Bus Nhà Hát Hòa Bình,bus_stop,platform,,,,yes,,,,683104.6214913192,1191264.591003175
3160533668,106.6748363,10.7719284,Trạm Xe Bus Nhà Hát Hòa Bình,bus_stop,platform,,,,yes,,,,683129.190144725,1191261.99303602
3160533669,106.6783812,10.7745467,Trạm Xe Bus Học Viện Hành Chính Quốc Gia,bus_stop,platform,,,,yes,,,,683515.312433555,1191553.7328159346
3160533670,106.6772301,10.7733768,Trạm Xe Bus Học Viện Hành Chính Quốc Gia,bus_stop,platform,,,,yes,,,,683390.1250544495,1191423.6370151183
3160535889,106.6806672,10.7783377,Trạm Xe Bus Siêu Thị Thiên Hòa,bus_stop,platform,,,,yes,,,,683763.0317103503,1191974.4387717342
3160535890,106.6781677,10.779673,Trạm Xe Bus Sân Khấu Lan Anh,bus_stop,platform,,,,yes,,,,683488.85548513,1192120.6418080777
3160535892,106.672974,10.7824523,Trạm Xe Bus TT Y Tế Dự Phòng Q10,bus_stop,platform,,,,yes,,,,682919.1515359674,1192424.960839447
3160535893,106.6707353,10.7836511,Trạm Xe Bus Chợ Hòa Hưng,bus_stop,platform,,,,yes,,,,682673.5885539256,1192556.2266860078
3160535894,106.6667759,10.7857828,Trạm Xe Bus Công Viên Lê Thị Riêng,bus_stop,platform,,,,yes,,,,682239.2802874398,1192789.65946441
3160535895,106.6620178,10.7882153,Trạm Xe Bus Bành Văn Trân,bus_stop,platform,,,,yes,,,,681717.4487321777,1193055.8947247346
3160542986,106.6720572,10.7655336,Trạm Xe Bus Sư Vạn Hạnh - Ngô Gia Tự,bus_stop,platform,,,,yes,,,,682829.0962490656,1190552.985902577
3160542987,106.6725493,10.7633697,Trạm Xe Bus Chung Cư Ngô Gia Tự,bus_stop,platform,,,,yes,,,,682884.2240285882,1190313.9241502727
3160542988,106.6735947,10.7587135,Bệnh viện 30/4,bus_stop,,,,,,,,,683001.3730535113,1189799.5118840535
3160545657,106.6694433,10.7571879,Trạm Xe Bus Nguyễn Tri Phương - Hùng Vương,bus_stop,platform,,,,yes,,,,682548.2304288782,1189628.2876535158
3160545659,106.6637343,10.7523306,Trạm Xe Bus Tản Đà,bus_stop,platform,,,,yes,,,,681926.7171916483,1189087.6190983278
3160548761,106.6707397,10.7527494,Trạm Xe Bus Trung Tâm Mua bán Dược Phẩm,bus_stop,platform,,,,yes,,,,682692.6975116649,1189138.1046184548
3160548762,106.6714816,10.7529559,Trạm Xe Bus Đồng Khánh,bus_stop,platform,,,,yes,,,,682773.7202802254,1189161.3878550369
3160548850,106.6781386,10.7544024,Bệnh viện Chấn Thương Chỉnh Hình,bus_stop,platform,,,,yes,,,,683500.9720769194,1189325.3619293824
3160548851,106.6809509,10.7552198,Trạm Xe Bus Cao Đẳng Kinh Tế Đối Ngoại,bus_stop,platform,,,,yes,,,,683808.0786940657,1189417.460274779
3160554145,106.6843556,10.7560844,Trạm Xe Bus Trung tâm Giải trí 651,bus_stop,platform,,,,yes,,,,684179.9502756159,1189515.1381790398
3160554147,106.68587,10.757051,Trạm Xe Bus Chợ Nancy,bus_stop,platform,,,,yes,,,,684345.0034408596,1189622.9666970584
3160583012,106.6877545,10.766843,,bus_stop,platform,,,,yes,,,,684545.1644110379,1190707.2289714478
3162351957,106.6950596,10.8068915,Trạm Xe Bus 48 Nơ Trang Long,bus_stop,platform,,,,yes,,,,685319.6128230257,1195141.5713156047
3162351958,106.6962035,10.812171,Trạm Xe Bus Bưu Điện Nơ Trang Long,bus_stop,platform,,,,yes,,,,685441.4654045199,1195726.2547032642
3162352195,106.6952555,10.8126541,Trạm Xe Bus Chợ Phan Văn Trị,bus_stop,platform,,,,yes,,,,685337.4980441361,1195779.1167896779
3162352196,106.6984644,10.8181304,Trạm Xe Bus Pháp Quang Tự,bus_stop,platform,,,,yes,,,,685685.0435794997,1196386.8258457582
3162352203,106.7006133,10.8188999,Trạm Xe Bus Công An Phường 13,bus_stop,platform,,,,yes,,,,685919.5627970826,1196473.2525989788
3162352204,106.7029877,10.8195941,Trạm Xe Bus UBND Phường 13,bus_stop,platform,,,,yes,,,,686178.7870427398,1196551.4895098307
3162352205,106.7042059,10.8195319,Trạm Xe Bus Nơ Trang Long,bus_stop,platform,,,,yes,,,,686312.0416886702,1196545.353024948
3162352206,106.7065071,10.8166403,Trạm Xe Bus Cầu Đỏ,bus_stop,platform,,,,yes,,,,686565.4782020212,1196226.9049274393
3162506783,106.6844185,10.7801907,Trạm Xe Bus Trung Tâm Chỉnh Hình Phục Hồi Chức Năng,bus_stop,platform,,,,yes,,,,684172.1795962658,1192181.6596086835
3162506784,106.6826502,10.7783411,Trạm Xe Bus Ngã 6 Dân Chủ,bus_stop,platform,,,,yes,,,,683979.907887377,1191976.0056142118
3162508870,106.6955574,10.7915641,Trạm Xe Bus Võ Thị Sáu,bus_stop,platform,,,,yes,,,,685383.4554112928,1193446.4429344728
3162508871,106.6925693,10.7885733,Trạm Xe Bus Công viên Lê Văn Tám,bus_stop,,,,,,,,,685058.4931118727,1193113.8085042974
3162508872,106.6896706,10.7855814,Trạm Xe Bus Viện Pasteur Thành phố Hồ Chí Minh,bus_stop,platform,,,,yes,,,,684743.3023537978,1192781.110579525
3162508873,106.6874811,10.7833895,Trạm Xe Bus Nhà Thiếu Nhi TP.HCM,bus_stop,platform,,,,yes,,,,684505.1809495642,1192537.335109456
3162543049,106.703643,10.7970671,Trạm Xe Bus Số 123 Điện Biên Phủ,bus_stop,platform,,,,yes,,,,686264.3455993056,1194060.068818483
3162543050,106.7045789,10.7974047,Trạm Xe Bus Số 84 Điện Biên Phủ,bus_stop,platform,,,,yes,,,,686366.4903942009,1194097.9828321764
3164002580,106.795729,10.8705279,Trạm Xe Bus Trường Đại Học Thể Dục Thể Thao,bus_stop,platform,,,,yes,,,,696287.5016115529,1202243.9410358756
3164004056,106.7698892,10.8716297,,bus_stop,,,,,,,,,693461.4486091196,1202349.2359197312
3164008528,106.6905367,10.8607575,Trạm Xe Bus Ngã 3 Vườn Lài,bus_stop,platform,,,,yes,,,,684791.938947552,1201097.1811374773
3164008529,106.6801873,10.8622168,Trạm Xe Bus Bến Xe Ngã 4 Ga,bus_stop,platform,,,,yes,,,,683659.4533452932,1201252.3263909214
3164009009,106.6709533,10.8617766,Trạm Xe Bus QL1A - Tô Ngọc Vân,bus_stop,platform,,,,yes,,,,682650.0940519355,1201198.0686639403
3164009010,106.6708951,10.8616841,Trạm Xe Bus QL1A - Tô Ngọc Vân,bus_stop,platform,,,,yes,,,,682643.7868295584,1201187.8019386414
3164237712,106.692113,10.7721989,,bus_stop,,,,,,,,,685018.5978121685,1191302.293810792
3164237713,106.6923453,10.7719744,,bus_stop,,,,,,,,,685044.1419505116,1191277.601259816
3164237717,106.6871226,10.7748346,Trạm Xe Bus Ngã 4 Nguyễn Đình Chiểu,bus_stop,platform,,,,yes,,,,684471.1856052913,1191590.8292272014
3164258337,106.6841852,10.7764962,Trạm Xe Bus Ngã 4 Điện Biên Phủ,bus_stop,platform,,,,yes,,,,684148.911096795,1191772.857274205
3164258338,106.6840194,10.7764927,Trạm Xe Bus Ngã 4 Điện Biên Phủ,bus_stop,platform,,,,yes,,,,684130.7797536049,1191772.370438012
3164258339,106.6823157,10.7774841,Trạm Xe Bus Ngã 6 Dân Chủ,bus_stop,platform,,,,yes,,,,683943.8446779274,1191881.0088741726
3164258340,106.6824019,10.7774169,Trạm Xe Bus Ngã 6 Dân Chủ,bus_stop,platform,,,,yes,,,,683953.3131208697,1191873.6274252895
3164261850,106.6792157,10.7669762,Trạm Xe Bus Chung Cư Nguyễn Thiện Thuật,bus_stop,platform,,,,yes,,,,683611.1694885817,1190716.8348995126
3164261851,106.6804847,10.7683294,Trạm Xe Bus Chợ Bàn Cờ,bus_stop,platform,,,,yes,,,,683749.1430899089,1190867.277309672
3164261854,106.6823712,10.7697739,Trạm Xe Bus Nguyễn Đình Chiểu,bus_stop,platform,,,,yes,,,,683954.5971570933,1191028.1901015732
3166133532,106.6934707,10.7698088,Trạm Xe Bus Nguyễn Thị Nghĩa,bus_stop,platform,,,,yes,,,,685168.5523548224,1191038.7353767895
3166133536,106.6991983,10.7725734,Trạm Xe Bus Bệnh Viện Đa Khoa Sài Gòn,bus_stop,platform,,,,yes,,,,685793.2995205619,1191348.006627225
3166140580,106.7077406,10.7799935,Trạm Xe Bus Ngô Văn Năm,bus_stop,platform,,,,yes,,,,686723.0124113709,1192173.9734388185
3166140582,106.7067358,10.7829246,Trạm Xe Bus Khoa Sư Phạm Đại Học Sài Gòn,bus_stop,platform,,,,yes,,,,686611.3107228278,1192497.5839547603
3166140583,106.706704,10.7831005,Trạm Xe Bus Khoa Sư Phạm Đại Học Sài Gòn,bus_stop,platform,,,,yes,,,,686607.7243403076,1192517.0217186275
3166140585,106.708626,10.7856308,,bus_stop,,,,,,,,,686816.3681869402,1192798.0832507159
3166144873,106.7191035,10.796034,Trạm Xe Bus Tân Cảng,bus_stop,platform,,,,yes,,,,687955.803237516,1193955.255504413
3166144990,106.7109964,10.7893008,Trạm Xe Bus Cầu Nguyễn Hữu Cảnh,bus_stop,platform,,,,yes,,,,687073.3434727986,1193205.4888829633
3166144991,106.7106906,10.7895082,Trạm Xe Bus Cầu Nguyễn Hữu Cảnh,bus_stop,platform,,,,yes,,,,687039.7709828541,1193228.2434560987
3166144992,106.7183758,10.7926353,Trạm Xe Bus Tòa Nhà The Manor,bus_stop,platform,,,,yes,,,,687878.3311370362,1193578.8591032992
3166144993,106.7180639,10.7924994,Trạm Xe Bus Tòa Nhà The Manor,bus_stop,platform,,,,yes,,,,687844.304464799,1193563.6348434216
3166179576,106.7034918,10.778015,Trạm Xe Bus Nhà Hàng Park Hyatt,bus_stop,platform,,,,yes,,,,686259.5408785755,1191952.5342455965
3166179577,106.7016787,10.7796568,Trạm Xe Bus Trường Chuyên Trần Đại Nghĩa,bus_stop,platform,,,,yes,,,,686060.2331469448,1192133.0389468756
3166367902,106.6712238,10.7699578,Trạm Xe Bus Sư Vạn Hạnh,bus_stop,platform,,,,yes,,,,682735.2773087998,1191041.8624205485
3166987989,106.6992277,10.7679333,Trạm Xe Bus Cầu Calmette,bus_stop,platform,,,,yes,,,,685799.3604300353,1190834.7627421578
3167004171,106.6862635,10.7744369,,bus_stop,,,,,,,,,684377.467701317,1191546.3208976777
3167004172,106.6845353,10.772601,Trạm Xe Bus Nguyễn Thượng Hiền,bus_stop,platform,,,,yes,,,,684189.5702284365,1191342.2056797938
3167004173,106.6818336,10.7697425,Trạm Xe Bus Ngã 4 Cao Thắng,bus_stop,platform,,,,yes,,,,683895.8178937478,1191024.3941795577
3167010079,106.6945829,10.7858007,Trạm Xe Bus Lãnh Sự Quán Trung Quốc,bus_stop,platform,,,,yes,,,,685280.4100274009,1192808.338314073
3167010080,106.6928869,10.7871413,Trạm Xe Bus Công Viên Lê Văn Tám,bus_stop,platform,,,,yes,,,,685094.103894187,1192955.6011998183
3167010081,106.690639,10.7889271,Trạm Xe Bus Chợ Tân Định,bus_stop,stop_position,,,,yes,,,,684847.1685167797,1193151.776716246
3167010082,106.6879928,10.7910362,Trạm Xe Bus Cầu Kiệu,bus_stop,platform,,,,yes,,,,684556.4788922662,1193383.4747419711
3167010083,106.6947995,10.7925437,Trạm Xe Bus Cầu Bông,bus_stop,platform,,,,yes,,,,685299.967581835,1193554.3413671127
3167018763,106.688326,10.7858932,Trạm Xe Bus Viện Pasteur TP.Hồ Chí Minh,bus_stop,platform,,,,yes,,,,684596.0578870245,1192814.7885316815
3167018764,106.6846521,10.7892295,Trạm Xe Bus Thẩm mỹ viện NT-Korea,bus_stop,platform,,,,yes,,,,684192.2256050215,1193181.6150815678
3167018765,106.6830873,10.7906788,Trạm Xe Bus Cầu Công Lý,bus_stop,platform,,,,yes,,,,684020.2094895471,1193340.9856405128
3167021689,106.6759988,10.7954552,Trạm Xe Bus Trung tâm Văn hoá quận Phú Nhuận,bus_stop,platform,,,,yes,,,,683242.0865870492,1193865.0631010076
3167021690,106.6736192,10.79687,Trạm Xe Bus Học viện Hàng không Việt Nam,bus_stop,platform,,,,yes,,,,682980.9917747242,1194020.1333830415
3167021691,106.6705919,10.7986222,Trạm Xe Bus Chung cư Kingston,bus_stop,platform,,,,yes,,,,682648.8625494853,1194212.13906015
3167034797,106.6658741,10.8025366,Trạm Xe Bus Rạp Tân Sơn Nhất,bus_stop,platform,,,,yes,,,,682130.5608424859,1194642.3064274178
3167034798,106.6666217,10.8053581,Trạm Xe Bus Chùa Phổ Quang,bus_stop,platform,,,,yes,,,,682210.6155833905,1194954.8463441585
3167034799,106.6683418,10.8066009,Trạm Xe Bus Khách Sạn Tân Sơn Nhất,bus_stop,platform,,,,yes,,,,682397.9719913839,1195093.342742048
3167034800,106.6723439,10.8082122,Trạm Xe Bus Đại Học Mở,bus_stop,platform,,,,yes,,,,682834.6576271825,1195273.9667120383
3167034801,106.6740205,10.8081046,Trạm Xe Bus 155 Đào Duy Anh,bus_stop,platform,,,,yes,,,,683018.0716293165,1195263.0690552131
3167034802,106.6769422,10.8061628,Trạm Xe Bus Công An Phường 9,bus_stop,platform,,,,yes,,,,683338.7609652275,1195050.0324930819
3167034803,106.677848,10.8049455,Trạm Xe Bus 125 Hô Văn Huê,bus_stop,platform,,,,yes,,,,683438.5573059262,1194915.92660334
3167034804,106.6769046,10.8032488,Trạm Xe Bus Nhà Sách Kim Đồng,bus_stop,platform,,,,yes,,,,683336.4180669072,1194727.6824750768
3167034805,106.674937,10.7997672,Trạm Xe Bus Văn Phòng Chính Phủ,bus_stop,,,,,,,,,683123.3528860164,1194341.3912319143
3167038258,106.674961,10.8099049,Trạm Xe Bus THPT Phú Nhuận,bus_stop,,,,,,,,,683119.8303984518,1195462.7700472532
3167038259,106.6747849,10.8098725,Trạm Xe Bus THPT Phú Nhuận,bus_stop,platform,,,,yes,,,,683100.5922895779,1195459.0805642232
3167039162,106.6781465,10.8134723,Trạm Xe Bus Ngã 6 Nguyễn Thái Sơn,bus_stop,platform,,,,yes,,,,683466.0186765643,1195859.2850288632
3167039164,106.679677,10.815343,Trạm Xe Bus Bưu Điện Nguyễn Thái Sơn,bus_stop,platform,,,,yes,,,,683632.2493381553,1196067.130292851
3167044461,106.6831181,10.8197124,Trạm Xe Bus UBND Phường 3,bus_stop,platform,,,,yes,,,,684005.8865250938,1196552.5190413834
3167044462,106.6831457,10.8199071,Trạm Xe Bus UBND Phường 3,bus_stop,platform,,,,yes,,,,684008.7858916727,1196574.0722024844
3167044463,106.6862374,10.8237396,Trạm Xe Bus Chợ Gò Vấp,bus_stop,platform,,,,yes,,,,684344.5320031036,1196999.8670789097
3167044464,106.6860119,10.8235942,Trạm Xe Bus Chợ Gò Vấp,bus_stop,platform,,,,yes,,,,684319.961906878,1196983.6474888306
3167044465,106.6823383,10.8224903,Trạm Xe Bus Nhà Tang Lễ,bus_stop,,,,,,,,,683918.9180478088,1196859.3228357802
3167044466,106.6807847,10.825305,Trạm Xe Bus Big C,bus_stop,platform,,,,yes,,,,683747.3119493757,1197169.7308102432
3167044467,106.6797263,10.8256439,Trạm Xe Bus Nguyễn Kiệm - BigC,bus_stop,platform,,,,yes,,,,683631.3676803511,1197206.5801337757
3167044468,106.6788183,10.8218423,Trạm Xe Bus Bệnh Viện 175,bus_stop,platform,,,,yes,,,,683534.391000523,1196785.5246351557
3167044470,106.6786676,10.8151898,Trạm Xe Bus Ngã 6 Nguyễn Thái Sơn,bus_stop,platform,,,,yes,,,,683521.9593686314,1196049.5770868394
3167052561,106.6786928,10.8132365,Trạm Xe Bus Ngã 6 Nguyễn Thái Sơn,bus_stop,platform,,,,yes,,,,683525.9031941562,1195833.5307806109
3167052562,106.6784788,10.8101609,Trạm Xe Bus Công viên Gia Định,bus_stop,platform,,,,yes,,,,683504.3710510615,1195493.1991467257
3167052563,106.6784654,10.8080322,Trạm Xe Bus Co.op Mart Nguyễn Kiệm,bus_stop,platform,,,,yes,,,,683504.1996434989,1195257.728111097
3167052564,106.6786972,10.8050949,Trạm Xe Bus KTX Đại Học Kiến Trúc,bus_stop,platform,,,,yes,,,,683531.3341266416,1194932.962357659
3167052565,106.6791263,10.8023759,Trạm Xe Bus Nhà Sách Fahasa,bus_stop,platform,,,,yes,,,,683579.9126854995,1194632.4620736553
3167052566,106.67977,10.8004184,Trạm Xe Bus Ngã 4 Phú Nhuận,bus_stop,platform,,,,yes,,,,683651.4976739684,1194416.3229296575
3167052567,106.6806787,10.798295,Trạm Xe Bus Chùa Giác Tâm,bus_stop,platform,,,,yes,,,,683752.1650388164,1194181.9923413224
3168055831,106.6791032,10.8283127,,bus_stop,platform,,,,yes,,,,683561.6052043046,1197501.410652891
3168055832,106.6781347,10.8300557,Trạm Xe Bus Nguyễn Oanh - Phan Văn Trị,bus_stop,platform,,,,yes,,,,683454.6380040778,1197693.6271242443
3168055833,106.6768227,10.8320905,Trạm Xe Bus 215 Nguyễn Oanh,bus_stop,platform,,,,yes,,,,683309.932910907,1197917.9141503489
3168055834,106.6755352,10.8361804,Trạm Xe Bus Đại Học Trần Đại Nghĩa,bus_stop,platform,,,,yes,,,,683166.6586232503,1198369.538128961
3168055835,106.6756847,10.8390897,Trạm Xe Bus Nhà Hàng Thượng Uyển,bus_stop,platform,,,,yes,,,,683181.2359124862,1198691.4360386783
3168055838,106.6771211,10.8433745,Trạm Xe Bus Công Ty Sơn Pu,bus_stop,platform,,,,yes,,,,683335.6909812147,1199166.257856029
3168057762,106.6785299,10.8472836,Trạm Xe Bus Ô Tô Hoàng Lê,bus_stop,platform,,,,yes,,,,683487.351968647,1199599.5069508078
3168057763,106.6784424,10.8470861,Trạm Xe Bus Ô Tô Hoàng Lê,bus_stop,platform,,,,yes,,,,683477.9048769615,1199577.6079710058
3168057764,106.6787628,10.849672,Trạm Xe Bus Cầu An Lộc,bus_stop,platform,,,,yes,,,,683511.3607600438,1199863.8373660343
3168057765,106.6786479,10.8495688,Trạm Xe Bus Cầu An Lộc,bus_stop,platform,,,,yes,,,,683498.8602533635,1199852.3527152392
3168057766,106.6792828,10.85355,Trạm Xe Bus Công Ty Nhựa Bình Minh,bus_stop,platform,,,,yes,,,,683565.8513342156,1200293.1115348702
3168057767,106.6791596,10.8533654,Trạm Xe Bus Công Ty Nhựa Bình Minh,bus_stop,platform,,,,yes,,,,683552.4931969602,1200272.617857491
3168057768,106.6797797,10.8573271,Trạm Xe Bus Bưu Điện Ngã 4 Ga,bus_stop,platform,,,,yes,,,,683617.8755179738,1200711.2112183955
3168057769,106.6796594,10.857157,Trạm Xe Bus Bưu Điện Ngã 4 Ga,bus_stop,platform,,,,yes,,,,683604.8258461352,1200692.323137737
3168063562,106.6777654,10.7957941,Trạm Xe Bus Trần Huy Liệu - Nguyễn Đình Chinh,bus_stop,platform,,,,yes,,,,683435.0803767352,1193903.609372462
3168066486,106.6861963,10.7901337,Trạm Xe Bus Lý Chính Thắng - Huỳnh Tịnh Của,bus_stop,platform,,,,yes,,,,684360.5558655121,1193282.5623136554
3168095079,106.6996118,10.7771262,Trạm Xe Bus Phở 24,bus_stop,platform,,,,yes,,,,685835.7310937559,1191851.862733131
3168095080,106.6984538,10.7782023,Trạm Xe Bus Nhà Hàng Chiyoda Sushi,bus_stop,platform,,,,yes,,,,685708.4204772359,1191970.192380777
3168095081,106.6964348,10.7800676,Trạm Xe Bus Sở Ngoại Vụ TP.HCM,bus_stop,platform,,,,yes,,,,685486.4603012241,1192175.2974284326
3168095082,106.6945564,10.7817733,Trạm Xe Bus Trường Đại Học Kiến trúc TP.HCM,bus_stop,platform,,,,yes,,,,685279.97773277,1192362.834628371
3168095083,106.6927716,10.7834035,Trạm Xe Bus Học viện Âm nhạc và Nghệ thuật Soul,bus_stop,platform,,,,yes,,,,685083.7804791739,1192542.0780029534
3168120093,106.6909722,10.7832698,THPT Marie Curie,bus_stop,,,,,,,,,684887.0663557961,1192526.2013440158
3168120094,106.6931176,10.781312,Trạm Xe Bus TT TDTT Phan Đình Phùng,bus_stop,platform,,,,yes,,,,685122.9009815955,1192310.9378351062
3168120096,106.6983732,10.776443,TAND TPHCM,bus_stop,,,,,,,,,685700.6842662877,1191775.5396472074
3168120097,106.6993334,10.7751978,Thư Viện Tổng Hợp TPHCM,bus_stop,,,,,,,,,685806.4656877734,1191638.3849773025
3168246062,106.7628362,10.8431973,Trạm Xe Bus Chùa Một Cột,bus_stop,platform,,,,yes,,,,692708.5112160491,1199199.6037102286
3168246063,106.7602459,10.8475761,"Trạm Xe Bus Số 6,29,56",bus_stop,platform,,,,yes,,,,692422.4622645228,1199682.339844076
3168901215,106.6820441,10.7792426,Trạm Xe Bus Nguyễn Thông,bus_stop,platform,,,,yes,,,,683913.0718190118,1192075.3595860659
3168901216,106.6828243,10.7839931,Trạm Xe Bus Kỳ Đồng - Trần Quốc Thảo,bus_stop,platform,,,,yes,,,,683995.5131709607,1192601.2980693127
3168904961,106.6781545,10.7897098,Trạm Xe Bus Bệnh viện An Sinh,bus_stop,platform,,,,yes,,,,683481.3254867154,1193230.837826325
3168915061,106.6881194,10.8253424,Trạm Xe Bus TT Y Tế Dự Phòng Gò Vấp,bus_stop,platform,,,,yes,,,,684549.3522886506,1197178.2977684338
3168915062,106.6918042,10.824009,Trạm Xe Bus Bến Xe Phan Văn Trị,bus_stop,platform,,,,yes,,,,684953.1112670682,1197033.0374627325
3168924675,106.6775977,10.7986909,Trạm Xe Bus Nhà Thờ Phú Nhuận,bus_stop,platform,,,,yes,,,,683414.9822672767,1194223.933617955
3168933105,106.6789233,10.7807343,Ga Sài Gòn,bus_stop,platform,,,,yes,,,,683570.8504237474,1192238.4886903442
3168949055,106.704148,10.7637598,Trạm Xe Bus Cầu Calmette,bus_stop,platform,,,,yes,,,,686340.0768637543,1190376.0997501728
3168949056,106.7065063,10.7647945,Trạm Xe Bus Giao Lộ Nguyễn Tất Thành,bus_stop,platform,,,,yes,,,,686597.3797100065,1190491.9870248304
3168949057,106.7076747,10.7639777,Trạm Xe Bus Bưu Điện Quận 4,bus_stop,platform,,,,yes,,,,686725.676551277,1190402.3482482145
3168949058,106.7076423,10.7642207,Trạm Xe Bus Bưu Điện Quận 4,bus_stop,platform,,,,yes,,,,686721.9831252526,1190429.2079073442
3168949059,106.7093479,10.7618824,Trạm Xe Bus Đại Học Nguyễn Tất Thành,bus_stop,platform,,,,yes,,,,686909.9750782379,1190171.596426005
3168949060,106.7099554,10.7616119,Trạm Xe Bus Đại Học Nguyễn Tất Thành,bus_stop,platform,,,,yes,,,,686976.5879030128,1190142.0454337336
3168950761,106.7133365,10.7595655,Trạm Xe Bus Đại Học Văn Hóa Nghệ Thuật,bus_stop,platform,,,,yes,,,,687347.6646038535,1189917.7462622772
3168950762,106.7135762,10.7594891,Trạm Xe Bus Đại Học Văn Hóa Nghệ Thuật,bus_stop,platform,,,,yes,,,,687373.9295236731,1189909.441688847
3168950763,106.7241118,10.7516688,Trạm Xe Bus Ngã 3 KCX Tân Thuận,bus_stop,,,,,,,,,688531.1468349877,1189050.8501624686
3168950764,106.7240942,10.7512878,Trạm Xe Bus Ngã 3 KCX Tân Thuận,bus_stop,platform,,,,yes,,,,688529.4583859406,1189008.6948138129
3168954866,106.7218436,10.7482995,Trạm Xe Bus UBND Phường Tân Thuận Tây,bus_stop,platform,,,,yes,,,,688285.1395413997,1188676.7612728816
3168954867,106.7221642,10.7481839,Trạm Xe Bus UBND Phường Tân Thuận Tây,bus_stop,platform,,,,yes,,,,688320.2790303967,1188664.1707421388
3168954868,106.7215612,10.7434169,Trạm Xe Bus Giao Lộ Lý Phục Man,bus_stop,platform,,,,yes,,,,688257.2768394651,1188136.4972996498
3168954869,106.7218792,10.7432298,Trạm Xe Bus Giao Lộ Lý Phục Man,bus_stop,platform,,,,yes,,,,688292.1767669903,1188115.9960612003
3169680595,106.6624055,10.7792815,Trạm Xe Bus Đồng Nai - Tam Đảo,bus_stop,platform,,,,yes,,,,681765.2153228819,1192067.9350873425
3169680596,106.6653031,10.7836061,Trạm Xe Bus Công Viên Lê Thị Riêng,bus_stop,platform,,,,yes,,,,682079.5169860474,1192548.0121505011
3169680597,106.6621853,10.7813483,Trạm Xe Bus Trường Sơn,bus_stop,platform,,,,yes,,,,681739.8917487683,1192296.4182189077
3169684691,106.666407,10.8134125,Trạm Xe Bus Sân Bay Tân Sơn Nhất,bus_stop,platform,,,,yes,,,,682182.275431673,1195845.6386365292
3169684692,106.6706282,10.8143411,Trạm Xe Bus Nguyễn Thái Sơn - Hồng Hà,bus_stop,platform,,,,yes,,,,682643.3242204101,1195950.8767028488
3169684693,106.677989,10.8271141,Trạm Xe Bus Ngã 6 Gò Vấp,bus_stop,platform,,,,yes,,,,683440.4965299489,1197368.1584167008
3169694166,106.6706701,10.8299958,Trạm Xe Bus Nhà Thờ Xóm Thuốc,bus_stop,platform,,,,yes,,,,682638.4230779931,1197682.518007724
3169694167,106.6710945,10.8297035,Trạm Xe Bus Nhà Thờ Xóm Thuốc,bus_stop,platform,,,,yes,,,,682685.008227117,1197650.4401173836
3169694168,106.6629108,10.8353009,Trạm Xe Bus Chùa Huỳnh Kim,bus_stop,platform,,,,yes,,,,681786.747633216,1198264.69107052
3169694169,106.6631196,10.8351316,Trạm Xe Bus Chùa Huỳnh Kim,bus_stop,platform,,,,yes,,,,681809.681528098,1198246.0889237176
3169702456,106.6606508,10.8524769,Trạm Xe Bus Phạm Văn Chiêu - Lê Đức Thọ,bus_stop,platform,,,,yes,,,,681529.2605473055,1200163.2287700127
3169702457,106.6646592,10.8538712,Trạm Xe Bus Phạm Văn Chiêu - Thống Nhất,bus_stop,platform,,,,yes,,,,681966.6984972846,1200319.8518969237
3169702458,106.6652527,10.8518612,Trạm Xe Bus Nhà Thờ Hà Nội,bus_stop,platform,,,,yes,,,,682032.8091131665,1200097.8747588035
3169809340,106.7747087,10.8671944,Trạm Xe Bus Công Ty Việt Thắng,bus_stop,platform,,,,yes,,,,693991.2781820591,1201861.6822089227
3171491268,106.7008688,10.7612598,Trạm Xe Bus Cầu Ông Lãnh,bus_stop,platform,,,,yes,,,,685982.9473816586,1190097.5727621156
3171491269,106.7009487,10.7614109,Trạm Xe Bus Cầu Ông Lãnh,bus_stop,platform,,,,yes,,,,685991.5938446948,1190114.335053146
3171491270,106.6988767,10.7598511,Trạm Xe Bus - Khánh Hội,bus_stop,platform,,,,yes,,,,685765.9225627945,1189940.5430511464
3171491271,106.6986824,10.7593698,Trạm Xe Bus Khánh Hội - Hoàng Diệu,bus_stop,platform,,,,yes,,,,685744.9654974039,1189887.1867339585
3171491272,106.7006126,10.7568895,Trạm Xe Bus TT TDTT Quận 4,bus_stop,platform,,,,yes,,,,685957.604635878,1189613.9994384123
3171491273,106.7005952,10.7568317,Trạm Xe Bus TT TDTT Quận 4,bus_stop,platform,,,,yes,,,,685955.7368960723,1189607.5953826627
3171492371,106.7023641,10.7489773,Trạm Xe Bus Cầu Kênh Tẻ,bus_stop,platform,,,,yes,,,,686154.0325374871,1188739.8581636043
3171492372,106.7024049,10.7488363,Trạm Xe Bus Cầu Kênh Tẻ,bus_stop,platform,,,,yes,,,,686158.5817154855,1188724.2862713041
3171492373,106.7010258,10.7412405,Trạm Xe Bus Lotte Mart Nguyễn Hữu Thọ,bus_stop,platform,,,,yes,,,,686012.3871102629,1187883.246356311
3171492374,106.7011435,10.7413671,Trạm Xe Bus Lotte Mart Nguyễn Hữu Thọ,bus_stop,platform,,,,yes,,,,686025.1839958502,1187897.3213840793
3171493701,106.7206297,10.7539669,Trạm Xe Bus Cư Xá Ngân Hàng,bus_stop,,,,,,,,,688148.848094705,1189302.9188448794
3171493702,106.7032333,10.7517749,Trạm Xe Bus Cầu Kênh Tẻ,bus_stop,platform,,,,yes,,,,686247.3896054027,1189049.8402902957
3171493703,106.7050857,10.7513436,Trạm Xe Bus Lê Văn Lương - Nguyễn Thị Thập,bus_stop,platform,,,,yes,,,,686450.2692018856,1189003.2568223514
3171493704,106.7047525,10.7479458,Trạm Xe Bus Số 179 Lê Văn Lương,bus_stop,platform,,,,yes,,,,686415.9102852088,1188627.208410585
3171493705,106.7042941,10.7447038,Trạm Xe Bus Chung Cư Minh Thành,bus_stop,platform,,,,yes,,,,686367.7596609428,1188268.3180006223
3171496161,106.7036829,10.740621,Trạm Xe Bus Lê Văn Lương - Nguyễn Thị Thập,bus_stop,platform,,,,yes,,,,686303.4091825343,1187816.3306352913
3171496169,106.7300152,10.7405398,Trạm Xe Bus Nghĩa Trang Liệt Sĩ Nhà Bè,bus_stop,platform,,,,yes,,,,689183.7983720804,1187823.4382459268
3171496170,106.7299095,10.7406855,Trạm Xe Bus Nghĩa Trang Liệt Sĩ Nhà Bè,bus_stop,platform,,,,yes,,,,689172.1456667953,1187839.4898943151
3171496171,106.7294361,10.7444002,Trạm Xe Bus Nhà Thiếu Nhi Quận 7,bus_stop,platform,,,,yes,,,,689118.0502854949,1188250.1030588879
3171496172,106.7293873,10.7441532,Trạm Xe Bus Nhà Thiếu Nhi Quận 7,bus_stop,platform,,,,yes,,,,689112.866156846,1188222.7509027056
3171497143,106.7286293,10.7504339,Trạm Xe Bus Chợ Bùi Văn Ba,bus_stop,platform,,,,yes,,,,689026.0434740187,1188917.029015613
3171497144,106.728774,10.7496328,Trạm Xe Bus Chợ Bùi Văn Ba,bus_stop,platform,,,,yes,,,,689042.3698267677,1188828.5037758288
3171497823,106.726852,10.7547345,Cảng Tân Thuận 1,bus_stop,,,,,,,,,688828.9643329846,1189391.6492648097
3171497824,106.7265146,10.7547547,Cảng Tân Thuận 1,bus_stop,,,,,,,,,688792.0470614703,1189393.6761017016
3171497825,106.7238982,10.7553968,Trạm Xe Bus Chợ Tân Thuận Đông,bus_stop,platform,,,,yes,,,,688505.4673859925,1189463.0938923417
3171497826,106.7239606,10.755301,Trạm Xe Bus Chợ Tân Thuận Đông,bus_stop,platform,,,,yes,,,,688512.3521744789,1189452.5352528512
3171499318,106.7011031,10.7517551,UBND Phường Tân Hưng,bus_stop,,,,,,,,,686014.401670036,1189046.3583961972
3171499319,106.6970494,10.7517251,Tiểu học Trần Xuân Soạn,bus_stop,,,,,,,,,685571.0292373402,1189040.5863286473
3171499320,106.6928702,10.751421,Trạm Xe Bus Cầu Rạch Ông,bus_stop,platform,,,,yes,,,,685114.0976913174,1189004.425177673
3171506752,106.6837112,10.7600691,,bus_stop,,,,,,,,,684107.0493604897,1189955.5128871757
3171506754,106.6847143,10.7574881,,bus_stop,,,,,,,,,684218.3314337931,1189670.6216899087
3171509286,106.696257,10.7664542,Trạm Xe Bus BV Tai Mũi Họng,bus_stop,platform,,,,yes,,,,685475.350138878,1190669.3540178572
3171509287,106.6964259,10.7663744,,bus_stop,platform,,,,yes,,,,685493.8722144967,1190660.6292062895
3171528312,106.6808566,10.7478214,Trạm Xe Bus Cầu Mật,bus_stop,platform,,,,yes,,,,683802.2444108814,1188599.0426232931
3171528313,106.6835099,10.7492364,Trạm Xe Bus Công Viên Phường 2,bus_stop,platform,,,,yes,,,,684091.6038978826,1188757.1500211132
3171528314,106.6766608,10.7455097,Trạm Xe Bus Cao Lỗ,bus_stop,platform,,,,yes,,,,683344.7050701794,1188340.8301610765
3171528315,106.6724367,10.7438715,Trạm Xe Bus Chợ Phạm Thế Hiển,bus_stop,platform,,,,yes,,,,682883.6583960159,1188157.105886824
3171528316,106.6696347,10.7433421,Trạm Xe Bus Cầu Chánh Hưng,bus_stop,platform,,,,yes,,,,682577.4920233688,1188096.8807522077
3171528317,106.6669155,10.7428671,Trạm Xe Bus - Công An Quận 8,bus_stop,platform,,,,yes,,,,682280.3490647555,1188042.725020255
3171528318,106.6634718,10.742259,Trạm Xe Bus Cầu Hiệp Ân,bus_stop,platform,,,,yes,,,,681904.038849659,1187973.4205018568
3171978000,106.6663287,10.7400443,Trạm Xe Bus KDC Him Lam,bus_stop,,,,,,,,,682217.8573603551,1187730.1401388803
3172060263,106.6951804,10.8105294,Trạm Xe Bus Nơ Trang Long - Phan Văn Trị,bus_stop,platform,,,,yes,,,,685330.5900537156,1195544.048739479
3172060264,106.694583,10.8192796,Trạm Xe Bus Giao Lộ Phạm Văn Đồng,bus_stop,platform,,,,yes,,,,685259.8867057735,1196511.5843403577
3172180910,106.6897325,10.8283783,Trạm Xe Bus Dương Quảng Hàm - Nguyễn Thái Sơn,bus_stop,platform,,,,yes,,,,684723.887302109,1197515.0883666421
3172180911,106.6862344,10.8321471,Trạm Xe Bus Hồ Bơi Bến Cát,bus_stop,platform,,,,yes,,,,684339.0607219818,1197929.8528637027
3172180912,106.6834284,10.8363746,Trạm Xe Bus K22 Dương Quảng Hàm,bus_stop,platform,,,,yes,,,,684029.6429441811,1198395.7771292806
3174416228,106.676022,10.8385148,Trạm Xe Bus Nguyễn Văn Lượng - Nguyễn Oanh,bus_stop,platform,,,,yes,,,,683218.4683644247,1198628.0472193188
3174416230,106.6674028,10.8385928,Trạm Xe Bus Nguyễn Văn Lượng - Thống Nhất,bus_stop,platform,,,,yes,,,,682275.9425290076,1198631.5026688722
3174416232,106.6621938,10.8425941,Trạm Xe Bus Nhà Tang Lễ Gò Vấp,bus_stop,platform,,,,yes,,,,681703.9434757922,1199070.9849163676
3174416233,106.6608203,10.8447758,Trạm Xe Bus Chùa Pháp Bảo,bus_stop,,,,,,,,,681552.4425577552,1199311.4893903323
3175002779,106.6893038,10.7451613,Trạm Xe Bus Nhà Thuốc Trung Sơn,bus_stop,platform,,,,yes,,,,684727.8169146791,1188309.8681918036
3175002780,106.6892563,10.7458631,Trạm Xe Bus Nhà Thuốc Trung Sơn,bus_stop,platform,,,,yes,,,,684722.1944571048,1188387.468297872
3175002781,106.6885617,10.7484602,Trạm Xe Bus THCS Dương Bá Trạc,bus_stop,platform,,,,yes,,,,684644.6392937425,1188674.325301428
3175002782,106.6884948,10.7483299,Trạm Xe Bus THCS Dương Bá Trạc,bus_stop,platform,,,,yes,,,,684637.4010151194,1188659.8721128604
3175085973,106.6959018,10.7924087,Trạm Xe Bus Cầu Bông,bus_stop,platform,,,,yes,,,,685420.6026800817,1193540.0765786036
3175105773,106.6935541,10.8091328,Trạm Xe Bus Lê Quang Định,bus_stop,platform,,,,yes,,,,685153.5981731686,1195388.5780284477
3175105774,106.6914407,10.8109359,Trạm Xe Bus Lê Quang Định - Nguyễn Văn Đậu,bus_stop,platform,,,,yes,,,,684921.3759753989,1195586.7457798845
3175105775,106.689923,10.813092,Trạm Xe Bus Lê Quang Định,bus_stop,platform,,,,yes,,,,684754.0842690377,1195824.3220374966
3175105776,106.6892294,10.8151055,Trạm Xe Bus Lê Quang Định - Nguyễn Thượng Hiền,bus_stop,platform,,,,yes,,,,684677.0021687206,1196046.6238165249
3175105777,106.6895076,10.8185456,Trạm Xe Bus Giao Lộ Phạm Văn Đồng,bus_stop,platform,,,,yes,,,,684705.3185590315,1196427.3159148488
3175105778,106.6881454,10.8227586,Trạm Xe Bus Đại Học Công Nghiệp TP.HCM,bus_stop,platform,,,,yes,,,,684553.7772933431,1196892.5087351368
3175110461,106.6820773,10.8263405,Trạm Xe Bus Ngã 6 Gò Vấp,bus_stop,platform,,,,yes,,,,683888.0282122954,1197285.05071119
3175110462,106.6773404,10.8274043,Trạm Xe Bus Ngã 6 Gò Vấp,bus_stop,platform,,,,yes,,,,683369.3949782483,1197399.8682540366
3178456807,106.6848533,10.7842356,Trạm Xe Bus Giao Lộ Lý Chính Thắng,bus_stop,platform,,,,yes,,,,684217.2708256254,1192629.342458598
3178456808,106.6799454,10.7867428,Trạm Xe Bus Chợ Nguyễn Văn Trỗi,bus_stop,platform,,,,yes,,,,683678.9880801188,1192903.7225213328
3178456809,106.6794681,10.7869029,Trạm Xe Bus Chợ Nguyễn Văn Trỗi,bus_stop,platform,,,,yes,,,,683626.6906930123,1192921.1452400496
3178456810,106.6693028,10.7935398,Trạm Xe Bus Nhà Thờ Ba Chuông,bus_stop,platform,,,,yes,,,,682510.9544427334,1193649.189779056
3178456811,106.6656372,10.7962369,Trạm Xe Bus Đại học Tài Nguyên và Môi Trường,bus_stop,platform,,,,yes,,,,682108.4503846276,1193945.33794284
3178456812,106.6617632,10.7991354,Trạm Xe Bus Lê Văn Sỹ - Nguyễn Trọng Tuyển,bus_stop,platform,,,,yes,,,,681683.0420115404,1194263.6434070468
3178465561,106.6881451,10.7815324,Trạm Xe Bus Trần Quốc Thảo - Điện Biên Phủ,bus_stop,platform,,,,yes,,,,684578.9334369001,1192332.3144852407
3178465562,106.6902436,10.7795928,Trạm Xe Bus Trần Quốc Thảo - Nguyễn Đình Chiểu,bus_stop,platform,,,,yes,,,,684809.6263925331,1192119.0337891784
3178488394,106.7668351,10.7773189,Trạm Xe Bus Chợ Cây Xoài,bus_stop,platform,,,,yes,,,,693187.9513575103,1191914.780362994
3178488395,106.7690262,10.7843937,Trạm Xe Bus Bệnh Viện Quận 2,bus_stop,platform,,,,yes,,,,693423.0789732782,1192698.7655744185
3178488396,106.7713099,10.788501,Trạm Xe Bus Khu Cao Ốc Thịnh Vượng,bus_stop,platform,,,,yes,,,,693670.2207156965,1193154.5529769422
3178488397,106.7776291,10.7886424,Trạm Xe Bus Chung Cư Bình Trưng Đông,bus_stop,platform,,,,yes,,,,694361.2612720517,1193174.2023758462
3178488398,106.7816212,10.7913068,Trạm Xe Bus Đỗ Xuân Hợp - Nguyễn Duy Trinh,bus_stop,platform,,,,yes,,,,694796.1622177027,1193471.4750443695
3178488399,106.7783013,10.8040179,Trạm Xe Bus Giao Lộ D3,bus_stop,platform,,,,yes,,,,694424.8884009903,1194875.4500304833
3178488400,106.7746822,10.8154752,,bus_stop,,,,,,,,,694021.7222273503,1196140.5411503206
3178488401,106.771471,10.812678,,bus_stop,,,,,,,,,693672.3401837463,1195829.0788677898
3178489139,106.7720498,10.8213352,Trạm Xe Bus Cao Đẳng Nghề Kỹ Thuật Công Nghệ,bus_stop,platform,,,,yes,,,,693730.07808345,1196787.0940136656
3178489140,106.7688498,10.8266355,Trạm Xe Bus Trung Tâm Văn Hóa Quận 9,bus_stop,platform,,,,yes,,,,693376.732343966,1197371.374527749
3178489141,106.7672409,10.8335418,Trạm Xe Bus Ngã 4 Bình Thái,bus_stop,platform,,,,yes,,,,693196.3606319585,1198134.3187258441
3178503261,106.7503391,10.8562022,Trạm Xe Bus Giao Lộ Phạm Văn Đồng,bus_stop,platform,,,,yes,,,,691333.6878183286,1200630.2912758254
3178503262,106.7443078,10.8620201,Trạm Xe Bus Giao Xứ Châu Bình,bus_stop,,,,,,,,,690670.5090382865,1201270.0629949626
3178503263,106.7381134,10.8670022,Trạm Xe Bus Điện Lực Thủ Đức,bus_stop,platform,,,,yes,,,,689990.0515712436,1201817.288368699
3179242557,106.6908645,10.7918255,Trạm Xe Bus Giao Lộ Trần Khắc Chân,bus_stop,platform,,,,yes,,,,684870.0585650172,1193472.5167434898
3180486881,106.6884789,10.7698338,,bus_stop,platform,,,,yes,,,,684622.5723278559,1191038.4888768827
3180486883,106.7002422,10.7916533,Trạm Xe Bus Nguyễn Bỉnh Khiêm - Nguyễn Văn Thủ,bus_stop,platform,,,,yes,,,,685895.7529091696,1193459.1534194911
3180486884,106.7033984,10.7923606,Trạm Xe Bus Hoàng Sa,bus_stop,platform,,,,yes,,,,686240.4950655348,1193539.311471777
3181108998,106.6806581,10.8298529,Trạm Xe Bus Co.op Mart Phan Văn Trị,bus_stop,platform,,,,yes,,,,683730.6951887057,1197672.7147825744
3181108999,106.672964,10.8325139,Trạm Xe Bus Bưu Điện Phan Văn Trị,bus_stop,platform,,,,yes,,,,682887.7311807573,1197962.4291469539
3181109001,106.6646346,10.8358445,Thống Nhất - Phan Văn Trị,bus_stop,platform,,,,yes,,,,681974.911777203,1198325.8495135154
3181281947,106.6998546,10.7651414,Trạm Xe Bus Cầu Calmette,bus_stop,platform,,,,yes,,,,685869.638735872,1190526.3185713761
3181281948,106.7000456,10.7651075,Trạm Xe Bus Cầu Calmette,bus_stop,platform,,,,yes,,,,685890.5500518081,1190522.6845502174
3181281951,106.6956333,10.7608853,Trạm Xe Bus Chợ Nga,bus_stop,platform,,,,yes,,,,685410.5393372884,1190052.9776810356
3181281952,106.6958906,10.7610315,Trạm Xe Bus Chợ Nga,bus_stop,platform,,,,yes,,,,685438.5923327475,1190069.3050275792
3181281953,106.6926469,10.7587695,Trạm Xe Bus Giao Lộ Trần Đình Xu,bus_stop,platform,,,,yes,,,,685085.1908585824,1189817.1368739414
3181281954,106.6921356,10.7585628,Trạm Xe Bus Giao Lộ Trần Đình Xu,bus_stop,platform,,,,yes,,,,685029.3927971306,1189793.964524281
3181281955,106.6864458,10.753473,Trạm Xe Bus Cầu Nguyễn Văn Cừ,bus_stop,platform,,,,yes,,,,684410.1570940914,1189227.5373230132
3181281956,106.6872369,10.7541194,Cầu Nguyễn Văn Cừ,bus_stop,,,,,,,,,684496.2930515783,1189299.5134255758
3181281957,106.683401,10.7518841,Trạm Xe Bus Cầu Chữ Y,bus_stop,platform,,,,yes,,,,684078.0869276442,1189049.9558054497
3181281958,106.6842544,10.7515752,Trạm Xe Bus Cầu Chữ Y,bus_stop,platform,,,,yes,,,,684171.6179069674,1189016.299225963
3181281959,106.6789223,10.7522187,Trạm Xe Bus Bệnh viện Nhiệt Đới,bus_stop,platform,,,,yes,,,,683588.0120144746,1189084.284672569
3181281960,106.678571,10.7520972,Trạm Xe Bus Bệnh viện Nhiệt Đới,bus_stop,platform,,,,yes,,,,683549.6609861939,1189070.6350778274
3181284823,106.6761997,10.7508351,Trạm Xe Bus Chợ Hòa Bình,bus_stop,platform,,,,yes,,,,683291.0550293876,1188929.6133840596
3181284824,106.6766045,10.7513951,Trạm Xe Bus Chợ Hòa Bình,bus_stop,platform,,,,yes,,,,683334.9931846311,1188991.7984091495
3181284826,106.669629,10.7501653,Trạm Xe Bus Cầu Nguyễn Tri Phương,bus_stop,platform,,,,yes,,,,682572.7663168549,1188851.609519731
3181284827,106.6625973,10.7498367,Trạm Xe Bus Chợ Lớn,bus_stop,platform,,,,yes,,,,681803.848983839,1188811.0894133758
3181284828,106.6642449,10.7502961,Trạm Xe Bus Chợ Lớn,bus_stop,platform,,,,yes,,,,681983.784945371,1188862.8808843042
3182311219,106.6823679,10.8312359,Trạm Xe Bus Giao Lộ Nguyễn Huy Điển,bus_stop,platform,,,,yes,,,,683916.8176480755,1197826.725036561
3182311228,106.6819856,10.8338317,Trạm Xe Bus Giao Lộ Phạm Huy Thông,bus_stop,platform,,,,yes,,,,683873.4286756846,1198113.6257630547
3182311229,106.6806047,10.8375343,Trạm Xe Bus Giao Lộ Nguyễn Văn Lượng,bus_stop,platform,,,,yes,,,,683720.1701109641,1198522.3513227939
3182311230,106.6787172,10.8404239,Trạm Xe Bus Chợ An Nhơn,bus_stop,platform,,,,yes,,,,683512.0157264721,1198840.842746506
3184843004,106.7159284,10.8049592,Trạm Xe Bus Đại Học Giao Thông Vận Tải,bus_stop,,,,,,,,,687603.0185185036,1194940.5702703248
3185767532,106.7631304,10.8582877,Trạm Xe Bus Đại Học Ngân Hàng TP.HCM,bus_stop,platform,,,,yes,,,,692731.0087322687,1200869.0655452185
3185767533,106.7552689,10.8548322,Trạm Xe Bus Nghĩa Trang Liệt Sĩ TP.HCM,bus_stop,platform,,,,yes,,,,691873.6080101754,1200481.8515580455
3185767534,106.7573999,10.8577403,Trạm Xe Bus Đại Học Cảnh Sát Nhân Dân,bus_stop,platform,,,,yes,,,,692104.7631961559,1200804.8856058475
3185767535,106.7605687,10.8603155,Trạm Xe Bus Giao Lộ Hoàng Diệu 2,bus_stop,platform,,,,yes,,,,692449.6031424041,1201091.7542150887
3185767536,106.761007,10.8637727,Trạm Xe Bus Giao Lộ Linh Trung,bus_stop,platform,,,,yes,,,,692495.3125705926,1201474.4615034931
3185767537,106.762277,10.8669987,Trạm Xe Bus Chung Cư An Bình,bus_stop,platform,,,,yes,,,,692632.1072850437,1201832.1215082286
3185778720,106.6740502,10.7606274,Trạm Xe Bus Công viên Hòa Bình,bus_stop,platform,,,,yes,,,,683050.0384696054,1190011.4857914194
3185778722,106.6682449,10.757002,Trạm Xe Bus Công viên Văn Lang,bus_stop,platform,,,,yes,,,,682417.2663374618,1189607.0119732085
3185949681,106.7785948,10.8461049,Bệnh viện Quân Dân Miền Đông,bus_stop,,,,,,,,,694429.8353332471,1199531.2618311665
3185949682,106.7816683,10.8443132,Trạm Xe Bus Giao Lộ Đình Phong Phú,bus_stop,platform,,,,yes,,,,694767.0809849226,1199335.0306071884
3185949683,106.7869408,10.8450884,Trạm Xăng Dầu Tăng Nhơn Phú,bus_stop,,,,,,,,,695343.1274453717,1199424.1621426302
3185949684,106.7907274,10.8444905,TT TDTT Quận 9,bus_stop,,,,,,,,,695757.5824954435,1199360.4556971507
3185949685,106.7939526,10.8452777,Phân hiệu Trường Đại học Giao thông Vận tải Phân hiệu tại TPHCM,bus_stop,,,,,,,,,696109.7473737728,1199449.612213906
3185949686,106.800069,10.846825,Trạm Xe Bus - Khu Công Nghệ Cao,bus_stop,platform,,,,yes,,,,696777.5679392254,1199624.723511479
3186096227,106.6691474,10.7475559,Trạm Xe Bus Giao lộ Hưng Phú,bus_stop,platform,,,,yes,,,,682521.6584039483,1188562.6905668774
3186096228,106.6690195,10.7470892,Giao lộ Hưng Phú,bus_stop,,,,,,,,,682507.9493033297,1188510.99164256
3186257042,106.6778447,10.7570602,Chung Cư Phan Văn Trị,bus_stop,,,,,,,,,683467.2189952619,1189619.1737850537
3186257043,106.6813263,10.7584956,Đại học Sài Gòn,bus_stop,,,,,,,,,683847.1537164093,1189780.0322886491
3186264463,106.6828098,10.7583515,Nguyễn Biểu - Nguyễn Trãi,bus_stop,,,,,,,,,684009.5003476556,1189764.9823660124
3187126781,106.7372323,10.7861002,Trạm Xe Bus Bến Chợ Bình Khánh,bus_stop,platform,,,,yes,,,,689944.6961744316,1192867.6177424341
3187126782,106.7379976,10.7894316,Trạm Xe Bus Chùa Huệ Nghiêm,bus_stop,platform,,,,yes,,,,690026.3033149185,1193236.6010092665
3187126783,106.7424367,10.7903651,Trạm Xe Bus Công Viên An Phú,bus_stop,platform,,,,yes,,,,690511.2101426687,1193342.6230908246
3187126784,106.7484963,10.7917093,Trạm Xe Bus UBND Quận 2,bus_stop,,,,,,,,,691173.0855163101,1193495.0956680612
3187126785,106.7310584,10.7958112,Trạm Xe Bus Cư Xá Điện Lực,bus_stop,platform,,,,yes,,,,689263.3863070187,1193937.9860551213
3187126786,106.7311092,10.795179,Trạm Xe Bus Cư Xá Điện Lực,bus_stop,platform,,,,yes,,,,689269.3379263855,1193868.0859100595
3187128368,106.7304854,10.7923392,Trạm Xe Bus KTX Đại học GTVT,bus_stop,platform,,,,yes,,,,689202.8931831598,1193553.571884171
3187128369,106.7305744,10.7919062,Trạm Xe Bus KTX Đại học GTVT,bus_stop,platform,,,,yes,,,,689212.8977535,1193505.7301345686
3187170572,106.7553375,10.7881182,Trạm Xe Bus Cầu Giồng Ông Tố,bus_stop,platform,,,,yes,,,,691923.5707362455,1193102.1419422152
3187170573,106.7566461,10.7858533,Trạm Xe Bus Siêu Thị Bình Trưng,bus_stop,platform,,,,yes,,,,692068.1293536625,1192852.4254160337
3187184299,106.7607861,10.7879345,Trạm Xe Bus Nhà Thiếu Nhi Quận 2,bus_stop,,,,,,,,,692519.5973207908,1193085.2450583496
3187184300,106.7659387,10.7879715,Căn hộ Homyland 2,bus_stop,,,,,,,,,693083.1118859907,1193092.5852754703
3187226244,106.7900589,10.7908754,Vòng xoay Nguyễn Duy Trinh,bus_stop,,,,,,,,,695719.2701539001,1193429.1410162726
3187226245,106.7991358,10.7913901,Trạm Xe Bus - UBND Phường Phú Hữu,bus_stop,platform,,,,yes,,,,696711.6789733472,1193491.9007147374
3187226246,106.810375,10.8004933,Trạm Xe Bus Chùa Bửu Thạnh,bus_stop,platform,,,,yes,,,,697934.9564958471,1194506.1550206353
3187226247,106.8197922,10.8059287,Trạm Xe Bus Chợ Long Trường,bus_stop,,,,,,,,,698961.3162022785,1195113.5420573093
3202579814,106.6632136,10.7981159,,bus_stop,,,,,,,,,681842.2715840556,1194151.7364012706
3230436383,106.7599817,10.8479714,"Trạm Xe Bus Số 6,29,56",bus_stop,platform,,,,yes,,,,692393.3196933898,1199725.9001362142
3230436392,106.7624474,10.8439675,"Trạm Xe Bus Số 6,29,56",bus_stop,platform,,,,yes,,,,692665.5029062226,1199284.5557896632
3230436394,106.7641315,10.8416544,,bus_stop,,,,,,,,,692851.1406137233,1199029.7509945754
3230448898,106.7690587,10.8405988,,bus_stop,,,,,,,,,693390.6100233947,1198916.1076957125
3230448899,106.7701734,10.8425654,,bus_stop,,,,,,,,,693511.238876458,1199134.358745123
3237601001,106.7205664,10.8170863,,bus_stop,,,,,,,,,688102.6768719105,1196284.8713213487
3237601002,106.7139288,10.8110382,,bus_stop,,,,,,,,,687380.5674434648,1195611.7739036998
3250474561,106.6846598,10.7762428,,bus_stop,,,,,,,,,684200.972034476,1191745.1131926633
3283703572,106.7311545,10.7963751,,bus_stop,,,,,,,,,689273.5431552908,1194000.4220617933
3316038909,106.742519,10.8715947,,bus_stop,,,,,,,,,690468.8441954266,1202328.0579257298
3316038910,106.7445636,10.8676632,,bus_stop,,,,,,,,,690694.8949063905,1201894.4488060926
3316038911,106.7454461,10.8636141,,bus_stop,,,,,,,,,690793.9601309262,1201447.1017589006
3316038919,106.7519114,10.8528958,,bus_stop,platform,,,,yes,,,,691507.7163895302,1200265.5346066826
3316038920,106.7539066,10.8512372,,bus_stop,,,,,,,,,691726.940297988,1200083.320944698
3316038921,106.7666912,10.8504523,,bus_stop,,,,,,,,,693125.3959961274,1200004.5846347746
3334248657,106.7027665,10.7856638,Trạm Xe Bus Đại Học Khoa Học Xã Hội Nhân Văn,bus_stop,platform,,,,yes,,,,686175.5096713623,1192798.1623427868
3334248658,106.7024048,10.7857132,Trạm Xe Bus Đại Học Khoa Học Xã Hội Nhân Văn,bus_stop,platform,,,,yes,,,,686135.921158805,1192803.4066623133
3334343861,106.6903384,10.7685463,Trạm Xe Bus Tôn Thất Tùng,bus_stop,platform,,,,yes,,,,684826.7353058133,1190897.19440999
3335337340,106.7058354,10.776917,Trạm Xe Bus Công Trường Mê Linh,bus_stop,platform,,,,yes,,,,686516.5369967348,1191832.505760309
3339195229,106.6704202,10.7693939,Trạm Xe Bus Bệnh Viện Nhi Đồng,bus_stop,platform,,,,yes,,,,682647.7265011647,1190979.0087673904
3339195232,106.7056997,10.7760722,Trạm Xe Bus Công Trường Mê Linh,bus_stop,platform,,,,yes,,,,686502.2157319994,1191738.9757718889
3339195236,106.6645805,10.7662392,Trạm Xe Bus Nhà Thờ Tin lành - Nguyễn Tri Phương,bus_stop,platform,,,,yes,,,,682010.9258035192,1190626.5851580238
3339195237,106.6722768,10.7703472,Trạm Xe Bus Nhà Thờ Vinh Sơn,bus_stop,,,,,,,,,682850.2102616335,1191085.5632072866
3339195238,106.6798637,10.7718459,Trạm Xe Bus Rạp Đại Đồng,bus_stop,platform,,,,yes,,,,683679.0911633992,1191255.8768488863
3372672461,106.6659838,10.800204,Trạm Xe Bus Bảo tàng Miền Đông,bus_stop,platform,,,,yes,,,,682143.9639127945,1194384.3563995252
3537461545,106.7620133,10.8443255,"Trạm Xe Bus Số 6,29,56",bus_stop,platform,,,,yes,,,,692617.8051873235,1199323.8823701283
4269790394,106.780339,10.8451043,Trạm Xe Bus Thành Nghĩa,bus_stop,platform,,,,yes,,,,694621.2100034874,1199421.6911594374
4375190489,106.6689107,10.7951422,,bus_stop,,,,,,,,,682467.106173529,1193826.2019038638
4447328622,106.6764724,10.8415962,Trạm Xe Bus Nguyễn Oanh - Lê Đức Thọ,bus_stop,platform,,,,yes,,,,683265.8419281556,1198969.1630112643
4555507095,106.6854988,10.7791928,,bus_stop,,,,,,,,,684290.9376289311,1192071.928286642
4576829495,106.6729505,10.7599903,Công Ty TNHH Vận Tải Thảo Châu,,station,bus_station,,,yes,,,,682930.1433589872,1189940.3581978746
4605240494,106.7442069,10.9096604,Nhà d Hằng,bus_stop,,,,,,,,,690629.1700851142,1206539.8533984965
4616360490,106.6908667,10.7676758,Trạm Xe Bus Trạm Y Tế Phường Phạm Ngũ Lão,bus_stop,platform,,,,yes,,,,684885.0480071249,1190801.2236551966
4618427503,106.6680244,10.7505305,Trạm Xe Bus Cầu Nguyễn Tri Phương,bus_stop,platform,,,,yes,,,,682397.0385342648,1188891.0514425328
4621858713,106.6726012,10.7551404,Trạm Xe Bus Bệnh viện An Bình,bus_stop,platform,,,,yes,,,,682894.86265407,1189403.688560222
4621858714,106.67572,10.7561118,Trạm Xe Bus Bệnh viện Nguyễn Trãi,bus_stop,platform,,,,yes,,,,683235.4002057764,1189512.9986454227
4621858715,106.673296,10.7564293,Trạm Xe Bus Tiểu học Trần Quốc Toản,bus_stop,platform,,,,yes,,,,682970.0803109085,1189546.671715259
4621858723,106.6752447,10.757838,Trạm Xe Bus 526 An Dương Vương,bus_stop,platform,,,,yes,,,,683182.3712746191,1189703.655007613
4621858724,106.6750476,10.7582657,Trạm Xe Bus Bệnh viện Nguyễn Trãi,bus_stop,platform,,,,yes,,,,683160.5550550636,1189750.8465044124
4621858725,106.6708974,10.7570052,Trạm Xe Bus 66 An Dương Vương,bus_stop,platform,,,,yes,,,,682707.3838051488,1189608.944266929
4621858726,106.670508,10.7567411,Trạm Xe Bus 121 An Dương Vương,bus_stop,platform,,,,yes,,,,682664.9518471009,1189579.4995751576
4623078285,106.6677117,10.7655253,Trạm Xe Bus Nguyễn Tri Phương - Bà Hạt,bus_stop,platform,,,,yes,,,,682353.8218785134,1190549.4796488085
4623078286,106.6675769,10.76537,Trạm Xe Bus Nguyễn Tri Phương - Bà Hạt,bus_stop,platform,,,,yes,,,,682339.1718594799,1190532.2213253186
4623079391,106.6673755,10.767061,Trạm Xe Bus Nguyễn Tri Phương - 3/2,bus_stop,platform,,,,yes,,,,682316.127092299,1190719.1475321318
4646788531,106.6807203,10.7770302,Trạm Xe Bus Maximart 3/2,bus_stop,platform,,,,yes,,,,683769.6327634966,1191829.8435843126
4672026875,106.6764167,10.8117339,Trạm Xe Bus Công Viên Gia Định,bus_stop,platform,,,,yes,,,,683277.910785208,1195665.9554261428
4707949594,106.6628555,10.8138424,,bus_stop,,,,,,,,,681793.6415738103,1195891.0735124135
4765785888,106.8143681,10.878035,Trạm Xe Bus Số 50,bus_stop,platform,,,,yes,,,,698320.5748217274,1203086.4998696228
4765823672,106.8048869,10.8756698,Đối diện KTX Khu A,bus_stop,platform,,,,yes,,,,697285.4609822102,1202818.678174469
4765854022,106.8003164,10.8830185,Ngã Tư Quốc Phòng,,,bus_station,,,,,,,696780.9000316246,1203628.6286694172
4766201337,106.8029676,10.8769633,Cổng phụ Đại học Quốc Tế,bus_stop,platform,,,,yes,,,,697074.7547595522,1202960.5190967033
4778623924,106.7463565,10.7618335,Trạm Xe Bus Công Ty Seiwa Electric,bus_stop,platform,,,,yes,,,,690957.9015131752,1190188.9883924369
4778623925,106.7454257,10.7624876,Trạm Xe Bus Công Ty Nidec,bus_stop,platform,,,,yes,,,,690855.6806066306,1190260.7633943164
4778669221,106.7442058,10.7635398,trạm xe bus Công Ty Chubu-Rika,bus_stop,platform,,,,yes,,,,690721.5886650698,1190376.3953363579
4778669523,106.7456706,10.7677446,Trạm Xe Bus Công Ty FPT,bus_stop,platform,,,,yes,,,,690879.1569055849,1190842.4286485608
4778686221,106.7399675,10.7703275,Trạm Xe Bus Công Ty Kim May Organ,bus_stop,platform,,,,yes,,,,690253.7537548584,1191124.5941616723
4780316225,106.7340774,10.7551642,Trạm Xe Bus Công Ty Kim May Organ,bus_stop,,,,,,,,,689619.0091988952,1189443.636540339
4809145168,106.8016319,10.8775678,"Trạm 30,52",bus_stop,platform,,,,yes,,,,696928.3131006625,1203026.5221364612
4838067240,106.7957483,10.8807691,"33,99,53",bus_stop,,,,,,,,,696282.9103533769,1203376.8388266333
4838067292,106.8023132,10.873447,Trạm Xe Bus Đại Học Khoa Học Xã Hội & Nhân Văn,bus_stop,platform,,,,yes,,,,697005.5122938177,1202571.1184591616
4854543888,106.74921,10.8591662,,bus_stop,,,,,,,,,691208.3412224506,1200957.4516344552
4855836437,106.7047024,10.7744984,Trạm Xe Bus Cityview Shuttle,bus_stop,platform,,,,yes,,,,686394.1088530966,1191564.2832350517
4871907822,106.6902954,10.7731636,Tao Đàn (dự kiến),,station,,proposed,,,,,,684819.2156284626,1191407.9059978265
4875108321,106.6640727,10.8039044,Trạm Xe Bus Trần Quốc Hoàn,bus_stop,platform,,,,yes,,,,681932.7374514402,1194792.5292465764
4877811751,106.6764919,10.780477,Trạm Xe Bus Hoà Hưng,bus_stop,platform,,,,yes,,,,683305.0896556075,1192208.571022381
4877811752,106.6765503,10.7805958,Trạm Xe Bus Hoà Hưng,bus_stop,platform,,,,yes,,,,683311.4047858261,1192221.7468408677
4884593221,106.6881941,10.7596994,Trạm Xe Bus Tổng Công ty Samco,bus_stop,platform,,,,yes,,,,684597.5941779994,1189917.3134270813
4950336628,106.7145147,10.8249351,Bến xe Hoàng Long,bus_stop,,,,,,,,,687436.0044232183,1197149.3461049183
4985967121,106.7988673,10.8276735,,bus_stop,,,,,,,,,696658.6718553526,1197505.4020020466
4989081989,106.6958978,10.802754,Trạm Xe Bus Bệnh viện Nhân Dân Gia Định,bus_stop,platform,,,,yes,,,,685413.8178924063,1194684.412935373
4989081996,106.6970449,10.8024956,Trạm Xe Bus Chợ Bà Chiểu,bus_stop,platform,,,,yes,,,,685539.424268521,1194656.526547639
5057883525,106.7123942,10.9023801,khu vực suon khách cau ong bo,bus_stop,,,,,,,,,687155.8509112084,1205714.6748120263
5058371621,106.7057145,10.8934387,nguyen kim,bus_stop,,,,,,,,,686431.1605801134,1204721.4958396058
5058371622,106.6999208,10.8769994,cong ty le anh,bus_stop,,,,,,,,,685807.9381709737,1202899.5015123906
5059861921,106.6684833,10.8613223,Trạm Xe Bus Bến Xe Miền Nam,bus_stop,platform,,,,yes,,,,682380.3054109905,1201146.3335303718
5108995121,106.7064659,10.89476,CX số 41,bus_stop,,,,,,,,,686512.4868413913,1204868.1146008247
5108995122,106.7117289,10.9018609,CX thiện tạo,bus_stop,,,,,,,,,687083.4414329699,1205656.8318492577
5109064067,106.7071596,10.7734406,Bến Tàu Cánh Ngầm Sài Gòn,,station,ferry_terminal,,ferry,,,,,686663.5082372491,1191448.7712076872
5129370922,106.7206174,10.8681798,Trạm Xăng Dầu Số 47,bus_stop,platform,,,,yes,,,,688076.3169906365,1201936.6608245436
5129660921,106.6999269,10.8868037,thu phí lái thiêu,bus_stop,,,,,,,,,685802.5288430044,1203984.0091736743
5137481121,106.6735169,10.7749705,Trạm Xe Bus Hưng Phú Thịnh,bus_stop,platform,,,,yes,,,,682983.0487320649,1191597.7005963882
5151366704,106.6722917,10.8385513,Trạm Xe Bus Hẻm 270 Nguyễn Văn Lượng,bus_stop,platform,,,,yes,,,,682810.5507977565,1198629.8427802653
5163180521,106.7017308,10.8745568,otogia dinh,bus_stop,,,,,,,,,686007.3471525422,1202630.4217126914
5192476721,106.7003573,10.7771741,,bus_stop,,,,,,,,,685917.2371375522,1191857.6136626515
5196280423,106.6921387,10.8235176,,bus_stop,platform,,,,yes,,,,684989.9913100238,1196978.884489286
5199014721,106.7019012,10.795133,,bus_stop,,,,,,,,,686075.047673847,1193845.0681498186
5199015021,106.6964788,10.8017482,,bus_stop,,,,,,,,,685477.9740298032,1194573.5096040217
5333120118,106.7311806,10.8268739,Bến Hiệp Bình Chánh,,station,ferry_terminal,,ferry,,,,,689257.2706828807,1197374.1045463288
5333120722,106.7166218,10.8196165,Bến Thanh Đa,,station,ferry_terminal,,ferry,,,,,687669.7341444753,1196562.3219005263
5333120735,106.7284109,10.79736,Bến Bình An,,station,ferry_terminal,,ferry,,,,,688972.8740787248,1194107.6704753703
5411634222,106.6645469,10.8081878,,bus_stop,,,,,,,,,681982.0138792897,1195266.6103764866
5416310315,106.7066444,10.774068,Trạm Xe Bus Bến Bạch Đằng,bus_stop,platform,,,,yes,,,,686606.7733173316,1191517.8570414654
5417843026,106.6905879,10.7624011,Trạm Xe Bus Cửa hàng Quần áo Thuý Kim,bus_stop,platform,,,,yes,,,,684857.771306254,1190217.6005210264
5423964121,106.6947234,10.7674324,Trạm Xe Bus Ký Túc Xá Trần Hưng Đạo,bus_stop,platform,,,,yes,,,,685307.0164367692,1190776.6292230976
5423964221,106.6930532,10.7652233,Trạm Xe Bus Rạp Phim Trần Hưng Đạo,bus_stop,platform,,,,yes,,,,685125.6903186935,1190531.2625602356
5423964222,106.6933395,10.7658046,Trạm Xe Bus Rạp Phim Trần Hưng Đạo,bus_stop,platform,,,,yes,,,,685156.6490540949,1190595.7353880557
5436849621,106.7128429,10.7517754,Trạm Xe Bus Miếu Bà Cô,bus_stop,platform,,,,yes,,,,687298.4849070966,1189055.7428781572
5436849622,106.7125737,10.7519149,Trạm Xe Bus Miếu Bà Cô,bus_stop,,,,,,,,,687268.9537417085,1189071.0094134547
5449587521,106.6646365,10.8065882,Trạm Xe Bus Công Ty CP Phục Vụ Mặt Đất Sài Gòn,bus_stop,platform,,,,yes,,,,681992.7764505873,1195089.7275846405
5472247721,106.6628514,10.8137268,,bus_stop,platform,,,,yes,,,,681793.2628639304,1195878.2842400158
5581495546,106.7886091,10.7570849,Phà Cát Lái,,station,ferry_terminal,,ferry,,,,,695582.5253811759,1189690.3318373717
5581495554,106.7899253,10.7521328,,,station,ferry_terminal,,,,,,,695729.6887599559,1189143.373634155
5581495555,106.790776,10.7523681,,,station,ferry_terminal,,,,,,,695822.5899998974,1189169.944991362
5598917849,106.6712031,10.7689405,,bus_stop,,,,,,,,,682733.6267999024,1190929.32360521
5604189222,106.6899025,10.7637635,,bus_stop,,,,,,,,,684781.9753979242,1190367.8876965498
5733109176,106.7892966,10.7574692,Phà Cát Lái,,station,ferry_terminal,,ferry,,,,,695657.4778020341,1189733.281197869
5772606966,106.6636414,10.7763437,Trạm Xe Bus Thành Thái - Tô Hiến Thành,bus_stop,platform,,,,yes,,,,681902.1474921035,1191743.7115712292
5778688812,106.6616451,10.7641668,Trạm Xe Bus Nguyễn Kim - Đường 3 Tháng 2,bus_stop,platform,,,,yes,,,,681691.1168669217,1190395.6108209682
5884373574,106.7072614,10.7752307,Bến Bạch Đằng,,station,ferry_terminal,,,,,,,686673.5389673334,1191646.8448352017
5884376246,106.7441637,10.8335854,Cảng Bình Qưới,,station,ferry_terminal,,,,,,,690672.7786948468,1198124.602574108
5933108285,106.7049771,10.89283,Cau tan phu,bus_stop,,,,,,,,,686350.9207484007,1204653.7105941952
5933108286,106.7166109,10.8681683,Trạm Xe Bus Cầu Vĩnh Bình,bus_stop,platform,,,,yes,,,,687638.2611267243,1201932.910453079
5937692685,106.7126211,10.8697658,Cong chao binh duong,bus_stop,,,,,,,,,687201.0285664978,1202107.156873716
6004898390,106.7151423,10.8687235,cầu Vĩnh bình,bus_stop,,,,,,,,,687477.3406708315,1201993.4174020763
6004906985,106.7050083,10.8927865,cầu tân phú,bus_stop,,,,,,,,,686354.3588601829,1204648.9180084665
6047997501,106.6996581,10.7691968,Trạm Xe Bus Bảo Tàng Mỹ Thuật,bus_stop,platform,,,,yes,,,,685845.6598913969,1190974.78495204
6047997502,106.7049277,10.7706283,Trạm Xe Bus Tòa Nhà Bitexco,bus_stop,platform,,,,yes,,,,686421.1319033408,1191136.330446023
6048860174,106.7007996,10.7804668,Trạm Xe Bus Bưu Điện Thành Phố,bus_stop,,,,,yes,,,,685963.5889724276,1192222.1026009528
6127704986,106.693485,10.771068,Bus 152 from Airport,bus_stop,platform,,,,yes,,,,685169.3468207284,1191178.0292402925
6128564185,106.7006868,10.7751436,Trạm Xe Bus Khách Sạn Rex,bus_stop,platform,,,,yes,,,,685954.5214889678,1191633.211018762
6128564186,106.6791929,10.793561,Trạm Xe Bus Trung tâm Kiểm dịch Y Tế Quốc Tế,bus_stop,platform,,,,yes,,,,683592.5512558979,1193657.4553493683
6284328886,106.6647358,10.8106417,Trạm Xe Bus Số 152,bus_stop,platform,,,,yes,,,,682001.1919457025,1195538.1556787528
6315351594,106.6988816,10.7755743,Trạm Xe Bus Số 44,bus_stop,platform,,,,yes,,,,685756.8210178681,1191679.7572504538
6315351599,106.6957937,10.7683789,Trạm Xe Bus Trường Tiểu Học Nguyễn Thái Học,bus_stop,platform,,,,yes,,,,685423.4996936097,1190881.9728076316
6315388837,106.6941385,10.7923723,Trạm Xe Bus Số 31,bus_stop,platform,,,,yes,,,,685227.7827898134,1193534.9816381927
6315388840,106.7010375,10.8189883,"Trạm Xe Bus Số 31,40,64",bus_stop,platform,,,,yes,,,,685965.8967093132,1196483.2895006281
6315388869,106.6874124,10.7645983,Trạm Xe Bus Số 104,bus_stop,platform,,,,yes,,,,684509.1141622588,1190458.7284496624
6315390589,106.6970527,10.8133085,Trạm Xe Bus Số 31,bus_stop,platform,,,,yes,,,,685533.6322597706,1195852.594738273
6315671616,106.6877808,10.7594652,Trạm Xe Bus Tổng Công ty Samco,bus_stop,platform,,,,yes,,,,684552.5316565656,1189891.1589980682
6315672385,106.6936293,10.7687884,Trạm Xe Bus Khách Sạn Liberty,bus_stop,platform,,,,yes,,,,685186.522433423,1190925.960629582
6315672406,106.6629876,10.7552911,Trạm Xe Bus Hồng Bàng,bus_stop,platform,,,,yes,,,,681843.2712705344,1189414.6444410724
6315672801,106.6860184,10.7574579,Trạm Xe Bus Chợ Nancy,bus_stop,platform,,,,yes,,,,684360.9876596031,1189668.0645315507
6315672832,106.702891,10.7707825,Trạm Xe Bus Toà Nhà Fideco,bus_stop,platform,,,,yes,,,,686198.2777218206,1191152.148848868
6315672852,106.6951797,10.7686001,"Trạm Xe Bus Số 46,69,149",bus_stop,platform,,,,yes,,,,685356.2093220162,1190906.0692496917
6315672868,106.666044,10.7703337,Trạm Xe Bus Số 69,bus_stop,platform,,,,yes,,,,682168.5308639474,1191080.3577286748
6315672917,106.6640616,10.7754753,Trạm Xe Bus Số 69,bus_stop,platform,,,,yes,,,,681948.625906846,1191647.9052486233
6315672921,106.6648628,10.7730841,Trạm Xe Bus Số 69,bus_stop,platform,,,,yes,,,,682037.6894197445,1191383.8845381716
6315679795,106.6911325,10.7849444,Trạm Xe Bus Tân Hoàng Minh Group,bus_stop,platform,,,,yes,,,,684903.5746697405,1192711.5324230387
6315680993,106.6874087,10.7821608,Trạm Xe Bus Số 28,bus_stop,platform,,,,yes,,,,684498.0118314516,1192401.380271094
6315683486,106.6639752,10.775361,"Trạm Xe Bus Số 38,59,69,119",bus_stop,platform,,,,yes,,,,681939.2451033789,1191635.210912997
6315683491,106.6777671,10.7665745,Trạm Xe Bus Số 69,bus_stop,platform,,,,yes,,,,683452.9753357728,1190671.5342313198
6315685296,106.6839225,10.760203,Trạm Xe Bus Số 45,bus_stop,platform,,,,yes,,,,684130.0791040964,1189970.4508722648
6315685988,106.6861243,10.7832483,Trạm Xe Bus Số 28,bus_stop,platform,,,,yes,,,,684356.8775544909,1192520.8988530333
6315687788,106.6882859,10.7632242,Trạm Xe Bus Số 45,bus_stop,platform,,,,yes,,,,684605.4890903599,1190307.25992673
6315690598,106.6926157,10.7874018,Trạm Xe Bus Số 31,bus_stop,platform,,,,yes,,,,685064.284424318,1192984.252124463
6389069182,106.6943633,10.7551382,Trạm Xe Bus Trung tâm GDTX Quận 4,bus_stop,platform,,,,yes,,,,685275.1422712299,1189416.5003334326
6389069193,106.6941561,10.7553477,Trạm Xe Bus Trung tâm GDTX Quận 4,bus_stop,platform,,,,yes,,,,685252.3512827987,1189439.5488690701
6393868956,106.6960779,10.7600434,Trạm Xe Bus Trung tâm Văn hóa Quận 4,bus_stop,platform,,,,yes,,,,685459.6826671109,1189960.1204589538
6393868957,106.6959565,10.7598016,Trạm Xe Bus Trung tâm Văn hóa Quận 4,bus_stop,platform,,,,yes,,,,685446.5522549406,1189933.3005611266
6503340654,106.7828436,10.7632586,Trạm Xe Bus Trường Hải Quân,bus_stop,platform,,,,yes,,,,694947.9143718258,1190369.589960316
6503340655,106.7803236,10.7654501,Trạm Xe Bus Sân Bóng Đá Mini,bus_stop,platform,,,,yes,,,,694670.8704326663,1190610.409885436
6503352762,106.7780862,10.7673669,Trạm Xe Bus KDC Phố Đông,bus_stop,platform,,,,yes,,,,694424.9169608648,1190821.0237972052
6503356088,106.7692923,10.7742431,Trạm Xe Bus - UBND Phường Cát Lái,bus_stop,platform,,,,yes,,,,693458.669609416,1191576.0920860132
6503360384,106.7666383,10.7759921,Trạm Xe Bus Chợ Cây Xoài,bus_stop,platform,,,,yes,,,,693167.2730498774,1191767.8881256562
6503368260,106.7644917,10.7775888,Trạm Xe Bus Đường Số 10,bus_stop,platform,,,,yes,,,,692931.4731769481,1191943.1587197992
6512288953,106.6983548,10.7672847,Trạm Xe Bus Ký Con,bus_stop,platform,,,,yes,,,,685704.2858014347,1190762.4892847943
6543789616,106.8050696,10.8757817,KTX Khu A / Bách Khoa (Dĩ An),bus_stop,platform,,,,yes,,,,697305.3638124287,1202831.175430906
6543789617,106.8072073,10.8742316,Ngã Ba 621,bus_stop,platform,,,,yes,,,,697540.1209530366,1202661.0924789114
6576385426,106.7572146,10.8071999,Thành phố Hồ Chí Minh,,stop_position,,,,,yes,,,692116.7361579178,1195214.0940701272
6576385428,106.7572664,10.8071882,Thành phố Hồ Chí Minh,,stop_position,,,,,yes,,,692122.4085732332,1195212.8324301918
6578134686,106.7285922,10.7518843,Trạm Xe Bus Khu Chế Xuất Tân Thuận,bus_stop,platform,,,,yes,,,,689021.0822131787,1189077.4433709884
6741814225,106.8027329,10.8781059,Cổng phụ Đại học Quốc Tế,bus_stop,platform,,,,yes,,,,697048.3420516232,1203086.7619741114
6742352526,106.802483,10.8763967,International University,bus_stop,platform,,,,yes,,,,697022.1410334952,1202897.526683237
6742385295,106.8024518,10.8766409,International University,bus_stop,platform,,,,yes,,,,697018.5692275173,1202924.5200143552
6751260855,106.6666574,10.7567838,,bus_stop,,,,,,,,,682243.7634534645,1189581.9328967799
6753746441,106.6669491,10.7596547,Agribank,bus_stop,,bank,,,,,,,682273.9432817609,1189899.6638101365
6759766763,106.6697071,10.7553438,Trạm Xe Bus Bệnh Viên Nguyễn Tri Phương,bus_stop,platform,,,,yes,,,,682578.1934857507,1189424.4637385937
6775815604,106.67033,10.7548075,,bus_stop,,,,,,,,,682646.6468951206,1189365.512824613
6775983736,106.7964782,10.8703992,Trạm Xe Bus Thư Viện Trung Tâm,bus_stop,platform,,,,yes,,,,696369.5044566013,1202230.1886511513
6779123586,106.6882381,10.7841679,Trạm Xe Bus 28,bus_stop,platform,,,,yes,,,,684587.4971371235,1192623.8933896222
6789147144,106.6762624,10.7632922,Nhà xe Như Quỳnh - Lê Hồng Phong,,station,bus_station,,,yes,,,,683290.3866828522,1190307.5687197014
6789351748,106.696558,10.7710617,,bus_stop,,,,,,,,,685505.4511052025,1191179.1911415032
6791474052,106.6651641,10.7726822,,bus_stop,platform,,,,yes,,,,682070.8840985371,1191339.6083937152
6791474060,106.6681641,10.7634386,,bus_stop,,,,,,,,,682404.5575800026,1190318.9333099276
6795152088,106.6955539,10.7712315,,bus_stop,,,,,,,,,685395.5266272059,1191197.3657056813
6841128309,106.8041567,10.8686036,Trạm Xe Bus Đại Học Công Nghệ Thông Tin,bus_stop,platform,,,,yes,,,,697210.2649843474,1202036.5347180031
6948592786,106.6916978,10.7678129,,bus_stop,,,,,,,,,684975.8643247305,1190816.8902750157
6956317386,106.6956974,10.7695735,Trạm Xe Bus Trường THPT Ernst Thälmann,bus_stop,platform,,,,yes,,,,685412.2361272541,1191014.0542319294
7117825386,106.7287728,10.7759747,,bus_stop,,,,,,,,,689025.8152854125,1191742.3364088405
7183291636,106.8003931,10.8657256,Suối Tiên,bus_stop,platform,,,,yes,,,,696800.6301698412,1201715.727066442
7183291637,106.8027106,10.8663341,Trạm Xe Bus KDL Suối Tiên,bus_stop,platform,,,,yes,,,,697053.6344226727,1201784.5422563397
7192405888,106.6649216,10.8097018,Trạm Xe Bus Dịch vụ Chuyển phát nhanh TMC,bus_stop,platform,,,,yes,,,,682022.0771016427,1195434.3014707228
7520799016,106.7040322,10.7707209,Trạm Xe Bus Công Ty Cổ Phần Quế Hương Liberty,bus_stop,platform,,,,yes,,,,686323.1316600906,1191146.0286920425
7520799029,106.70577,10.7706453,Trạm Xe Bus Cục Hải Quan,bus_stop,platform,,,,yes,,,,686513.2461433669,1191138.7234683626
7520799030,106.7055179,10.7708759,Trạm Xe Bus Cục Hải Quan,bus_stop,platform,,,,yes,,,,686485.5313211014,1191164.0777801943
7529106481,106.7052866,10.782509,,bus_stop,platform,,,,yes,,,,686453.0701159695,1192450.7292591592
7623560046,106.7562776,10.8074128,Thành phố Hồ Chí Minh,,stop_position,,,,,yes,,,692014.1282521645,1195237.0552705135
7623560051,106.7562318,10.8074227,Thành phố Hồ Chí Minh,,stop_position,,,,,yes,,,692009.1131660036,1195238.1215882276
7623560077,106.7569794,10.8072594,Thành phố Hồ Chí Minh,,stop_position,,,,,yes,,,692090.9762770275,1195220.5278715913
7623560084,106.7565052,10.8073613,Thành phố Hồ Chí Minh,,stop_position,,,,,yes,,,692039.0518545195,1195231.5015766271
7623560087,106.7564593,10.8073712,Thành phố Hồ Chí Minh,,stop_position,,,,,yes,,,692034.025829921,1195232.5678279712
7623560096,106.7574789,10.8071521,Thành phố Hồ Chí Minh,,stop_position,,,,,yes,,,692145.6710512962,1195208.9728243817
7623560104,106.7570252,10.8072496,Thành phố Hồ Chí Minh,,stop_position,,,,,yes,,,692095.9913067385,1195219.4726271164
7623560111,106.757433,10.8071619,Thành phố Hồ Chí Minh,,stop_position,,,,,yes,,,692140.6450810321,1195210.0279989764
7623560117,106.7567012,10.8073192,Thành phố Hồ Chí Minh,,stop_position,,,,,yes,,,692060.5136399772,1195226.9678325988
7739047808,106.7013922,10.773505,Trạm Xe Bus Đền Sri Thenday Yutthapani,bus_stop,platform,,,,yes,,,,686032.6782177836,1191452.3864346452
8100983479,106.6819709,10.747747,,bus_stop,platform,,,,yes,,,,683924.1713476523,1188591.4802091315
8977118685,106.8481096,10.907617,Công viên Lam Sơn,bus_stop,platform,,,,yes,,,,701989.9406879584,1206381.2243213933
8981741284,106.8477114,10.9076264,Trường Tiểu học An Hảo,bus_stop,platform,,,,yes,,,,701946.3987915501,1206381.998394106
8985136210,106.8465815,10.910919,Công ty Ajinomoto Việt Nam,bus_stop,platform,,,,yes,,,,701820.6434591124,1206745.483470011
8985136211,106.8468835,10.9108524,Công ty Ajinomoto Việt Nam,bus_stop,platform,,,,yes,,,,701853.7059611459,1206738.317449763
8995060471,106.7744687,10.8873328,Trạm Xe Bus Big C Green Square,bus_stop,platform,,,,yes,,,,693952.0127215245,1204089.2222450096
8995060472,106.7720705,10.8853419,Trạm Xe Bus Chùa Từ Quang,bus_stop,platform,,,,yes,,,,693691.0945867238,1203867.4574037502
8995060473,106.7690119,10.8817012,Trạm Xe Bus Đường Số 8,bus_stop,platform,,,,yes,,,,693359.0321594495,1203462.7749826338
8995060474,106.7672085,10.8795631,Trạm Xe Bus Thánh Thất Cao Đài Linh Xuân,bus_stop,platform,,,,yes,,,,693163.2333655375,1203225.111872446
8995060475,106.7662546,10.8769909,Trạm Xe Bus Chợ Linh Xuân,bus_stop,platform,,,,yes,,,,693060.5931150751,1202939.9711754145
8995060476,106.7651618,10.8741634,Trạm Xe Bus Cầu Vượt Linh Xuân,bus_stop,platform,,,,yes,,,,692942.9278315569,1202626.5018820926
8995301239,106.7244266,10.8639151,trạm xe bus Ngã tư Bình Phước,bus_stop,platform,,,,yes,,,,688495.4857912152,1201467.2768912462
8995301241,106.7237381,10.8597347,Trạm Xe Bus - UBND Phường Hiệp Bình Phước,bus_stop,platform,,,,yes,,,,688422.8276198336,1201004.4294965856
8995301242,106.7223285,10.8561242,Trạm Xe Bus Trạm Y Tế Hiệp Bình Phước,bus_stop,platform,,,,yes,,,,688270.9621950085,1200604.1762405299
8995301243,106.720687,10.852647,Trạm Xe Bus Ngã Ba Đường Hiệp Bình,bus_stop,platform,,,,yes,,,,688093.65217066,1200218.5260266021
8995301244,106.7183924,10.8489683,Trạm Xe Bus Ngã Ba Hiệp Bình,bus_stop,platform,,,,yes,,,,687845.0500744535,1199810.1850366257
8995301245,106.7180322,10.8446968,Cân Nhơn Hòa,bus_stop,platform,,,,yes,,,,687808.3309767444,1199337.4669384407
8995301246,106.7169164,10.8412722,Trạm Xe Bus Đường Số 4,bus_stop,platform,,,,yes,,,,687688.4581372496,1198957.9637800346
8995301247,106.7149316,10.838817,Trạm Xe Bus Đường Số 3,bus_stop,platform,,,,yes,,,,687472.9539687859,1198685.1572821438
8995301248,106.713687,10.8359824,Trạm Xe Bus Cầu Ông Dầu,bus_stop,platform,,,,yes,,,,687338.6225996054,1198370.8403965838
8995301257,106.7138413,10.8328496,Trạm Xe Bus Đại Lý Xe Ford,bus_stop,platform,,,,yes,,,,687357.4442744105,1198024.39884869
8995301258,106.7140456,10.830029,Trạm Xe Bus Đại học Luật Thành phố,bus_stop,platform,,,,yes,,,,687381.5391622828,1197712.5222375472
8995301261,106.7111563,10.8166153,Trạm Xe Bus Bến Xe Miền Đông,bus_stop,platform,,,,yes,,,,687073.913090891,1196226.9860825476
8995301262,106.7091607,10.8126529,Trạm Xe Bus Ngã Tư Nguyễn Xí,bus_stop,platform,,,,yes,,,,686858.1354526861,1195787.4616821099
8995301264,106.7090749,10.8097232,Trạm Xe Bus Ngã Tư Chu Văn An,bus_stop,platform,,,,yes,,,,686850.5663083039,1195463.339923872
8995301266,106.7092788,10.8069095,Trạm Xe Bus Cầu Đinh Bộ Lĩnh,bus_stop,platform,,,,yes,,,,686874.6062655641,1195152.2268583556
8995301267,106.7093893,10.8045317,Trạm Xe Bus Tòa Nhà Coalimex,bus_stop,platform,,,,yes,,,,686888.1621427787,1194889.2737911872
8995301271,106.7105411,10.8027141,Trạm Xe Bus Chợ Hàng Xanh,bus_stop,platform,,,,yes,,,,687015.2493249048,1194688.9245431048
8995301276,106.710584,10.7974026,Trạm Xe Bus Trường Tiểu Học Hồng Hà,bus_stop,platform,,,,yes,,,,687023.2287948016,1194101.4183309611
8995301280,106.7081307,10.7937242,Trạm Xe Bus Nhà Thờ Thị Nghè,bus_stop,platform,,,,yes,,,,686757.2005162073,1193693.0321005695
8995301281,106.7051888,10.7906476,Trạm Xe Bus Thảo Cầm Viên,bus_stop,platform,,,,yes,,,,686437.3581254098,1193350.9192247442
8995301286,106.7021055,10.7872273,Trạm Xe Bus Đài Truyền Hình TP.HCM,bus_stop,platform,,,,yes,,,,686102.2561349175,1192970.7062183116
8995419780,106.7012808,10.7863895,Trạm Xe Bus Nhà Thờ Mạc Ty Nho,bus_stop,platform,,,,yes,,,,686012.5766573272,1192877.531801401
8995419783,106.6986677,10.7840531,Trạm Xe Bus Số 2 Phùng Khắc Khoan,bus_stop,platform,,,,yes,,,,685728.2244594794,1192617.5048790688
8995419784,106.6963181,10.7832942,Trạm Xe Bus Hồ Con Rùa,bus_stop,platform,,,,yes,,,,685471.7196704224,1192532.1347735669
8995419786,106.6942829,10.7810673,Trạm Xe Bus Trung Tâm TDTT Phan Đình Phùng,bus_stop,platform,,,,yes,,,,685250.4976448884,1192284.5754922878
8995419789,106.6925279,10.7791244,Trạm Xe Bus Bảo Tàng Chứng Tích Chiến Tranh,bus_stop,platform,,,,yes,,,,685059.7439091809,1192068.601940935
8995419790,106.6914077,10.7779278,Trạm Xe Bus Số 44 Võ Văn Tần,bus_stop,platform,,,,yes,,,,684937.9596859684,1191935.5643914128
8995419792,106.6900524,10.7765173,Trạm Xe Bus Đại Học Mở TP.HCM,bus_stop,platform,,,,yes,,,,684790.5921766286,1191778.7252576766
8995419799,106.6890278,10.7734292,Trạm Xe Bus Sở Y Tế TP.HCM,bus_stop,platform,,,,yes,,,,684680.4149522901,1191436.5205844343
8995419800,106.6867587,10.7709576,Trạm Xe Bus Số 414 Nguyễn Thị Minh Khai,bus_stop,platform,,,,yes,,,,684433.7462904747,1191161.7607158122
8995419801,106.6849241,10.7690552,Trạm Xe Bus Bệnh Viện Từ Dũ,bus_stop,platform,,,,yes,,,,684234.2497932536,1190950.2257357333
8995419804,106.6838297,10.7679274,Trạm Xe Bus Hội Chữ Thập Đỏ Thành Phố,bus_stop,platform,,,,yes,,,,684115.2379955754,1190824.8181034
8995419807,106.682408,10.7664257,Trạm Xe Bus Nhà sách Minh Khai,bus_stop,platform,,,,yes,,,,683960.654456033,1190657.8562276177
8995419808,106.6804511,10.7648719,Trạm Xe Bus Công viên Âu Lạc,bus_stop,platform,,,,yes,,,,683747.5642073897,1190484.811543328
8995419810,106.678868,10.7638338,Trạm Xe Bus Ngã tư Trần Bình Trọng,bus_stop,platform,,,,yes,,,,683575.0435910744,1190369.0355757293
8995419812,106.6769069,10.7625675,Trạm Xe Bus Ngã tư Lê Hồng Phong,bus_stop,platform,,,,yes,,,,683361.316435554,1190227.7927141886
8995419814,106.6757455,10.7644914,Trạm Xe Bus Chợ Lê Hồng Phong,bus_stop,platform,,,,yes,,,,683233.1265478702,1190439.906983961
8995419815,106.6711602,10.7633425,Trạm Xe Bus Chùa Hòa Hảo,bus_stop,platform,,,,yes,,,,682732.3094813396,1190310.0873180486
8995419816,106.6694763,10.760871,Trạm Xe Bus Trường Khiếm thị Nguyễn Đình Chiểu,bus_stop,platform,,,,yes,,,,682549.6231817586,1190035.7049620852
8995435218,106.6678717,10.75979,Trạm Xe Bus Trường Kinh tế Công nghệ,bus_stop,platform,,,,yes,,,,682374.7710811455,1189915.1780965321
8995435220,106.6651907,10.7593162,Trạm Xe Bus Ngã tư Ngô Quyền,bus_stop,platform,,,,yes,,,,682081.8220313042,1189861.1771237398
8995435222,106.6608609,10.7583744,Trạm Xe Bus Bệnh viện Răng Hàm Mặt,bus_stop,platform,,,,yes,,,,681608.8155207497,1189754.4357023276
8995806217,106.6602285,10.7580524,Trạm Xe Bus Bệnh viện Chợ Rẫy,bus_stop,platform,,,,yes,,,,681539.839558386,1189718.4442587972
8995806219,106.6659821,10.7592716,Trạm Xe Bus Ngã tư Ngô Quyền,bus_stop,platform,,,,yes,,,,682168.408026245,1189856.713687266
8995806220,106.6694073,10.7604036,Trạm Xe Bus Trường Khiếm thị Nguyễn Đình Chiểu,bus_stop,platform,,,,yes,,,,682542.3576774196,1189983.9635097294
8995806221,106.6711586,10.7629361,Trạm Xe Bus Chùa Hòa Hảo,bus_stop,platform,,,,yes,,,,682732.3794117353,1190265.1333121615
8995806222,106.6753709,10.764707,Trạm Xe Bus Chợ Lê Hồng Phong,bus_stop,platform,,,,yes,,,,683192.0249742621,1190463.5313099416
8995806225,106.6826188,10.7661797,Trạm Xe Bus Đường Phạm Viết Chánh,bus_stop,platform,,,,yes,,,,683983.8596270652,1190630.7718309741
8995806226,106.684986,10.7687115,Trạm Xe Bus Bệnh Viện Từ Dũ,bus_stop,platform,,,,yes,,,,684241.2289044941,1190912.245055237
8995806227,106.6879277,10.7718402,Trạm Xe Bus Số 99 Nguyễn Thị Minh Khai,bus_stop,platform,,,,yes,,,,684561.0641585228,1191260.0923083979
8995806228,106.6900059,10.7741294,Trạm Xe Bus Sở Y Tế TP.HCM,bus_stop,platform,,,,yes,,,,684786.9634946873,1191514.5622576142
8995806230,106.6927845,10.7770334,Trạm Xe Bus Cung Văn Hóa Lao Động,bus_stop,platform,,,,yes,,,,685089.0862892037,1191837.4630223087
8995806231,106.6963991,10.7810063,Trạm Xe Bus Ngã Tư Pasteur,bus_stop,platform,,,,yes,,,,685481.980623164,1192279.1094243038
8995806236,106.6994719,10.7841809,Trạm Xe Bus Số 21 Nguyễn Thị Minh Khai,bus_stop,platform,,,,yes,,,,685816.099408864,1192632.1295692849
8995806238,106.7013166,10.7860893,Trạm Xe Bus Đường Đinh Tiên Hoàng,bus_stop,platform,,,,yes,,,,686016.6765759275,1192844.347068395
8995806239,106.7045903,10.7895161,Trạm Xe Bus Thảo Cầm Viên,bus_stop,platform,,,,yes,,,,686372.6001693179,1193225.3938424578
8995806240,106.7055569,10.7905391,Trạm Xe Bus Thảo Cầm Viên,bus_stop,platform,,,,yes,,,,686477.6824927389,1193339.1419177337
8995806241,106.7082002,10.7934888,Trạm Xe Bus Nhà Thờ Thị Nghè,bus_stop,platform,,,,yes,,,,686764.9467804255,1193667.0357797206
8995806242,106.7106765,10.79665,Trạm Xe Bus Trường Tiểu Học Hồng Hà,bus_stop,platform,,,,yes,,,,687033.81066984,1194018.2259635774
8995806243,106.711203,10.7989707,Trạm Xe Bus Trường THPT Gia Định,bus_stop,platform,,,,yes,,,,687089.9538881874,1194275.252818201
8995806246,106.7115299,10.8037185,Trạm Xe Bus Ngã Ba Hàng Xanh,bus_stop,platform,,,,yes,,,,687122.7637048532,1194800.6319365522
8995806250,106.7118661,10.8084525,Trạm Xe Bus Đài Liệt Sĩ,bus_stop,platform,,,,yes,,,,687156.5967219166,1195324.4906163737
8995806252,106.7124685,10.8109524,Trạm Xe Bus Siêu Thị Co.opmart,bus_stop,platform,,,,yes,,,,687220.9243291812,1195601.3871721139
8995806255,106.7143797,10.8292659,Trường Tiểu học Bình Triệu,bus_stop,platform,,,,yes,,,,687418.5482763271,1197628.3169426315
8995806256,106.714138,10.8326872,Trạm Xe Bus Đại Lý Xe Ford,bus_stop,platform,,,,yes,,,,687389.9896660541,1198006.6173472279
8995806257,106.7140176,10.8360741,Trạm Xe Bus Cầu Ông Dầu,bus_stop,platform,,,,yes,,,,687374.7164989223,1198381.187201755
8995806258,106.7153609,10.8387795,Trạm Xe Bus Đường Số 3,bus_stop,platform,,,,yes,,,,687519.9206813865,1198681.2735267214
8995806259,106.7172712,10.8411095,Trạm Xe Bus Đường Số 4,bus_stop,platform,,,,yes,,,,687727.3562269502,1198940.185345907
8995806260,106.7183434,10.844644,Cân Nhơn Hòa,bus_stop,platform,,,,yes,,,,687842.3926110624,1199331.818474369
8995806261,106.7187131,10.8488683,Trạm Xe Bus Ngã Ba Hiệp Bình,bus_stop,platform,,,,yes,,,,687880.1795167915,1199799.321477434
8995806262,106.7212457,10.852923,Trạm Xe Bus Ngã Ba Đường Hiệp Bình,bus_stop,platform,,,,yes,,,,688154.5698510254,1200249.401663597
8995806264,106.7237044,10.8587812,UBND Phường Hiệp Bình Phước,bus_stop,platform,,,,yes,,,,688419.7407946831,1200898.9359951708
8995806266,106.7246965,10.8640341,Trạm Xe Bus Ngã Tư Bình Phước,bus_stop,platform,,,,yes,,,,688524.9219419241,1201480.6077041398
8995806275,106.7656683,10.8743701,Trạm Xe Bus Cầu Vượt Linh Xuân,bus_stop,platform,,,,yes,,,,692998.1747816677,1202649.6887788584
8995806276,106.7666357,10.8774322,Trạm Xe Bus Chợ Linh Xuân,bus_stop,platform,,,,yes,,,,693101.9774994964,1202989.0297206163
8995806277,106.7681146,10.8801492,Trạm Xe Bus Thánh Thất Cao Đài Linh Xuân,bus_stop,platform,,,,yes,,,,693261.9254970322,1203290.5226545213
8995806278,106.769448,10.8817828,Trạm Xe Bus Đường Số 8,bus_stop,platform,,,,yes,,,,693406.660904729,1203472.0795299534
8995806279,106.7725475,10.8854136,Trạm Xe Bus Chùa Từ Quang,bus_stop,platform,,,,yes,,,,693743.2009075887,1203875.6935412954
8995806280,106.7748953,10.8872531,Trạm Xe Bus Big C Green Square,bus_stop,platform,,,,yes,,,,693998.7062705684,1204080.678848712
9006208112,106.6679216,10.7596271,Trạm Xe Bus Trường Kinh tế Công nghệ,bus_stop,platform,,,,yes,,,,682380.3268354787,1189897.1889684384
9006208113,106.6642397,10.7590922,Trạm Xe Bus Nhà máy Bia Sài Gòn,bus_stop,platform,,,,yes,,,,681977.9410411105,1189835.8355913688
9006208114,106.6620152,10.7584565,Trạm Xe Bus Ngã tư Lý Thường Kiệt,bus_stop,platform,,,,yes,,,,681735.0177966163,1189764.2005559218
9049910392,106.7619277,10.8745373,Trạm Xe Bus Cầu Vượt Linh Xuân,bus_stop,platform,,,,yes,,,,692589.0766704429,1202665.8081635816
9049910393,106.7586983,10.8754644,Giày Thái Bình,bus_stop,platform,,,,yes,,,,692235.386342312,1202766.3150990799
9049910394,106.7572607,10.8757384,Trường Tiểu học An Bình,bus_stop,platform,,,,yes,,,,692078.0272134867,1202795.7142582312
9049910395,106.7555829,10.8760632,Bến xe Lam Hồng,bus_stop,platform,,,,yes,,,,691894.3731777123,1202830.5816252436
9049910396,106.74665,10.8741377,Trạm Xe Bus Cầu Vượt Sóng Thần,bus_stop,platform,,,,yes,,,,690918.9023920271,1202611.9532523125
9049910397,106.744123,10.8733244,Trạm Xe Bus Chợ Tam Hải,bus_stop,platform,,,,yes,,,,690643.1236703647,1202520.3997262877
9049910398,106.7397521,10.87216,Trạm Xe Bus Chùa Bửu Quang,bus_stop,platform,,,,yes,,,,690165.9584850164,1202388.8553495412
9049910399,106.7345388,10.8708706,Trạm Xe Bus Chợ Tam Bình,bus_stop,platform,,,,yes,,,,689596.7632323529,1202242.9651384596
9049910400,106.7290625,10.8681598,Trạm Xe Bus Chợ Đầu Mối Nông Sản Thủ Đức,bus_stop,platform,,,,yes,,,,688999.7034960468,1201939.6913027728
9050097831,106.7273038,10.8668158,Trạm Xe Bus Đường Gò Dưa,bus_stop,platform,,,,yes,,,,688808.2549596558,1201789.928769036
9050097832,106.7300837,10.8682519,Trạm Xe Bus Chợ Đầu Mối Nông Sản Thủ Đức,bus_stop,platform,,,,yes,,,,689111.3021394932,1201950.5148114508
9050097833,106.7353288,10.8708343,Trạm Xe Bus Chợ Tam Bình,bus_stop,platform,,,,yes,,,,689683.1631839128,1202239.4431734807
9050097834,106.7395527,10.871802,Trạm Xe Bus Chùa Bửu Quang,bus_stop,platform,,,,yes,,,,690144.3833808354,1202349.1294892502
9050097835,106.744198,10.872944,Trạm Xe Bus Chợ Tam Hải,bus_stop,platform,,,,yes,,,,690651.5657005899,1202478.3679427642
9050097836,106.7469374,10.8738164,Trạm Xe Bus Cầu Vượt Sóng Thần,bus_stop,platform,,,,yes,,,,690950.5304661512,1202576.5925967481
9050097837,106.7556483,10.8756588,Bến xe Lam Hồng,bus_stop,platform,,,,yes,,,,691901.7825460279,1202785.8890104638
9050097838,106.757432,10.8753078,Giày Thái Bình,bus_stop,platform,,,,yes,,,,692097.0324626571,1202748.1904757426
9050097839,106.7625318,10.873933,Trạm Xe Bus Cầu Vượt Linh Xuân,bus_stop,platform,,,,yes,,,,692655.5158983709,1202599.3447934121
9052897241,106.7094007,10.7950239,Trạm Xe Bus Ngã Ba Nguyễn Cửu Vân,bus_stop,platform,,,,yes,,,,686895.290035394,1193837.5744817653
9052922920,106.6766869,10.761255,Trạm Xe Bus - Lê Hồng Phong,bus_stop,platform,,,,yes,,,,683338.0476567165,1190082.4814674545
9206593010,106.7110768,10.7998327,Trạm Xe Bus Trường THPT Gia Định,bus_stop,platform,,,,yes,,,,687075.6185897694,1194370.5258616651
9240780026,106.7912474,10.7506684,Trạm xe Phú Hữu,bus_stop,platform,bus_stop,,,yes,,,,695875.250569675,1188982.2261548114
9243986571,106.7225903,10.8559658,Trạm Xe Bus Trạm Y Tế Hiệp Bình Phước,bus_stop,platform,,,,yes,,,,688299.6873570727,1200586.8167692865
9402954174,106.700594,10.7708734,Trạm trung chuyển Hàm Nghi,bus_stop,platform,,,,yes,,,,685946.9931909493,1191160.80882952
9402954175,106.7007385,10.7708035,Trạm trung chuyển Hàm Nghi,bus_stop,platform,,,,yes,,,,685962.8404152775,1191153.1645734222
9402954176,106.7008774,10.7708605,Trạm trung chuyển Hàm Nghi,bus_stop,platform,,,,yes,,,,685977.9972650858,1191159.5538994179
9402954177,106.70097,10.7708561,Trạm trung chuyển Hàm Nghi,bus_stop,platform,,,,yes,,,,685988.1278574215,1191159.1234011874
9402954180,106.700622,10.7709356,Trạm trung chuyển Hàm Nghi,bus_stop,platform,,,,yes,,,,685950.0174440693,1191167.7060399493
9402954181,106.7008634,10.7709232,Trạm trung chuyển Hàm Nghi,bus_stop,platform,,,,yes,,,,685976.4275625546,1191166.480928551
9402954182,106.7006315,10.7709841,Trạm trung chuyển Hàm Nghi,bus_stop,platform,,,,yes,,,,685951.0267147141,1191173.076605767
9402954183,106.7008496,10.7709745,Trạm trung chuyển Hàm Nghi,bus_stop,platform,,,,yes,,,,685974.8867327317,1191172.147074269
9402954185,106.6999669,10.7711506,Trạm trung chuyển Hàm Nghi,bus_stop,platform,,,,yes,,,,685878.2356665048,1191191.0906567886
9402954186,106.7000857,10.7711457,Trạm trung chuyển Hàm Nghi,bus_stop,platform,,,,yes,,,,685891.2321050507,1191190.62071791
9402954187,106.6995435,10.7711682,Trạm trung chuyển Hàm Nghi,bus_stop,platform,,,,yes,,,,685831.9166353553,1191192.7806492082
9402954188,106.6993663,10.7711756,Trạm trung chuyển Hàm Nghi,bus_stop,platform,,,,yes,,,,685812.5313275927,1191193.4917306437
9402954189,106.6994911,10.7711074,Trạm trung chuyển Hàm Nghi,bus_stop,platform,,,,yes,,,,685826.2228196501,1191186.0235148657
9402954190,106.6997098,10.7710967,Trạm trung chuyển Hàm Nghi,bus_stop,platform,,,,yes,,,,685850.1491090384,1191184.9725846006
9402954191,106.6997117,10.7710348,Trạm trung chuyển Hàm Nghi,bus_stop,platform,,,,yes,,,,685850.394888134,1191178.1267059215
9402954192,106.6994888,10.7710466,Trạm trung chuyển Hàm Nghi,bus_stop,platform,,,,yes,,,,685826.0085553727,1191179.2967654187
9403108739,106.6871356,10.7869475,Trạm Xe Bus Rose Home,bus_stop,platform,,,,yes,,,,684465.2253355035,1192930.6908084315
9404173938,106.6693803,10.7993448,Trạm Xe Bus Trung tâm Tiểu thương Gia Định,bus_stop,platform,,,,yes,,,,682515.9245369051,1194291.3442067178
9404173939,106.6649186,10.8035874,Trạm Xe Bus Nhà hàng Vườn Dừa,bus_stop,platform,,,,yes,,,,682025.4349386728,1194757.9688935
9468454790,106.7030831,10.7709914,Trạm Xe Bus Chợ Cũ,bus_stop,platform,,,,yes,,,,686219.1598017365,1191175.3729735408
9468454791,106.7018453,10.7710509,Trạm Xe Bus Trường CĐ Kỹ Thuật Cao Thắng,bus_stop,platform,,,,yes,,,,686083.7419631905,1191181.2025395648
9468454792,106.6902514,10.762287,Trạm Xe Bus Trần Đình Xu,bus_stop,platform,,,,yes,,,,684821.0361739503,1190204.776652263
9470342578,106.6662,10.7524951,Trạm Xe Bus Ngô Quyền,bus_stop,platform,,,,yes,,,,682196.3099981031,1189107.2773770674
9470342579,106.6759559,10.7539983,Trạm Xe Bus Rạp Đồng Tháp,bus_stop,platform,,,,yes,,,,683262.4785895529,1189279.3588991899
9470342581,106.6726305,10.752951,Trạm Xe Bus Chung cư An Bình,bus_stop,platform,,,,yes,,,,682899.3869531387,1189161.5302624656
9470667880,106.6605949,10.7520759,Trạm Xe Bus - Triệu Quang Phục,bus_stop,platform,,,,yes,,,,681583.4909983262,1189057.5871832047
9470667882,106.6603863,10.7529609,Trạm Xe Bus Trung tâm Kỹ thuật Tổng hợp - Hướng nghiệp Quận 5,bus_stop,platform,,,,yes,,,,681560.1455175495,1189155.3555769213
9470667885,106.6668409,10.7540044,Trạm Xe Bus Đậu Đậu Shop,bus_stop,platform,,,,yes,,,,682265.503465777,1189274.6053833459
9470667888,106.6800086,10.7549219,Trạm Xe Bus VietCapitalBank,bus_stop,platform,,,,yes,,,,683705.193059874,1189383.9443083082
9470667889,106.6890393,10.760673,Trạm Xe Bus Phòng Cảnh sát PCCC TP.HCM,bus_stop,platform,,,,yes,,,,684689.4457590157,1190025.5157697322
9470667890,106.7014507,10.7708664,Trạm Xe Bus Toà Nhà Vietinbank,bus_stop,platform,,,,yes,,,,686040.6968899271,1191160.5545499267
9470667891,106.7019523,10.7708361,Trạm Xe Bus Chợ Cũ,bus_stop,platform,,,,yes,,,,686095.5767547636,1191157.5075257528
9480981742,106.7060468,10.7672541,Trạm Xe Bus Đại Học Luật,bus_stop,platform,,,,yes,,,,686545.6081820726,1190763.7753191434
9497070790,106.6694203,10.7539507,Nhà hàng Biển Dương 1,bus_stop,platform,,,,yes,,,,682547.6623869094,1189270.1985851934
9584652594,106.6893329,10.7680938,Trạm Xe Bus Công Viên 23 Tháng 9,,station,bus_station,,,yes,,,,684717.0368430722,1190846.5354550388
9584841105,106.6769699,10.7617396,Nhà xe Thành Bưởi Lê Hồng Phong,,station,bus_station,,,yes,,,,683368.7076595947,1190136.2537783075
9585048354,106.7121756,10.8009982,Nhà Xe Phương Trang,,station,bus_station,,,yes,,,,687195.0640212175,1194500.120804857
9585048355,106.7141154,10.8007763,Nhà Xe Kim Mạnh Hùng,,station,bus_station,,,yes,,,,687407.3425068022,1194476.7642877284
9585091207,106.6645933,10.7513413,Nhà xe Đại Ngân - Tản Đà,,station,,,,,,,,682021.265504507,1188978.69951189
9585091213,106.6642009,10.7544409,Nhà Xe Hiệp Thành,,station,,,,,,,,681976.4872121027,1189321.3210338235
9585162923,106.6998101,10.7692272,Nhà Xe Hoa Mai,,station,bus_station,,,yes,,,,685862.2659431733,1190978.2398107054
9585162924,106.7009692,10.7701978,Nhà Xe Toàn Thắng,,station,bus_station,,,yes,,,,685988.4444634239,1191086.305416484
9585162936,106.6651434,10.7590888,Nhà xe Tân Lập Thành,,station,bus_station,,,yes,,,,682076.7851103315,1189835.9957684032
9585453808,106.6641641,10.7546223,Xe Khách Thanh Phương Ngân,,station,,,,,,,,681972.3533763512,1189341.3643018645
9585476419,106.6983944,10.7679444,Huy Hoàng Limousine,,station,bus_station,,,yes,,,,685708.212755895,1190835.4855329045
9586952127,106.6773234,10.7597122,Nhà Xe Phương Trang - Lê Hồng Phong,,station,,,,,,,,683408.5976619152,1189912.2080963172
9587016886,106.6760244,10.7511682,Nhà Xe Bá Hải - Võ Văn Kiệt,,station,,,,,,,,683271.6798833322,1188966.3539138287
9587016891,106.6691417,10.7564994,Nhà Xe Hùng Hiếu,,station,,,,,,,,682515.6569048802,1189551.9513885898
9587016892,106.6721235,10.7564317,Nhà Xe Kim Mạnh Hùng - Nguyễn Duy Dương,,station,,,,,,,,682841.8352670064,1189546.2382285034
9587246046,106.6711927,10.7596167,Nhà Xe Hải Duyên - Nguyễn Duy Dương,,station,,,,,,,,682738.1092840849,1189897.985453544
9587246047,106.6711753,10.7597037,Nhà Xe Cúc Phương,,station,,,,,,,,682736.153742843,1189907.59840145
9587246048,106.6728569,10.7562877,Nhà Xe Kim Mã - Trần Phú,,station,,,,,,,,682922.1385847282,1189530.747116364
9587246049,106.6738531,10.7611174,Nhà Xe Hoàng Khải - Nguyễn Chí Thanh,,station,,,,,,,,683028.1849787341,1190065.568511031
9587246050,106.6683218,10.7572552,Trạm Xe Duy Quý,,station,,,,,,,,682425.5250793325,1189635.064815851
9587246054,106.6711713,10.7597198,Nhà Xe Võ Cúc Phương - Nguyễn Duy Dương,,station,,,,,,,,682735.7065429523,1189909.3768845955
9587246055,106.6733008,10.7568114,Nhà Xe Thanh Thủy - Trần Phú,,station,,,,,,,,682970.374876199,1189588.9397653933
9587268683,106.7184993,10.7985763,Bến xe Thành Bưởi - Hàng Xanh,,station,bus_station,,,yes,,,,687888.144715728,1194236.1020765556
9587268684,106.7184705,10.7985379,Nhà xe Thành Bưởi - Điện Biên Phủ,,station,bus_station,,,yes,,,,687885.0189266922,1194231.836733285
9587329649,106.6827641,10.8304837,Nhà Xe Điền Linh (Hùng Phúc) - Lê Đức Thọ,,station,,,,,,,,683960.6012967557,1197743.7604269278
9587486343,106.688613,10.7631519,Nhà xe Tâm Hạnh - Nguyễn Cư Trinh,,station,,,,,,,,684641.3095433831,1190299.4595011002
9587486355,106.67872,10.8623238,Bến Xe Ngã Tư Ga,,station,bus_station,,,yes,,,,683498.956051331,1201263.2756255227
9587618723,106.755287,10.8756162,Bến Xe Lam Hồng,,station,bus_station,,,yes,,,,691862.3062069514,1202780.948241914
9593358316,106.7875078,10.8681388,Bến xe Buýt Đại Học Nông Lâm,,station,bus_station,,,yes,,,,695390.1408194646,1201974.3563189488
9593578332,106.7768211,10.8508981,Nhà Xe Phương Trang - Ngã Tư Thủ Đức,,station,,,,,,,,694232.7866273728,1200060.3486873824
9593578333,106.7773963,10.85123,Nhà Chờ Xe Thành Bưởi,,station,,,,,,,,694295.4688682728,1200097.4305628992
9665654051,106.6827332,10.7625125,Trạm Xe Bus Trường Đại Học Khoa học Tự Nhiên,,station,bus_station,,,yes,,,,683998.597636706,1190225.198863853
9667135117,106.6650073,10.7559507,Trạm Xe Bus Bệnh Viện Đại Học Y Dược,,station,bus_station,,,yes,,,,682063.7825128372,1189488.8020100838
9667135118,106.664605,10.755626,Trạm Xe Bus Bệnh Viện Đại Học Y Dược,,station,bus_station,,,yes,,,,682019.9753519947,1189452.6474765264
9907308617,106.786508,10.8585967,,bus_stop,,,,,,,,,695287.0258114876,1200918.1683517096
10089382779,106.7321334,10.8005886,,bus_stop,platform,,,,yes,,,,689377.9597283297,1194467.1102405416
10120358418,106.6900513,10.7678677,,,,bus_station,,,,,,,684795.7481904997,1190821.9587191632
10262053478,106.6944361,10.7799869,Trạm Xe Buýt - trường THPT Lê Quy Đôn,bus_stop,platform,,,,yes,,,,685267.9141594466,1192165.1606495462
10287576612,106.8495757,10.9037245,Ngã tư Vũng Tàu,bus_stop,platform,,,,yes,,,,702152.8615182422,1205951.6008296337
