id,lon,lat,name,highway,public_transport,amenity,railway,route,bus,train,subway,station,x,y
366459518,106.6794039,10.8384347,UBND Phường 17,bus_stop,platform,,,,yes,,,,683588.3169080575,1198621.2238274985
366465995,106.7441355,10.8335682,Đò Bình Quới,,station,ferry_terminal,,,,,,,690669.7058560924,1198122.682308499
383552890,106.687247,10.7508118,Cầu Nguyễn Văn Cừ,bus_stop,platform,,,,yes,,,,684499.408427848,1188933.6539239553
411921743,106.7022474,10.784146,Khách sạn Sofitel,bus_stop,platform,,,,yes,,,,686119.6708031212,1192629.955684701
860695663,106.67243,10.7912452,Cổng Xe lửa,bus_stop,platform,,,,yes,,,,682854.3411242313,1193397.2452646366
1001114482,106.6951544,10.8096755,Nhà Thờ Bình Hòa,bus_stop,platform,,,,yes,,,,685328.2710291289,1195449.579315295
1171564036,106.6625401,10.8016016,Vòng xoay Lăng Cha Cả,bus_stop,platform,,,,yes,,,,681766.5202537405,1194536.898181949
1171583911,106.6860864,10.8040672,Đại học Văn Hiến,bus_stop,platform,,,,yes,,,,684340.0377243367,1194823.7339825174
1171583920,106.6875737,10.8038785,Bệnh viện Phước An,bus_stop,platform,,,,yes,,,,684502.8036983021,1194803.7590122416
1171583921,106.6916712,10.8033408,Phòng Cảnh sát Phòng cháy Chữa cháy Quận Bình Thạnh,bus_stop,platform,,,,yes,,,,684951.2352625348,1194746.7594926495
1171583923,106.6934358,10.8031098,Bệnh viện Gia Định,bus_stop,platform,,,,yes,,,,685144.3540032313,1194722.2764381568
1171583941,106.6836428,10.8025249,Ngã tư Thích Quảng Đức,bus_stop,platform,,,,yes,,,,684073.7465031623,1194651.6609165987
1171587740,106.7080886,10.8031651,Nhà thờ Hàng Xanh,bus_stop,platform,,,,yes,,,,686746.7616700279,1194737.3117711893
1171615062,106.6737425,10.7996024,Công an Quận Phú Nhuận,bus_stop,platform,,,,yes,,,,682992.8214398744,1194322.446674138
1171615063,106.6817073,10.8004303,Ngã tư Phan Xích Long,bus_stop,platform,,,,yes,,,,683863.3549438667,1194418.8041773755
1171615064,106.6839835,10.8026388,Ngã tư Thích Quảng Đức,bus_stop,platform,,,,yes,,,,684110.9360702238,1194664.4651086393
1171615073,106.6860951,10.8039006,Trường Đại học Văn Hiến,bus_stop,platform,,,,yes,,,,684341.0908383732,1194805.3109595038
1171615088,106.6695734,10.7999475,Siêu thị Big C,bus_stop,platform,,,,yes,,,,682536.6779464837,1194358.125975578
1204093495,106.6993614,10.8031521,Chợ Bà Chiểu,bus_stop,platform,,,,yes,,,,685792.3549397894,1194730.552742168
1204093498,106.7011965,10.803862,Tòa án Nhân dân Quận Bình Thạnh,bus_stop,platform,,,,yes,,,,685992.6057020397,1194810.1947149152
1204093501,106.7040522,10.8034539,Chùa Bồ Đề,bus_stop,platform,,,,yes,,,,686305.1585615224,1194766.792920473
1204093531,106.6819424,10.8008736,Ngã tư Phan Xích Long,bus_stop,platform,,,,yes,,,,683888.7958401211,1194467.980667255
1226457739,106.6903903,10.8033459,Công viên Văn hóa Phú Thuận,bus_stop,platform,,,,yes,,,,684811.1526665224,1194746.5484654095
1226457742,106.6994287,10.8029565,Chợ Bà Chiểu,bus_stop,platform,,,,yes,,,,685799.8352356915,1194708.9574574064
1226494771,106.7067035,10.8030956,Nhà thờ Hàng Xanh,bus_stop,platform,,,,yes,,,,686595.3285080326,1194728.7777019064
1226533636,106.6706946,10.7983535,Bệnh viện Quận Phú Nhuận,bus_stop,platform,,,,yes,,,,682660.2563276916,1194182.478713363
1226533637,106.673686,10.7966018,Cổng Xe lửa,bus_stop,platform,,,,yes,,,,682988.4595141397,1193990.5069150426
1226533638,106.6884993,10.7853989,Viện Pasteur,bus_stop,platform,,,,yes,,,,684615.3127017117,1192760.2166369874
1226533639,106.6685643,10.7995853,Cây xăng Quân khu 7,bus_stop,platform,,,,yes,,,,682426.5411765501,1194317.4594207257
1226533640,106.6868737,10.7868705,Trần Quốc Toản,bus_stop,platform,,,,yes,,,,684436.6293460065,1192922.0156578135
1226533641,106.6830644,10.7904163,Chùa Vĩnh Nghiêm,bus_stop,platform,,,,yes,,,,684017.8647783183,1193311.93578384
1226533642,106.6792327,10.7932907,Ngã tư Trần Huy Liệu,bus_stop,platform,,,,yes,,,,683597.0680553865,1193627.5804303621
1226533643,106.6760157,10.7952035,Trung tâm Văn hoá Quận Phú Nhuận,bus_stop,platform,,,,yes,,,,683244.0873946855,1193837.2318647092
1271240171,106.6791544,10.7991173,Ngã tư Phú Nhuận,bus_stop,platform,,,,yes,,,,683584.9658115829,1194272.0338279158
1497313167,106.7062401,10.7997324,Đại học Hồng Bàng,bus_stop,platform,,,,yes,,,,686546.7273853665,1194356.474528774
1519797030,106.7456145,10.8354963,Đò Bình Quới,,station,ferry_terminal,,,,,,,690830.215791682,1198336.8895745405
1590272680,106.8433126,10.8669818,,,station,ferry_terminal,,,,,,,701492.8060458036,1201882.83158661
1635104056,106.6979602,10.8159153,Nhà văn hóa Lao động,bus_stop,platform,,,,yes,,,,685631.2698280301,1196141.4966199
1765166512,106.6825968,10.7609339,Đại học Sư phạm,bus_stop,platform,,,,yes,,,,683984.6367342236,1190050.502675725
1765166514,106.6824043,10.7607412,Đại học Sài Gòn,bus_stop,platform,,,,yes,,,,683963.6989234213,1190029.0719994977
1774952214,106.6667596,10.8008567,Sân vận động Quân khu 7,bus_stop,platform,,,,yes,,,,682228.4117549425,1194457.0159042836
2024973266,106.7749791,10.8481683,Siêu thị Coopmart - Xa lộ Hà Nội,bus_stop,platform,,,,yes,,,,694033.1299426152,1199757.2052040952
2130165447,106.6730294,10.7602467,Nhà Xe Thịnh Phát,,station,bus_station,,,yes,,,,682938.6183842653,1189968.7664037307
2341633260,106.6870534,10.7802426,Điện Biên Phủ,bus_stop,platform,,,,yes,,,,684460.3225034953,1192188.986775943
2341633543,106.6880766,10.7793365,Trường Nguyễn Thị Minh Khai,bus_stop,platform,,,,yes,,,,684572.7806933696,1192089.3762620538
2341633617,106.68974,10.7781607,Trương Định,bus_stop,platform,,,,yes,,,,684755.4222613673,1191960.319666308
2363997552,106.6764291,10.811436,Ngã ba Đặng Văn Sâm,bus_stop,platform,,,,yes,,,,683279.4477106282,1195633.011133002
2392398233,106.6736848,10.7594251,Nhà Xe Minh Tâm,,station,,,,,,,,683010.7984254581,1189878.277798628
2634496600,106.7183478,10.8213084,Cảng Bình Triệu,,station,ferry_terminal,,,,,,,687857.4280534008,1196750.5350455404
2673074380,106.7342359,10.8004536,Cầu Đen,bus_stop,platform,,,,yes,,,,689607.981098081,1194453.480831005
2890940318,106.7154943,10.7960829,Công viên Văn Thánh,,stop_position,,stop,,,,yes,,687561.0554757642,1193958.4478783705
2949031633,106.8000425,10.8743886,Đại Học Khoa học Tự Nhiên,bus_stop,platform,,,,yes,,,,696756.6148452068,1202673.8059750379
2984625915,106.7888257,10.8583246,Khu Công nghệ Cao Quận 9,bus_stop,platform,,,,yes,,,,695540.6326280868,1200889.558779049
2984626239,106.8023046,10.8736592,Bến xe buýt Khu A Đại học Quốc gia,bus_stop,platform,,,,yes,,,,697004.43262446,1202594.586595552
2984717715,106.7724218,10.8498838,Trường Đại học Sư phạm Kỹ thuật,bus_stop,platform,,,,yes,,,,693752.3880497265,1199945.3421191913
2984717719,106.7717702,10.8495912,Trường Đại học Sư phạm Kỹ thuật,bus_stop,platform,,,,yes,,,,693681.3255754156,1199912.5600890187
2984717720,106.7688098,10.8497947,Siêu thị Nguyễn Kim,bus_stop,platform,,,,yes,,,,693357.481876459,1199933.1877124032
2984717721,106.7691092,10.8496577,Siêu thị Nguyễn Kim,bus_stop,platform,,,,yes,,,,693390.3086337396,1199918.2232755
2984717726,106.7644654,10.8506564,Trường Cao đẳng Xây dựng,bus_stop,platform,,,,yes,,,,692881.8802985712,1200025.7495698151
2984717727,106.7608358,10.8504492,Ngã ba Chương Dương,bus_stop,platform,,,,yes,,,,692485.127569254,1200000.5302377015
2984717728,106.7544266,10.8502204,Chợ Thủ Đức,bus_stop,platform,,,,yes,,,,691784.448872932,1199971.1725013638
2984717730,106.7601645,10.8506083,Ngã ba Chương Dương,bus_stop,platform,,,,yes,,,,692411.6212378709,1200017.704876106
2991929333,106.6637513,10.815564,Sân bay Quốc tế Tân Sơn Nhất,bus_stop,platform,,,,yes,,,,681890.5638693378,1196082.0381632939
3016612589,106.7070246,10.7776675,Bảo tàng Tôn Đức Thắng,bus_stop,platform,,,,yes,,,,686646.1378579517,1191916.2467263697
3053462714,106.7543369,10.8511961,Chợ Thủ Đức,bus_stop,platform,,,,yes,,,,691774.0181758995,1200079.0458229752
3053462719,106.7478149,10.8602395,Ngã ba Tam Hà - Tô Ngọc Vân,bus_stop,platform,,,,yes,,,,691055.1142480928,1201075.300186529
3053462720,106.7459355,10.862958,Bệnh viện Thành phố Thủ Đức,bus_stop,platform,,,,yes,,,,690847.8886577884,1201374.8329924794
3084820248,106.7689508,10.8543195,Tô Vĩnh Diện,bus_stop,platform,,,,yes,,,,693369.9894851419,1200433.8048776255
3107514189,106.7732385,10.8535431,Nhà máy Nước Thủ Đức,bus_stop,platform,,,,yes,,,,693839.3329857804,1200350.6503404626
3107514190,106.7719029,10.8540931,Ngã ba Lê Văn Chí,bus_stop,platform,,,,yes,,,,693692.9355775884,1200410.6396850108
3107514191,106.768515,10.8546216,Tô Vĩnh Diện,bus_stop,platform,,,,yes,,,,693322.142249872,1200466.9456792574
3107514192,106.7663519,10.8571738,Hoàng Diệu 2,bus_stop,platform,,,,yes,,,,693083.9768507765,1200747.8919900083
3107514193,106.7684772,10.8608728,Ngã ba Linh Trung - Đường số 6,bus_stop,platform,,,,yes,,,,693313.9871480318,1201158.421389213
3107514194,106.7767448,10.8692453,Đại học Kinh tế Luật,bus_stop,platform,,,,yes,,,,694212.5815966878,1202089.8524985376
3112765123,106.8034622,10.8669097,,bus_stop,,,,,,,,,697135.4389526922,1201848.7032813241
3116282957,106.764113,10.8507903,Trường Cao đẳng Xây dựng,bus_stop,platform,,,,yes,,,,692843.260553207,1200040.3379362507
3116282962,106.7587727,10.8499304,Làng Thiếu niên Thủ Đức,bus_stop,platform,,,,yes,,,,692259.8659415572,1199941.8367831095
3116282967,106.7642169,10.8416014,Công ty Sanofi Aventis,bus_stop,platform,,,,yes,,,,692860.5130891267,1199023.9423226635
3116315714,106.6783466,10.7591345,Chợ Bầu Sen,bus_stop,platform,,,,yes,,,,683520.860001219,1189848.9188667154
3116315718,106.6696396,10.7570831,Công viên Văn Lang,bus_stop,platform,,,,yes,,,,682569.7639595817,1189616.812247263
3116339930,106.6619298,10.7530631,Triệu Quang Phục,bus_stop,platform,,,,yes,,,,681728.907494248,1189167.5736278903
3116339932,106.6646685,10.7535527,Siêu thị Điện máy Chợ Lớn,bus_stop,platform,,,,yes,,,,682028.1644271215,1189223.3523970346
3116339937,106.6681673,10.7542545,Chung cư Nguyễn Trãi,bus_stop,platform,,,,yes,,,,682410.4305266629,1189303.057664879
3116339939,106.6695319,10.7557612,Bệnh viện Nguyễn Tri Phương,bus_stop,platform,,,,yes,,,,682558.7795973876,1189470.529237652
3116339946,106.6797477,10.7732529,Cư xá Đô Thành,bus_stop,platform,,,,yes,,,,683665.551058151,1191411.4402807513
3116339947,106.681099,10.7745133,Trạm Xe Bus Bệnh Viện Bình Dân,bus_stop,platform,,,,yes,,,,683812.5785610869,1191551.6679077232
3116339948,106.6841548,10.777081,Cách mạng Tháng 8,bus_stop,platform,,,,yes,,,,684145.2306263692,1191837.5258300703
3116339949,106.6854428,10.7782415,Bệnh viện Mắt Thành phố,bus_stop,platform,,,,yes,,,,684285.3920468186,1191966.6677834322
3116339950,106.6875796,10.7802465,Sở Khoa học Và Công nghệ Thành phố,bus_stop,platform,,,,yes,,,,684517.869759535,1192189.7352615215
3116339951,106.690229,10.7828454,Trường Trung học Phổ thông Marie Curie,bus_stop,platform,,,,yes,,,,684806.0436453305,1192478.807926125
3116339952,106.6924163,10.7850268,Phạm Ngọc Thạch,bus_stop,platform,,,,yes,,,,685043.9294996168,1192721.4230202856
3116339953,106.6941735,10.7869042,Công viên Lê Văn Tám,bus_stop,platform,,,,yes,,,,685234.9596252957,1192930.1532197103
3116339954,106.6967242,10.789511,Đinh Tiên Hoàng,bus_stop,platform,,,,yes,,,,685512.3216571152,1193220.0480976603
3116339955,106.6962557,10.7960004,Cầu Bông,bus_stop,platform,,,,yes,,,,685457.1032879463,1193937.5847824109
3116339956,106.6964219,10.7986201,Bệnh viện Quận Bình Thạnh,bus_stop,platform,,,,yes,,,,685473.6716740932,1194227.4621309042
3116339957,106.6965741,10.8009837,Lăng Ông Bà Chiểu,bus_stop,platform,,,,yes,,,,685488.8655459821,1194489.0027281244
3116339958,106.6950028,10.8035837,Bệnh viện Gia Định,bus_stop,platform,,,,yes,,,,685315.4310660339,1194775.646649357
3116339960,106.695747,10.8054414,Bệnh viện Ung bướu,bus_stop,platform,,,,yes,,,,685395.6766207899,1194981.5865566044
3116339961,106.6983624,10.8035722,Trường Tiểu học Nguyễn Đình Chiểu,bus_stop,platform,,,,yes,,,,685682.8453588391,1194776.4145517885
3116339962,106.7011521,10.8036395,Tòa án Nhân dân Quận Bình Thạnh,bus_stop,platform,,,,yes,,,,685987.8871090618,1194785.5559152118
3116339964,106.7039798,10.8033062,Chùa Bồ Đề,bus_stop,platform,,,,yes,,,,686297.3319382571,1194750.4109577895
3116339965,106.706623,10.8030815,Lăng Lê Văn Duyệt,bus_stop,,,,,,,,,686586.5336485917,1194727.1688648288
3116353269,106.7209914,10.8278653,Đường số 20,bus_stop,platform,,,,yes,,,,688142.4267862239,1197477.4619203052
3116353273,106.7283443,10.8335557,Cá sấu Hoa cà,bus_stop,platform,,,,yes,,,,688942.9200867175,1198111.4612825725
3116353274,106.7307817,10.8355389,Trường Trung học Cơ sở Ngô Chí Quốc,bus_stop,platform,,,,yes,,,,689208.2068485799,1198332.3486178077
3116353275,106.7335202,10.8375756,Chùa An Lạc,bus_stop,platform,,,,yes,,,,689506.3818125763,1198559.3439803317
3116353276,106.7441006,10.8407745,Trường Cao đẳng Vinatex,bus_stop,platform,,,,yes,,,,690661.32572325,1198919.8014586754
3116353277,106.7462659,10.8412457,Trạm xăng 27-7,bus_stop,platform,,,,yes,,,,690897.8013178868,1198973.2812236995
3116353278,106.7520671,10.8474307,Trạm Cầu Ngang,bus_stop,platform,,,,yes,,,,691528.2224765586,1199661.0955381913
3116882974,106.662165,10.7557328,Bệnh viện Hùng Vương,bus_stop,platform,,,,yes,,,,681753.0339196804,1189463.0145461007
3116882975,106.6618809,10.7575239,Bệnh viện Hùng Vương,bus_stop,platform,,,,yes,,,,681720.8874142518,1189660.963962815
3116882976,106.661237,10.7595951,CoopMart Lý Thường Kiệt,bus_stop,platform,,,,yes,,,,681649.2203825598,1189889.6827849504
3116882978,106.6607257,10.7613589,Trạm Xe Bus Chung Cư Lý Thường Kiệt,bus_stop,platform,,,,yes,,,,681592.2411272477,1190084.4779448744
3116882979,106.6605194,10.7617225,Chợ Nhật Tảo,bus_stop,platform,,,,yes,,,,681569.459608851,1190124.574416952
3116902314,106.6695561,10.8001274,Siêu thị Big C - 202 Hoàng Văn Thụ,bus_stop,platform,,,,yes,,,,682534.6773285044,1194378.0149177853
3118842029,106.6610755,10.7730637,Đại học Bách Khoa (cổng sau),bus_stop,platform,,,,yes,,,,681623.4858614339,1191379.3801930428
3118842030,106.6614617,10.7739998,Đại học Bách Khoa,bus_stop,platform,,,,yes,,,,681665.1629766749,1191483.1534290262
3118842031,106.6628695,10.7755911,Ngân hàng Quân Đội - 136 Tô Hiến Thành,bus_stop,platform,,,,yes,,,,681818.1777883421,1191660.0062717502
3118842033,106.6647972,10.7732847,Bệnh Viện 115,bus_stop,platform,,,,yes,,,,682030.3942149393,1191406.0344381712
3118842034,106.6651296,10.7723321,Trạm Xe Bus Học Viện Quân Y,bus_stop,platform,,,,yes,,,,682067.3212517896,1191300.862430489
3118842035,106.6661328,10.7697624,Trạm Xe Bus Trường Trung học phổ thông Diên Hồng,bus_stop,platform,,,,yes,,,,682178.5864849421,1191017.2175379049
3118842036,106.6666733,10.7685296,Trạm Xe Bus Siêu Thị Sài Gòn,bus_stop,platform,,,,yes,,,,682238.4429354084,1190881.1756579208
3124681592,106.7063876,10.7733704,Bến Bạch Đằng,bus_stop,platform,,,,yes,,,,686579.1164075531,1191440.5357489698
3124681595,106.680661,10.7552899,Trần Bình Trọng,bus_stop,platform,,,,yes,,,,683776.3278260698,1189425.0406296048
3124681597,106.6818025,10.7555901,Trường Cao đẳng Kinh Tế Đối ngoại,bus_stop,platform,,,,yes,,,,683900.9997909365,1189458.9306342464
3124681921,106.6828285,10.7558691,Nguyễn Biểu,bus_stop,platform,,,,yes,,,,684013.0513939541,1189490.4068681493
3141309028,106.6879046,10.8036475,Bệnh viện Phước An,bus_stop,platform,,,,yes,,,,684539.1320056869,1194778.4070524594
3141309629,106.6951454,10.8026975,Uỷ ban Nhân dân Quận Bình Thạnh,bus_stop,platform,,,,yes,,,,685331.5696085661,1194677.7067087656
3141558631,106.7153558,10.8270992,Trạm Xe Bus Kha Vạn Cân - Ngã 4 Bình Triệu,bus_stop,platform,,,,yes,,,,687526.6352307401,1197389.24651127
3141558632,106.7191144,10.8281353,Kha Vạn Cân,bus_stop,,,,,,,,,687937.0031093169,1197506.1702698092
3148967606,106.7855236,10.8568575,Công ty Coca-Cola,bus_stop,platform,,,,yes,,,,695180.5160845913,1200725.1463094198
3148967611,106.8001832,10.8744832,Nhà văn hóa sinh viên,bus_stop,platform,,,,yes,,,,696771.936974285,1202684.361900417
3150110708,106.6680077,10.7633262,Trường Trung học Cơ sở Hoàng Văn Thụ,bus_stop,platform,,,,yes,,,,682387.5191899764,1190306.4074130752
3150110712,106.6685648,10.7530168,Nhà Văn hóa Quận 5,bus_stop,platform,,,,yes,,,,682454.6519136106,1189166.3887144988
3150623838,106.6610573,10.7643299,Ngã ba Nguyễn Kim,bus_stop,platform,,,,yes,,,,681626.7298127149,1190413.303428776
3150623839,106.6618098,10.7649041,Ngã ba Nguyễn Kim,bus_stop,platform,,,,yes,,,,681708.6886515657,1190477.2629048135
3150775221,106.6703996,10.7678041,Bệnh viện Nhi đồng 1,bus_stop,platform,,,,yes,,,,682646.4316318556,1190803.1442267643
3150775222,106.6697602,10.7679785,Bệnh viện Nhi đồng 1,bus_stop,platform,,,,yes,,,,682576.3941371553,1190822.0541499509
3150775223,106.6733812,10.7676535,Chợ Phường 10,bus_stop,platform,,,,yes,,,,682972.6262658034,1190788.264239754
3150775224,106.6731242,10.7678299,Chợ Phường 10,bus_stop,platform,,,,yes,,,,682944.4111335183,1190807.622959313
3150775225,106.6756642,10.7673926,Hồ Thị Kỷ,bus_stop,platform,,,,yes,,,,683222.4808260883,1190760.7690707606
3150775226,106.6756198,10.7672304,Ngã ba Hồ Thị Kỷ,bus_stop,platform,,,,yes,,,,683217.7227448632,1190742.8010876062
3150775230,106.6830377,10.7622515,Đại học Khoa học Tự nhiên,bus_stop,platform,,,,yes,,,,684032.0605914574,1190196.511478
3151254797,106.6765616,10.7584062,Huỳnh Mẫn Đạt,bus_stop,platform,,,,yes,,,,683326.0649542483,1189767.2919959298
3151254798,106.6721669,10.7570355,Chợ An Đông,bus_stop,platform,,,,yes,,,,682846.2182905436,1189613.0521227792
3151254801,106.6674938,10.7578287,Trạm Xe Bus Ký Túc Xá Đại học Y Dược,bus_stop,platform,,,,yes,,,,682334.617338422,1189698.0089305125
3160527872,106.6742079,10.7717065,Nhà hát Hòa Bình,bus_stop,platform,,,,yes,,,,683060.5956825168,1191237.0724750462
3160533668,106.6748363,10.7719284,Nhà hát Hòa Bình,bus_stop,platform,,,,yes,,,,683129.190144725,1191261.99303602
3160533670,106.6772301,10.7733768,Học viện Hành chính Quốc gia,bus_stop,platform,,,,yes,,,,683390.1250544495,1191423.6370151183
3160535889,106.6804476,10.7785069,Công trường Dân Chủ,bus_stop,platform,,,,yes,,,,683738.9116595939,1191993.0227823653
3160535892,106.6707737,10.7836781,Rạp hát Thanh Vân,bus_stop,platform,,,,yes,,,,682677.7719192306,1192559.2361549214
3160535893,106.6699956,10.7840832,Chợ Hòa Hưng,bus_stop,platform,,,,yes,,,,682592.4296125611,1192603.5811229236
3160535894,106.6669098,10.7857536,Công Viên Lê Thị Riêng,bus_stop,platform,,,,yes,,,,682253.9418894751,1192786.5093197867
3160535895,106.6623537,10.7880857,Ngã ba Bành Văn Trân,bus_stop,platform,,,,yes,,,,681754.2620291756,1193041.7588786175
3160542986,106.671879,10.7661181,Chùa An Quang,bus_stop,platform,,,,yes,,,,682809.2534983082,1190617.5328635857
3160542987,106.6724825,10.7637637,Chung cư Ngô Gia Tự,bus_stop,platform,,,,yes,,,,682876.680213611,1190357.46579118
3160542988,106.6738508,10.7581136,Bệnh viện 30/4,bus_stop,platform,,,,yes,,,,683029.7460737352,1189733.3079743844
3160545659,106.6637343,10.7523306,Tản Đà,bus_stop,platform,,,,yes,,,,681926.7171916483,1189087.6190983278
3160548761,106.6702826,10.7527105,Đồng Khánh,bus_stop,platform,,,,yes,,,,682642.7245043719,1189133.5297421906
3160548762,106.6714816,10.7529559,Đồng Khánh,bus_stop,platform,,,,yes,,,,682773.7202802254,1189161.3878550369
3160548850,106.6781386,10.7544024,Bệnh viện Chấn thương Chỉnh Hình,bus_stop,platform,,,,yes,,,,683500.9720769194,1189325.3619293824
3160554145,106.6843556,10.7560844,Nguyễn Biểu,bus_stop,platform,,,,yes,,,,684179.9502756159,1189515.1381790398
3160554147,106.68587,10.757051,Chợ Nancy,bus_stop,platform,,,,yes,,,,684345.0034408596,1189622.9666970584
3160583012,106.6875927,10.7669423,Chợ Thái Bình,bus_stop,platform,,,,yes,,,,684527.407366834,1190718.1155069876
3162351957,106.6950287,10.8070488,Hồ bơi Đại Đồng,bus_stop,platform,,,,yes,,,,685316.1370818081,1195158.952207412
3162351958,106.6960758,10.811933,Ngã năm Bình Hòa,bus_stop,platform,,,,yes,,,,685427.646715005,1195699.850885841
3162352195,106.6952967,10.8124685,Chợ Phan Văn Trị,bus_stop,platform,,,,yes,,,,685342.1175444052,1195758.6117676443
3162352203,106.7009191,10.8190474,Trường Trung cấp Xây dựng Thành phố Hồ Chí Minh,bus_stop,platform,,,,yes,,,,685952.9126322807,1196489.7546603642
3162352204,106.7033766,10.8196942,UBND Phường 13,bus_stop,platform,,,,yes,,,,686221.2533682974,1196562.7994450515
3162352206,106.7074115,10.8155578,Nhà sách Miền Đông,bus_stop,platform,,,,yes,,,,686665.0497784194,1196107.717202607
3162506784,106.6826522,10.7785222,Ngã sáu Dân Chủ,bus_stop,platform,,,,yes,,,,683980.0165739725,1191996.0389268135
3162508870,106.6952364,10.7912747,Đền Trần Hưng Đạo,bus_stop,platform,,,,yes,,,,685348.5267357551,1193414.2366004402
3162508871,106.6927829,10.7888286,Công viên Lê Văn Tám,bus_stop,platform,,,,yes,,,,685081.6973876207,1193142.1775155137
3162508872,106.6896706,10.7855814,Nhà Thiếu nhi Thành phố,bus_stop,platform,,,,yes,,,,684743.3023537978,1192781.110579525
3162508873,106.6884339,10.7835856,Nhà Thiếu nhi Thành phố,bus_stop,platform,,,,yes,,,,684609.2664428737,1192559.601032091
3162543049,106.7031914,10.796765,Trạm điện Nguyễn Cửu Vân,bus_stop,platform,,,,yes,,,,686215.1433513925,1194026.3769561136
3162543050,106.7045256,10.797252,Trạm điện Nguyễn Cửu Vân,bus_stop,platform,,,,yes,,,,686360.7555067095,1194081.0594516431
3164002580,106.7961385,10.8705279,Đại học Thể dục Thể thao,bus_stop,platform,,,,yes,,,,696332.2769415666,1202244.2058071156
3164004056,106.7695683,10.8715667,Vietcombank - Quốc lộ 1,bus_stop,platform,,,,yes,,,,693426.4021374716,1202342.0624583606
3164009009,106.6717916,10.8618955,Tô Ngọc Vân,bus_stop,platform,,,,yes,,,,682741.6797015403,1201211.7245976767
3164009010,106.6717546,10.8615801,Cây xăng Thạnh Xuân,bus_stop,platform,,,,yes,,,,682737.8260736851,1201176.8148491955
3164237717,106.6872266,10.7747207,Võ Văn Tần,bus_stop,platform,,,,yes,,,,684482.6294978217,1191578.2929566228
3164258338,106.684384,10.7762332,Bệnh viện Mắt - Bình Dân - Da Liễu,bus_stop,platform,,,,yes,,,,684170.8137197495,1191743.885437314
3164258339,106.6824599,10.7772828,Công an Quận 3,bus_stop,platform,,,,yes,,,,683959.7380029828,1191858.8289939077
3164258340,106.6825349,10.7774253,Công trường Dân Chủ,bus_stop,platform,,,,yes,,,,683967.8541116633,1191874.6364750194
3164261850,106.6792694,10.7670943,Lý Thái Tổ,bus_stop,platform,,,,yes,,,,683616.9712567456,1190729.9304950486
3164261851,106.6803738,10.7682516,Chợ Bàn Cờ,bus_stop,platform,,,,yes,,,,683737.0608703583,1190858.605105426
3164261854,106.6825102,10.769645,Nguyễn Đình Chiểu,bus_stop,platform,,,,yes,,,,683969.8781109811,1191014.0154680936
3166133532,106.6934155,10.7699494,Nguyễn Thị Nghĩa,bus_stop,platform,,,,yes,,,,685162.4290752704,1191054.2543583377
3166133536,106.6992917,10.7726204,Chợ Bến Thành,bus_stop,platform,,,,yes,,,,685803.4860152693,1191353.2621467821
3166140582,106.7087129,10.7851929,Mầm non Hoa Lư,bus_stop,platform,,,,yes,,,,686826.1426304771,1192749.698009294
3166140583,106.7073585,10.7835232,Nguyễn Hữu Cảnh,bus_stop,platform,,,,yes,,,,686679.0451810069,1192564.1777530552
3166140585,106.7085874,10.7856443,,bus_stop,platform,,,,yes,,,,686812.1382639653,1192799.5529870298
3166144873,106.71979,10.7965163,Tân Cảng,bus_stop,platform,,,,yes,,,,688030.5818146945,1194009.0275957559
3166144990,106.7107926,10.7891216,Hồ bơi Hải Quân,bus_stop,platform,,,,yes,,,,687051.1654431403,1193185.5420256844
3166144991,106.7106287,10.7894937,Hồ bơi Hải Quân,bus_stop,platform,,,,yes,,,,687033.01017924,1193226.6016879936
3166144992,106.7184473,10.793332,Chung cư Manor,bus_stop,platform,,,,yes,,,,687885.7178046184,1193655.9688858008
3166179576,106.7035068,10.7780395,Nhà hát Thành phố,bus_stop,platform,,,,yes,,,,686261.1663565587,1191955.2534285258
3166179577,106.701527,10.7798555,Bệnh viện Nhi đồng 2,bus_stop,platform,,,,yes,,,,686043.5197019384,1192154.9258721706
3166367902,106.6712238,10.7699578,Trạm Xe Bus Sư Vạn Hạnh,bus_stop,platform,,,,yes,,,,682735.2773087998,1191041.8624205485
3166987989,106.6992533,10.7678522,Calmette,bus_stop,platform,,,,yes,,,,685802.2101119307,1190825.8074373032
3167004171,106.6864365,10.7746712,Cách mạng Tháng 8,bus_stop,platform,,,,yes,,,,684396.246133213,1191572.3418275516
3167004172,106.6841467,10.7722404,Chợ Vườn Chuối,bus_stop,platform,,,,yes,,,,684147.2878728281,1191302.0848234121
3167004173,106.681737,10.7696813,Cao Thắng,bus_stop,platform,,,,yes,,,,683885.2897112085,1191017.566670851
3167010080,106.6927446,10.7871928,Công viên Lê Văn Tám,bus_stop,platform,,,,yes,,,,685078.5095811038,1192961.211744139
3167010081,106.6903304,10.7892203,Nhà thờ Tân Định,bus_stop,platform,,,,yes,,,,684813.2391968432,1193184.0222872933
3167010082,106.6879584,10.7909914,Trần Quang Khải,bus_stop,platform,,,,yes,,,,684552.744095308,1193378.4984817957
3167010083,106.6948579,10.7924976,Chợ Đakao,bus_stop,platform,,,,yes,,,,685306.3827115219,1193549.2774365668
3167018763,106.688326,10.7858932,Viện Pasteur,bus_stop,platform,,,,yes,,,,684596.0578870245,1192814.7885316815
3167018764,106.6846521,10.7892295,Lý Chính Thắng,bus_stop,platform,,,,yes,,,,684192.2256050215,1193181.6150815678
3167018765,106.6830812,10.7906868,Chùa Vĩnh Nghiêm,bus_stop,platform,,,,yes,,,,684019.537498766,1193341.8668795524
3167021689,106.6759988,10.7954552,Trung tâm Văn hoá Quận Phú Nhuận,bus_stop,platform,,,,yes,,,,683242.0865870492,1193865.0631010076
3167021690,106.6736192,10.79687,Cổng Xe lửa,bus_stop,platform,,,,yes,,,,682980.9917747242,1194020.1333830415
3167021691,106.6705919,10.7986222,Bệnh viện Quận Phú Nhuận,bus_stop,platform,,,,yes,,,,682648.8625494853,1194212.13906015
3167034797,106.6659124,10.8025381,Rạp Tân Sơn Nhất,bus_stop,platform,,,,yes,,,,682134.7483943331,1194642.4951779095
3167034798,106.6666602,10.8053294,Bãi xe buýt Phổ Quang,bus_stop,platform,,,,yes,,,,682214.8431907364,1194951.6947214897
3167034799,106.6684624,10.8071967,Cây xăng Quân đội  - 96-100 Phổ Quang,bus_stop,platform,,,,yes,,,,682410.8006091702,1195159.317974953
3167034800,106.6722317,10.8082357,Trường Đại học Kỹ thuật Công nghệ,bus_stop,platform,,,,yes,,,,682822.3734908804,1195276.49894667
3167034801,106.6740936,10.8079879,Đầu Đường Đào Duy Anh,bus_stop,platform,,,,yes,,,,683026.1364151437,1195250.204297692
3167034802,106.6772195,10.8059264,Cuối Đường Đào Duy Anh,bus_stop,platform,,,,yes,,,,683369.2296148402,1195024.0499473754
3167034803,106.6777718,10.8048707,Ngã ba Đào Duy Anh,bus_stop,platform,,,,yes,,,,683430.269588814,1194907.6069582596
3167034805,106.6750228,10.7999921,Trung tâm Hội nghị Tiệc cưới White Palace,bus_stop,platform,,,,yes,,,,683132.599715095,1194366.3195698108
3167038258,106.6749061,10.8097474,Cuối công viên Gia Định,bus_stop,platform,,,,yes,,,,683113.922243632,1195445.3155220544
3167038259,106.6748944,10.8101063,Cuối Công viên Gia Định,bus_stop,platform,,,,yes,,,,683112.425049426,1195485.0076286944
3167039162,106.6779114,10.8131373,Đầu Công viên Gia Định,bus_stop,platform,,,,yes,,,,683440.5127669498,1195822.088197587
3167039164,106.6804333,10.8162398,Cầu vượt Nguyễn Thái Sơn - Nguyễn Kiệm,bus_stop,platform,,,,yes,,,,683714.4086123348,1196166.7838171748
3167044461,106.6831117,10.8196997,Ngã ba Phạm Ngũ Lão,bus_stop,platform,,,,yes,,,,684005.1944093979,1196551.1103853
3167044462,106.6831457,10.8199071,Trạm Xe Bus UBND Phường 3,bus_stop,platform,,,,yes,,,,684008.7858916727,1196574.0722024844
3167044467,106.678986,10.8237109,Cầu vượt Ngã sáu Gò Vấp,bus_stop,platform,,,,yes,,,,683551.591828787,1196992.318183187
3167052561,106.6786928,10.8124847,Trường Cao đẳng Hải quan,bus_stop,platform,,,,yes,,,,683526.3604116829,1195750.3715151618
3167052562,106.6785381,10.8103396,Chùa Vạn Hạnh,bus_stop,platform,,,,yes,,,,683510.7472821444,1195513.0014249976
3167052563,106.6784961,10.8070805,Co.op Mart Nguyễn Kiệm,bus_stop,platform,,,,yes,,,,683508.1353699211,1195152.4756884575
3167052564,106.6787217,10.8051009,Ngã ba Hồ Văn Huê,bus_stop,platform,,,,yes,,,,683534.0097735539,1194933.6407593538
3167052565,106.6791754,10.8022474,Nhà Truyền thông,bus_stop,platform,,,,yes,,,,683585.360353793,1194618.2777404746
3167052566,106.680097,10.7997538,Ngã tư Phú Nhuận,bus_stop,platform,,,,yes,,,,683687.6626654156,1194343.0057102945
3167052567,106.6808892,10.7978974,Trường Cao đẳng Kinh tế Đối ngoại,bus_stop,platform,,,,yes,,,,683775.4274274779,1194138.1389451206
3168055831,106.6787703,10.8289815,Cầu vượt Ngã sáu Gò Vấp,bus_stop,platform,,,,yes,,,,683524.7950773572,1197575.1886079041
3168055832,106.6788602,10.8284951,Cầu vượt Ngã sáu Gò Vấp,bus_stop,platform,,,,yes,,,,683534.9219346975,1197521.4402564052
3168055834,106.6755947,10.8361073,Cư xá Lam Sơn,bus_stop,platform,,,,yes,,,,683173.2092663936,1198361.4880604008
3168055835,106.6758416,10.8392755,Đài Liệt sĩ,bus_stop,platform,,,,yes,,,,683198.2792889643,1198712.0824286477
3168057762,106.6784211,10.8467986,Bến Đò,bus_stop,platform,,,,yes,,,,683475.7512208319,1199545.7936727544
3168057763,106.6783213,10.8469995,Bến Đò,bus_stop,platform,,,,yes,,,,683464.7161816101,1199567.9558028257
3168057764,106.6787628,10.8491376,Cầu An Lộc,bus_stop,platform,,,,yes,,,,683511.6868623598,1199804.7253562054
3168057768,106.6798249,10.8573287,Ngã tư Ga,bus_stop,platform,,,,yes,,,,683622.8167078098,1200711.4155015878
3168057769,106.6796912,10.8579377,Ngã tư Ga,bus_stop,platform,,,,yes,,,,683607.8258421987,1200778.6986098515
3168063562,106.6777416,10.7955336,Công an Quận Phú Nhuận,bus_stop,platform,,,,yes,,,,683432.635643363,1193874.7803053025
3168066486,106.6862268,10.7900952,Trạm Xe Bus Lý Chính Thắng - Huỳnh Tịnh Của,bus_stop,platform,,,,yes,,,,684363.9149602966,1193278.322065878
3168095079,106.699669,10.777076,Lý Tự Trọng,bus_stop,platform,,,,yes,,,,685842.0178766812,1191846.3446002565
3168095080,106.6983598,10.7782907,Lê Duẩn,bus_stop,platform,,,,yes,,,,685698.085506303,1191979.9136835064
3168095081,106.6967169,10.7798086,Nguyễn Thị Minh Khai,bus_stop,platform,,,,yes,,,,685517.4720012816,1192146.819253411
3168095082,106.6947138,10.7816448,Đại học Kiến trúc,bus_stop,platform,,,,yes,,,,685297.2709581268,1192348.7159791673
3168095083,106.6927287,10.7834477,Điện Biên Phủ,bus_stop,platform,,,,yes,,,,685079.0615801562,1192546.9412038466
3168120093,106.6909482,10.783203,Điện Biên Phủ,bus_stop,platform,,,,yes,,,,684884.4823482105,1192518.7978306715
3168120094,106.6931136,10.7812374,Co.opmart Nguyễn Đình Chiểu,bus_stop,platform,,,,yes,,,,685122.5091356002,1192302.6836036034
3168120097,106.6997984,10.7740107,Chùa Ông,bus_stop,platform,,,,yes,,,,685858.0516099203,1191507.356718335
3168901215,106.6820646,10.7792332,Trạm Xe Bus Nguyễn Thông,bus_stop,platform,,,,yes,,,,683915.3195828523,1192074.3321328678
3168901216,106.6827193,10.7838133,Trần Quốc Thảo,bus_stop,platform,,,,yes,,,,683984.1389804983,1192581.3466249653
3168904961,106.6781779,10.7885148,Lê Văn Sỹ,bus_stop,platform,,,,yes,,,,683484.6095697498,1193098.6688902613
3168915061,106.6879721,10.825148,Uỷ ban Nhân dân Phường 5,bus_stop,platform,,,,yes,,,,684533.3637469221,1197156.7052270242
3168915062,106.691945,10.823964,Bãi hậu cần số 1,bus_stop,platform,,,,yes,,,,684968.5357449072,1197028.145223575
3168924675,106.677556,10.7986324,Nhà thờ Phú Nhuận,bus_stop,platform,,,,yes,,,,683410.457413585,1194217.4377101606
3168949055,106.7040914,10.7637452,Đoàn Văn Bơ,bus_stop,platform,,,,yes,,,,686333.8952000453,1190374.4503797283
3168949056,106.7065063,10.7647449,Chợ Xóm Chiều,bus_stop,platform,,,,yes,,,,686597.4102405689,1190486.5005346911
3168949057,106.7076637,10.7639393,Bưu điện Quận 4,bus_stop,platform,,,,yes,,,,686724.4970735963,1190398.0939416497
3168949058,106.7079132,10.7637282,Bưu điện Quận 4,bus_stop,platform,,,,yes,,,,686751.9162569961,1190374.895117373
3168949059,106.7093449,10.7618677,Đại học Nguyễn Tất Thành,bus_stop,platform,,,,yes,,,,686909.6560107716,1190169.9685591534
3168949060,106.7102061,10.7615245,Đại học Nguyễn Tất Thành,bus_stop,platform,,,,yes,,,,687004.0624413046,1190132.5305540974
3168950761,106.7133495,10.7595282,Trường Trung học Phổ thông Nguyễn Trãi,bus_stop,platform,,,,yes,,,,687349.1095483014,1189913.6282610495
3168950762,106.7132204,10.7597473,Nhà thờ Thánh An Tôn,bus_stop,platform,,,,yes,,,,687334.8536167758,1189937.7851674536
3168950763,106.7240064,10.7517004,Cầu Tân Thuận 2,bus_stop,platform,,,,yes,,,,688519.5984881837,1189054.2808789418
3168950764,106.7241853,10.7512201,Cầu Tân Thuận 2,bus_stop,platform,,,,yes,,,,688539.4650272289,1189001.2620920793
3168954866,106.7217125,10.7478076,UBND Phường Tân Thuận Tây,bus_stop,platform,,,,yes,,,,688271.1046106433,1188622.269150306
3168954867,106.7219972,10.7468776,UBND Phường Tân Thuận Tây,bus_stop,platform,,,,yes,,,,688302.8223696963,1188519.5713626537
3168954868,106.7214897,10.7424799,Cầu Lý Phục Man,bus_stop,platform,,,,yes,,,,688250.0365823321,1188032.806861055
3168954869,106.7218917,10.7419321,Cầu Lý Phục Man,bus_stop,platform,,,,yes,,,,688294.3484112693,1187972.4581062372
3169680595,106.66228,10.7784986,Trường Trung học phổ thông Nguyễn Du,bus_stop,platform,,,,yes,,,,681751.9597185594,1191981.262091391
3169680596,106.6648735,10.7826422,Ngã tư Nguyễn Giản Thanh,bus_stop,platform,,,,yes,,,,682033.1131545897,1192441.137100405
3169680597,106.6617399,10.7811147,Ngã tư Đồng Nai,bus_stop,platform,,,,yes,,,,681691.3200710698,1192270.3147626251
3169684691,106.6690577,10.8130989,Đoàn tiếp viên - 76-78 Hồng Hà,bus_stop,platform,,,,yes,,,,682472.333219144,1195812.533777355
3169684692,106.6706282,10.8143411,Trạm Xe Bus Nguyễn Thái Sơn - Hồng Hà,bus_stop,platform,,,,yes,,,,682643.3242204101,1195950.8767028488
3169694169,106.6631358,10.8350641,Chùa Huỳnh Kim,bus_stop,platform,,,,yes,,,,681811.4937054913,1198238.6322234748
3169702456,106.6609996,10.8525641,Trường Tiểu học Lê Thị Hồng Gấm 1,bus_stop,platform,,,,yes,,,,681567.3459446762,1200173.0824173256
3169702457,106.6643926,10.8537319,Nhà thờ Hợp An,bus_stop,platform,,,,yes,,,,681937.632641788,1200304.2839847773
3169702458,106.6652527,10.8518612,Trạm Xe Bus Nhà Thờ Hà Nội,bus_stop,platform,,,,yes,,,,682032.8091131665,1200097.8747588035
3171491268,106.7016772,10.7617562,Trường Trung học cơ sở Vân Đồn,bus_stop,platform,,,,yes,,,,686071.0623152873,1190152.972128507
3171491271,106.6989812,10.7588692,Khánh Hội,bus_stop,platform,,,,yes,,,,685777.9538174223,1189831.9941807662
3171491272,106.7006956,10.7568422,Hồ bơi Quận 4,bus_stop,platform,,,,yes,,,,685966.7119634999,1189608.8176875855
3171491273,106.700844,10.7563967,Hồ bơi Quận 4,bus_stop,platform,,,,yes,,,,685983.216694359,1189559.628943255
3171492371,106.7020672,10.7473797,Cầu Kênh Tẻ,bus_stop,platform,,,,yes,,,,686122.5368062436,1188562.9606420365
3171492372,106.7022091,10.7471511,Cầu Kênh Tẻ,bus_stop,platform,,,,yes,,,,686138.1981035332,1188537.7602072766
3171492373,106.7009633,10.7410793,Siêu thị Lotte Mart Nguyễn Hữu Thọ,bus_stop,platform,,,,yes,,,,686005.6493491967,1187865.3774982803
3171492374,106.701163,10.741179,Siêu thị Lotte Mart Nguyễn Hữu Thọ,bus_stop,platform,,,,yes,,,,686027.4321370034,1187876.526644463
3171493701,106.720941,10.7533429,Trường Mầm non Tân Thuận Tây,bus_stop,platform,,,,yes,,,,688183.2849281583,1189234.0856905284
3171493702,106.704563,10.7517394,Ngã ba Tân Quy,bus_stop,platform,,,,yes,,,,686392.8533612714,1189046.7206106526
3171493703,106.7050661,10.7513372,Ngã ba Tân Quy,bus_stop,platform,,,,yes,,,,686448.1292901457,1189002.5369840902
3171493705,106.7043033,10.744457,Đường số 15,bus_stop,platform,,,,yes,,,,686368.9174126366,1188241.0239314123
3171496170,106.7299339,10.7403254,Nghĩa trang Liệt sĩ Huyện Nhà Bè,bus_stop,platform,,,,yes,,,,689175.0388597391,1187799.6721550666
3171497143,106.7286589,10.7518839,Khu chế xuất Tân Thuận,bus_stop,platform,,,,yes,,,,689028.3781623974,1189077.4402007894
3171497144,106.728848,10.7494437,Bùi Văn Ba,bus_stop,platform,,,,yes,,,,689050.5818265236,1188807.6318892622
3171499318,106.7010714,10.7517943,UBND Phường Tân Hưng,bus_stop,platform,,,,yes,,,,686010.910320255,1189050.6752682067
3171499320,106.6926682,10.7513176,Cầu Rạch Ông,bus_stop,platform,,,,yes,,,,685092.0661723334,1188992.865891863
3171506752,106.6834574,10.7606257,Bộ Công an,bus_stop,platform,,,,yes,,,,684078.9520333076,1190016.9280074984
3171506754,106.6844448,10.758079,Phan Văn Trị,bus_stop,platform,,,,yes,,,,684188.4957017642,1189735.8213911264
3171509286,106.6960483,10.7667542,Cầu Ông Lãnh,bus_stop,platform,,,,yes,,,,685452.3402653304,1190702.4119995774
3171509287,106.6965412,10.7662479,Cầu Ông Lãnh,bus_stop,platform,,,,yes,,,,685506.560441598,1190646.706283551
3171528312,106.6809806,10.7479471,Âu Dương Lân,bus_stop,platform,,,,yes,,,,683815.7314027145,1188613.020934579
3171528313,106.6835243,10.7492028,Công viên Phường 2,bus_stop,platform,,,,yes,,,,684093.1993346494,1188753.442045456
3171528314,106.6769487,10.7457454,Ngân hàng Sacombank - 600A Phạm Thế Hiển,bus_stop,platform,,,,yes,,,,683376.0533599523,1188367.0735283517
3171528315,106.6729433,10.7440413,Cao Lỗ,bus_stop,platform,,,,yes,,,,682938.9684108726,1188176.1895973058
3171528316,106.6700102,10.7434826,Chợ Phạm Thế Hiển,bus_stop,platform,,,,yes,,,,682618.4800388201,1188112.6450269842
3171528317,106.6672016,10.7429959,Công An Quận 8,bus_stop,platform,,,,yes,,,,682311.5656144805,1188057.141678841
3171528318,106.6632303,10.7423399,Quận ủy Quận 8,bus_stop,platform,,,,yes,,,,681877.5749480763,1187982.2260566128
3171978000,106.6662206,10.7402767,UBND Quận 8,bus_stop,platform,,,,yes,,,,682205.8938373154,1187755.7823646257
3172060263,106.695143,10.8105115,Trạm Xe Bus Nơ Trang Long - Phan Văn Trị,bus_stop,platform,,,,yes,,,,685326.5110623104,1195542.0460385603
3172060264,106.6945383,10.8195597,Chùa Giác Quang,bus_stop,platform,,,,yes,,,,685254.8264951124,1196542.54029765
3172180910,106.689775,10.8268199,Vincom Plaza,bus_stop,platform,,,,yes,,,,684729.4900351702,1197342.7329028
3172180911,106.6881775,10.8299456,Chợ Bến Cát,bus_stop,platform,,,,yes,,,,684552.8864987749,1197687.5119838084
3172180912,106.683412,10.8364743,XP Garden,bus_stop,platform,,,,yes,,,,684027.7887045669,1198406.7954315408
3174416228,106.6759254,10.8384674,Đài liệt sĩ,bus_stop,platform,,,,yes,,,,683207.9343262333,1198622.7460185923
3174416230,106.6658149,10.8385433,Điện lực Gò Vấp,bus_stop,platform,,,,yes,,,,682102.3417688485,1198625.0773327956
3174416232,106.6621938,10.8425941,Trạm Xe Bus Nhà Tang Lễ Gò Vấp,bus_stop,platform,,,,yes,,,,681703.9434757922,1199070.9849163676
3174416233,106.6608203,10.8447758,Trạm Xe Bus Chùa Pháp Bảo,bus_stop,,,,,,,,,681552.4425577552,1199311.4893903323
3175002779,106.6892512,10.7464672,Trường Trung học cơ sở Dương Bá Trạc,bus_stop,platform,,,,yes,,,,684721.2691638222,1188454.2869515165
3175002780,106.6891234,10.7449488,Trường Tiểu học Rạch Ông,bus_stop,platform,,,,yes,,,,684708.2137908088,1188286.254293579
3175002782,106.6886089,10.7477987,Trường Trung học cơ sở Dương Bá Trạc,bus_stop,platform,,,,yes,,,,684650.2043100138,1188601.1827540903
3175105773,106.6945788,10.8085771,Ngã tư Bình Hòa,bus_stop,platform,,,,yes,,,,685265.9986129315,1195327.7311718494
3175105776,106.6892294,10.8151055,Trạm Xe Bus Lê Quang Định - Nguyễn Thượng Hiền,bus_stop,platform,,,,yes,,,,684677.0021687206,1196046.6238165249
3175105777,106.6895076,10.8185456,Trạm Xe Bus Giao Lộ Phạm Văn Đồng,bus_stop,platform,,,,yes,,,,684705.3185590315,1196427.3159148488
3175110461,106.6827082,10.8262729,Chi cục thuế Quận Gò Vấp,bus_stop,platform,,,,yes,,,,683957.059269253,1197277.9538322354
3178456807,106.6861308,10.7834111,Uỷ ban Nhân dân Quận 3,bus_stop,platform,,,,yes,,,,684357.4892615736,1192538.9106868075
3178456808,106.6794812,10.7870574,Chợ Nguyễn Văn Trỗi,bus_stop,platform,,,,yes,,,,683628.029598604,1192938.2428756307
3178456809,106.6792902,10.786952,Chợ Nguyễn Văn Trỗi,bus_stop,platform,,,,yes,,,,683607.2047632105,1192926.4695969608
3178456810,106.6697283,10.7932667,Nhà thờ Ba Chuông,bus_stop,platform,,,,yes,,,,682557.6531448473,1193619.2353815222
3178456811,106.6655338,10.7963501,Ngã tư Phạm Văn Hai,bus_stop,platform,,,,yes,,,,682097.0742116262,1193957.7977127908
3178465561,106.6886209,10.7809904,Điện Biên Phủ,bus_stop,platform,,,,yes,,,,684631.3013282366,1192272.648702516
3178465562,106.6903676,10.7794239,Nguyễn Đình Chiểu,bus_stop,platform,,,,yes,,,,684823.2912371678,1192100.4259443365
3178488394,106.7667993,10.7773657,Chợ Cây Xoài,bus_stop,platform,,,,yes,,,,693184.0059179977,1191919.9347049
3178488396,106.7728523,10.7882452,Nhà sách Nguyễn Văn Cừ,bus_stop,platform,,,,yes,,,,693839.0768663028,1193127.2336969154
3178488397,106.7775933,10.7886717,Trường Tiểu học Nguyễn Văn Trỗi,bus_stop,platform,,,,yes,,,,694357.3269898655,1193177.420759776
3178488398,106.781661,10.791546,Cầu Ông Kỳ 2,bus_stop,platform,,,,yes,,,,694800.3610156478,1193497.9604674836
3178488401,106.7710619,10.812649,Chợ Phước Bình,bus_stop,platform,,,,yes,,,,693627.6191489577,1195825.611377108
3178489139,106.7719961,10.8212777,Trường Cao đẳng Kỹ thuật Công nghệ,bus_stop,platform,,,,yes,,,,693724.2425011344,1196780.6993292028
3178489140,106.7687902,10.8266179,Uỷ ban Nhân dân Phường Phước Long B,bus_stop,platform,,,,yes,,,,693370.2260232305,1197369.3898344012
3178489141,106.7678595,10.8308686,Đường 98,bus_stop,platform,,,,yes,,,,693265.7218754463,1197839.0056614599
3178503261,106.7506626,10.8556331,Ngã ba Linh Đông,bus_stop,platform,,,,yes,,,,691369.4230471912,1200567.542342206
3178503263,106.7385928,10.8665491,Điện lực Thủ Đức,bus_stop,platform,,,,yes,,,,690042.7557793336,1201767.4676694348
3180486881,106.6879224,10.7693473,Trường Bùi Thị Xuân,bus_stop,platform,,,,yes,,,,684562.0030364378,1190984.3400663356
3180486883,106.7005492,10.7912552,Nguyễn Văn Thủ,bus_stop,platform,,,,yes,,,,685929.5727280283,1193415.304382076
3180486884,106.7033984,10.7923606,Trạm Xe Bus Hoàng Sa,bus_stop,platform,,,,yes,,,,686240.4950655348,1193539.311471777
3181108998,106.681434,10.8296479,CoopMart Phan Văn Trị,bus_stop,platform,,,,yes,,,,683815.6649625571,1197650.5068167034
3181108999,106.6726733,10.8326622,Nhà khách Phía Nam,bus_stop,platform,,,,yes,,,,682855.8534985047,1197978.6586357073
3181109001,106.6646738,10.8357743,Chợ Thông Tây,bus_stop,platform,,,,yes,,,,681979.2406051923,1198318.1079027147
3181281947,106.6998546,10.7651414,Trạm Xe Bus Cầu Calmette,bus_stop,platform,,,,yes,,,,685869.638735872,1190526.3185713761
3181281948,106.7000617,10.765093,Trạm Xe Bus Cầu Calmette,bus_stop,platform,,,,yes,,,,685892.3198731755,1190521.0904040006
3181281953,106.6946981,10.7599322,Hồ Hảo Hớn,bus_stop,platform,,,,yes,,,,685308.8334815097,1189946.9862072195
3181281954,106.6915957,10.7582536,Trường Tiểu học Chương Dương,bus_stop,platform,,,,yes,,,,684970.5290061042,1189759.4371118594
3181281955,106.6863084,10.7533661,Cầu Nguyễn Văn Cừ - Nhà đèn Chợ Quán,bus_stop,platform,,,,yes,,,,684395.193511878,1189215.630176624
3181281956,106.6872369,10.7541194,Cầu Nguyễn Văn Cừ,bus_stop,platform,,,,yes,,,,684496.2930515783,1189299.5134255758
3181281957,106.683172,10.7519768,Trần Bình Trọng,bus_stop,platform,,,,yes,,,,684052.9830623635,1189060.0723447006
3181281958,106.6861358,10.7524966,Nhà đèn Chợ Quân,bus_stop,platform,,,,yes,,,,684376.8431015785,1189119.347996778
3181281959,106.678863,10.7522696,Bệnh viện Nhiệt Đới,bus_stop,platform,,,,yes,,,,683581.4951093217,1189089.879414651
3181281960,106.6791944,10.7520924,Bệnh viện Nhiệt Đới,bus_stop,platform,,,,yes,,,,683617.8501905098,1189070.476989635
3181284823,106.6768378,10.7518688,Chợ Hòa Bình,bus_stop,platform,,,,yes,,,,683360.2249683187,1189044.3351593998
3181284826,106.6703633,10.7500298,Cầu Nguyễn Tri Phương,bus_stop,platform,,,,yes,,,,682653.1643441361,1188837.0582806424
3181284828,106.6648446,10.7503479,Hải Thượng Lãn Ông,bus_stop,platform,,,,yes,,,,682049.347862121,1188868.966163108
3182311219,106.6820683,10.8300017,Coop Mart,bus_stop,platform,,,,yes,,,,683884.8098337224,1197690.0246260655
3182311229,106.6808536,10.8369521,Trường Văn Thư lưu trữ,bus_stop,platform,,,,yes,,,,683747.7419590224,1198458.102114127
3182311230,106.6787172,10.8404239,Trạm Xe Bus Chợ An Nhơn,bus_stop,platform,,,,yes,,,,683512.0157264721,1198840.842746506
3184843004,106.7160731,10.8066342,Trường Đại học Giao thông Vận tải,bus_stop,platform,,,,yes,,,,687617.8023284718,1195125.9401139496
3185767532,106.7629809,10.858578,Đại Học Ngân Hàng Thành phố Hồ Chí Minh,bus_stop,platform,,,,yes,,,,692714.4755880786,1200901.0832836386
3185767533,106.7566242,10.856345,Ngã ba Chương Dương,bus_stop,platform,,,,yes,,,,692020.836687078,1200650.0501207588
3185767534,106.7561967,10.8560006,Ngã ba Chương Dương,bus_stop,platform,,,,yes,,,,691974.3119394028,1200611.6832905188
3185767535,106.7607288,10.8604588,Ngã ba Hoàng Diệu 2,bus_stop,platform,,,,yes,,,,692467.0171817618,1201107.7072068765
3185767536,106.7611956,10.8640139,UBND Phường Linh Trung,bus_stop,platform,,,,yes,,,,692515.7798441839,1201501.2621546926
3185778720,106.6738263,10.7605765,Công viên Hòa Bình,bus_stop,platform,,,,yes,,,,683025.5801809521,1190005.7219718557
3185778722,106.6685619,10.7572374,Công viên Văn Lang,bus_stop,platform,,,,yes,,,,682451.796885741,1189633.2386852354
3185949681,106.7781605,10.8462521,Bệnh viên 7C - Trường Quân y 2,bus_stop,platform,,,,yes,,,,694382.2497713314,1199547.2675131345
3185949682,106.7807202,10.8447187,Nhà sách Thành Nghĩa,bus_stop,platform,,,,yes,,,,694663.1436857326,1199379.2801608264
3185949683,106.7879116,10.844806,Chợ Tăng Nhơn Phú A,bus_stop,platform,,,,yes,,,,695449.4681510137,1199393.5464541845
3185949684,106.7909018,10.8444643,Bệnh viện Quận 9,bus_stop,platform,,,,yes,,,,695776.670301421,1199357.6696398456
3185949685,106.7939485,10.8452193,Đại học Giao thông Vận tải,bus_stop,platform,,,,yes,,,,696109.3371079215,1199443.1493596882
3185949686,106.80003,10.8467243,Chung cư C7,bus_stop,platform,,,,yes,,,,696773.3691554127,1199613.5588130555
3186096227,106.6691917,10.747371,Chùa An Phú,bus_stop,platform,,,,yes,,,,682526.6150468148,1188542.2646251149
3186096228,106.6690121,10.7474763,Chùa An Phú,bus_stop,platform,,,,yes,,,,682506.9072389042,1188553.805385748
3186257042,106.6791859,10.7575725,Trường Tiểu học Bầu Sen,bus_stop,platform,,,,yes,,,,683613.6043890925,1189676.643281339
3186257043,106.6815295,10.7584994,Đại học Sài Gòn,bus_stop,platform,,,,yes,,,,683869.3765985299,1189780.5744066336
3186264463,106.6828074,10.7582676,Trường Trung học cơ sở Ba Đình,bus_stop,platform,,,,yes,,,,684009.2887401772,1189755.7004612365
3187126782,106.7389363,10.7895281,Chùa Huệ Nghiêm,bus_stop,platform,,,,yes,,,,690128.9061759174,1193247.858828782
3187126783,106.7421828,10.7904131,Cầu Ông Tranh,bus_stop,platform,,,,yes,,,,690483.4114627873,1193347.774561388
3187128368,106.7304534,10.7924295,Kí túc xá Đại học Giao thông Vận tải,bus_stop,platform,,,,yes,,,,689199.3369550259,1193563.5407284251
3187128369,106.7307404,10.7924385,Kí túc xá Đại học Giao thông Vận tải,bus_stop,platform,,,,yes,,,,689230.7194390683,1193564.7138561753
3187170572,106.7554255,10.7878354,Chùa Thái Nguyên,bus_stop,platform,,,,yes,,,,691933.3746758682,1193070.914511182
3187170573,106.7568902,10.7856567,Trường Cấp 3 Giồng Ông Tố,bus_stop,platform,,,,yes,,,,692094.9514194014,1192830.831229846
3187184299,106.7587291,10.7880104,Trường Trung học cơ sở Giồng Ông Tố,bus_stop,platform,,,,yes,,,,692294.5760543968,1193092.347205575
3187226244,106.7884082,10.7907078,Cầu Xây Dựng,bus_stop,platform,,,,yes,,,,695538.8414045942,1193409.5453146915
3187226247,106.8211744,10.8060267,Chợ Long Trường,bus_stop,platform,,,,yes,,,,699112.4177410542,1195125.2837535643
3230436383,106.7600309,10.8478954,Trường Mầm non Vành Khuyên,bus_stop,platform,,,,yes,,,,692398.7482187017,1199717.5242664427
3230436392,106.7624615,10.843933,Công ty May Sài Gòn,bus_stop,platform,,,,yes,,,,692667.0668240079,1199280.7483841064
3230436394,106.764339,10.8413676,Công ty Sanofi Aventis,bus_stop,platform,,,,yes,,,,692874.0145994548,1198998.1571007685
3230448898,106.7690587,10.8405988,Uỷ ban Nhân dân Quận 9 cũ,bus_stop,platform,,,,yes,,,,693390.6100233947,1198916.1076957125
3230448899,106.7709251,10.8438731,Bê tông Hải Âu,bus_stop,platform,,,,yes,,,,693592.596067128,1199279.492875325
3237601001,106.7208293,10.8171074,Chung cư Thanh Đa,bus_stop,platform,,,,yes,,,,688131.4136117488,1196287.3674053925
3237601002,106.7137238,10.8107793,Chùa Bửu Liên,bus_stop,platform,,,,yes,,,,687358.309642673,1195583.0097547278
3283703572,106.7311185,10.7963633,Nhà sách An Bình,bus_stop,platform,,,,yes,,,,689269.613409909,1193999.0945001354
3316038909,106.7418806,10.8714209,Khu phố 2 Gò Dưa,bus_stop,platform,,,,yes,,,,690399.1530145322,1202308.432192157
3316038910,106.7448694,10.8673524,Rửa xe Ba Lực,bus_stop,platform,,,,yes,,,,690728.5284434505,1201860.2609207297
3316038911,106.7447331,10.8628185,Đường Phú Châu,bus_stop,platform,,,,yes,,,,690716.5051019182,1201358.6468595117
3316038919,106.7516988,10.8530103,Bồn nước,bus_stop,platform,,,,yes,,,,691484.396612212,1200278.0664685369
3334248657,106.7025976,10.7857614,Đại học Khoa học Xã hội Nhân văn,bus_stop,platform,,,,yes,,,,686156.9774948881,1192808.8555745839
3334248658,106.7024048,10.7857132,Trạm Xe Bus Đại Học Khoa Học Xã Hội Nhân Văn,bus_stop,platform,,,,yes,,,,686135.921158805,1192803.4066623133
3334343861,106.6903772,10.768731,Tôn Thất Tùng,bus_stop,platform,,,,yes,,,,684830.866315256,1190917.6481929566
3335337340,106.7058354,10.776917,Công trường Mê Linh,bus_stop,platform,,,,yes,,,,686516.5369967348,1191832.505760309
3339195229,106.6706962,10.7695408,Bệnh Viện Nhi Đồng - Sư Vạn Hạnh - BV 115,bus_stop,platform,,,,yes,,,,682677.8244496417,1190995.4223014484
3339195232,106.7056997,10.7760722,Công trường Mê Linh,bus_stop,platform,,,,yes,,,,686502.2157319994,1191738.9757718889
3339195236,106.6645872,10.7662194,Nhà thờ Tin Lành Nguyễn Tri Phương,bus_stop,platform,,,,yes,,,,682011.6704869132,1190624.399008592
3339195237,106.6722768,10.7703472,Nhà Thờ Vinh Sơn,bus_stop,platform,,,,yes,,,,682850.2102616335,1191085.5632072866
3339195238,106.6798899,10.7718742,Điện Biên Phủ,bus_stop,platform,,,,yes,,,,683681.9395251016,1191259.0229134543
3372672461,106.6663437,10.8002354,Bảo tàng Miền Đông,bus_stop,platform,,,,yes,,,,682183.303654285,1194388.0441751627
3537461545,106.7621646,10.8441528,Công ty May Sài Gòn,bus_stop,platform,,,,yes,,,,692634.4602881683,1199304.8743527073
4269790394,106.7805113,10.845058,Nhà sách Thành Nghĩa,bus_stop,platform,,,,yes,,,,694640.0809416547,1199416.6796802948
4555507095,106.6856155,10.7791824,Bệnh Viện Mắt Thành phố Hồ Chí Minh,bus_stop,platform,,,,yes,,,,684303.7072820278,1192070.848148479
4576829495,106.6729505,10.7599903,Công Ty TNHH Vận Tải Thảo Châu,,station,bus_station,,,yes,,,,682930.1433589872,1189940.3581978746
4605240494,106.7442069,10.9096604,Nhà d Hằng,bus_stop,,,,,,,,,690629.1700851142,1206539.8533984965
4616360490,106.6908667,10.7676758,Tôn Thất Tùng,bus_stop,platform,,,,yes,,,,684885.0480071249,1190801.2236551966
4618427503,106.6680838,10.7505013,Đại Thế Giới,bus_stop,platform,,,,yes,,,,682403.553138095,1188887.8568478846
4621858713,106.6729568,10.7552249,Trần Phú,bus_stop,platform,,,,yes,,,,682933.7060545337,1189413.2473145819
4621858714,106.6751105,10.7558623,Bệnh viện Nguyễn Trãi,bus_stop,platform,,,,yes,,,,683168.8858794041,1189485.0367879744
4621858715,106.673296,10.7564293,Trạm Xe Bus Tiểu học Trần Quốc Toản,bus_stop,platform,,,,yes,,,,682970.0803109085,1189546.671715259
4621858724,106.6752258,10.7584663,An Đông,bus_stop,platform,,,,yes,,,,683179.9246602148,1189773.1418753907
4621858725,106.6706292,10.7569788,Bệnh viện Nguyễn Tri Phương,bus_stop,platform,,,,yes,,,,682678.0650872597,1189605.8643873257
4621858726,106.6704608,10.7567272,Bệnh viện Nguyễn Tri Phương,bus_stop,platform,,,,yes,,,,682659.7976699193,1189577.9339575393
4623078285,106.667751,10.7653516,Chợ Nhật Tảo,bus_stop,platform,,,,yes,,,,682358.2247174303,1190530.2896063044
4623078286,106.667633,10.764936,Chợ Nhật Tảo,bus_stop,platform,,,,yes,,,,682345.5687262415,1190484.2488007334
4623079391,106.6673755,10.767061,Học viện Quân y,bus_stop,platform,,,,yes,,,,682316.127092299,1190719.1475321318
4631487096,106.7464066,10.8349605,Bến Linh Đông,,platform,ferry_terminal,,,,,,,690917.1728008955,1198278.1171618497
4646788531,106.6807764,10.7771117,Siêu thị Maximark,bus_stop,platform,,,,yes,,,,683775.7189100187,1191838.8922433692
4765785888,106.8149833,10.8785678,Bến xe Miền Đông mới,bus_stop,platform,,,,yes,,,,698387.4881795654,1203145.841186983
4765823672,106.8048791,10.8756468,Ký túc xá Khu A Đại học Quốc gia Thành phố,bus_stop,platform,,,,yes,,,,697284.6232567062,1202816.1288233716
4765854022,106.8002698,10.8829683,Hồ Đá,bus_stop,platform,,,,yes,,,,696775.8378747021,1203623.045275156
4766201337,106.8028797,10.8771183,Đại học Quốc Tế,bus_stop,platform,,,,yes,,,,697065.0419728486,1202977.6082304541
4778623924,106.7463565,10.7618335,Trạm Xe Bus Công Ty Seiwa Electric,bus_stop,platform,,,,yes,,,,690957.9015131752,1190188.9883924369
4778623925,106.7454257,10.7624876,Trạm Xe Bus Công Ty Nidec,bus_stop,platform,,,,yes,,,,690855.6806066306,1190260.7633943164
4778669221,106.7442058,10.7635398,trạm xe bus Công Ty Chubu-Rika,bus_stop,platform,,,,yes,,,,690721.5886650698,1190376.3953363579
4778669523,106.7456706,10.7677446,Trạm Xe Bus Công Ty FPT,bus_stop,platform,,,,yes,,,,690879.1569055849,1190842.4286485608
4778686221,106.7399675,10.7703275,Trạm Xe Bus Công Ty Kim May Organ,bus_stop,platform,,,,yes,,,,690253.7537548584,1191124.5941616723
4809145168,106.8016319,10.8775678,"Trạm 30,52",bus_stop,platform,,,,yes,,,,696928.3131006625,1203026.5221364612
4838067240,106.7954711,10.8806696,Nhà khách Đại học Quốc gia,bus_stop,platform,,,,yes,,,,696252.667070256,1203365.652740274
4838067292,106.8023132,10.873447,Đại học Khoa học Xã hội và Nhân văn,bus_stop,platform,,,,yes,,,,697005.5122938177,1202571.1184591616
4854543888,106.74921,10.8591662,,bus_stop,,,,,,,,,691208.3412224506,1200957.4516344552
4855836437,106.7047024,10.7744984,Trạm Xe Bus Cityview Shuttle,bus_stop,platform,,,,yes,,,,686394.1088530966,1191564.2832350517
4871907822,106.6902954,10.7731636,Tao Đàn (dự kiến),,station,,proposed,,,,,,684819.2156284626,1191407.9059978265
4875108321,106.6640727,10.8039044,Trần Quốc Hoàn,bus_stop,platform,,,,yes,,,,681932.7374514402,1194792.5292465764
4877811751,106.6750984,10.7812597,Chùa Bửu Đà,bus_stop,platform,,,,yes,,,,683152.2122007678,1192294.3139261785
4877811752,106.6763913,10.7806715,Ngã ba Chí Hòa,bus_stop,platform,,,,yes,,,,683293.969487391,1192230.025060592
4882822879,106.6659614,10.786218,Ga Lê Thị Riêng,,stop_position,,stop,,,,yes,,682149.9402622045,1192837.3131532525
4884593221,106.6881941,10.7596994,Tổng Công ty Samco,bus_stop,platform,,,,yes,,,,684597.5941779994,1189917.3134270813
4918435014,106.6744824,10.7816488,Ga Hoà Hưng,,stop_position,,stop,,,,yes,,683084.6065553616,1192336.9850119592
4930679565,106.6820322,10.7776161,Ga Dân Chủ,,stop_position,,stop,,,,yes,,683912.7583626234,1191895.439579372
4950336628,106.7145147,10.8249351,Bến xe Hoàng Long,bus_stop,,,,,,,,,687436.0044232183,1197149.3461049183
4985967121,106.7988673,10.8276735,,bus_stop,,,,,,,,,696658.6718553526,1197505.4020020466
4989081989,106.6956903,10.8028571,Uỷ ban Nhân dân Quận Bình Thạnh,bus_stop,platform,,,,yes,,,,685391.062276111,1194695.6913587083
4989081996,106.6971084,10.8024452,Lăng Ông Bà Chiểu,bus_stop,platform,,,,yes,,,,685546.3996394648,1194650.9901416681
5057883525,106.7123942,10.9023801,khu vực suon khách cau ong bo,bus_stop,,,,,,,,,687155.8509112084,1205714.6748120263
5058371621,106.7057145,10.8934387,nguyen kim,bus_stop,,,,,,,,,686431.1605801134,1204721.4958396058
5058371622,106.6999208,10.8769994,cong ty le anh,bus_stop,,,,,,,,,685807.9381709737,1202899.5015123906
5108995121,106.7064659,10.89476,CX số 41,bus_stop,,,,,,,,,686512.4868413913,1204868.1146008247
5108995122,106.7124763,10.9046812,LOTTE Mart Bình Dương,bus_stop,platform,,,,yes,,,,687163.3870312532,1205969.2639210792
5109064067,106.7067972,10.7708246,Bến Tàu Cánh Ngầm Sài Gòn,,station,ferry_terminal,,,,,,,686625.483478365,1191159.18213248
5129370922,106.7232534,10.8666673,Xây dựng Ngọc Bảo,bus_stop,platform,,,,yes,,,,688365.4816725822,1201770.9873773574
5129660921,106.6999269,10.8868037,thu phí lái thiêu,bus_stop,,,,,,,,,685802.5288430044,1203984.0091736743
5137481121,106.6735169,10.7749705,Trạm Xe Bus Hưng Phú Thịnh,bus_stop,platform,,,,yes,,,,682983.0487320649,1191597.7005963882
5151366704,106.6722919,10.8385679,Trạm Xe Bus Hẻm 270 Nguyễn Văn Lượng,bus_stop,platform,,,,yes,,,,682810.5625864401,1198631.6790824016
5163180521,106.7017308,10.8745568,otogia dinh,bus_stop,,,,,,,,,686007.3471525422,1202630.4217126914
5192476721,106.7003573,10.7771741,Sở Tài nguyên và Môi trường,bus_stop,platform,,,,yes,,,,685917.2371375522,1191857.6136626515
5196280423,106.691356,10.8230139,Bãi hậu cần số 1,bus_stop,platform,,,,yes,,,,684904.7097243392,1196922.69336353
5199014721,106.7016883,10.795104,Cầu Điện Biên Phủ,bus_stop,platform,,,,yes,,,,686051.7819832922,1193841.7307570768
5199015021,106.6964093,10.801771,Lăng Ông Bà Chiểu,bus_stop,platform,,,,yes,,,,685470.3594377115,1194575.989424715
5333120118,106.7316735,10.8270491,Bến Hiệp Bình Chánh,,platform,ferry_terminal,,,,,,,689311.0611170782,1197393.7906118815
5333120722,106.7166367,10.8196062,Bến Thanh Đa,,platform,ferry_terminal,,,,,,,687671.3699535257,1196561.1917264238
5333120735,106.7283885,10.79736,Bến Bình An,,platform,ferry_terminal,,,,,,,688970.4243171371,1194107.6566269258
5411634222,106.6645469,10.8081878,Siêu thị Super Bow,bus_stop,platform,,,,yes,,,,681982.0138792897,1195266.6103764866
5416310315,106.7066444,10.774068,Bến Bạch Đằng,bus_stop,platform,,,,yes,,,,686606.7733173316,1191517.8570414654
5417843026,106.6905879,10.7624011,Hồ Hào Hớn,bus_stop,platform,,,,yes,,,,684857.771306254,1190217.6005210264
5423964121,106.6947718,10.7674317,Ký túc xá Trần Hưng Đạo,bus_stop,platform,,,,yes,,,,685312.3105367323,1190776.5810548647
5423964222,106.6933395,10.7658046,Rạp phim Trần Hưng Đạo,bus_stop,platform,,,,yes,,,,685156.6490540949,1190595.7353880557
5436849621,106.7128429,10.7517754,Trạm Xe Bus Miếu Bà Cô,bus_stop,platform,,,,yes,,,,687298.4849070966,1189055.7428781572
5436849622,106.7125082,10.7518892,Miếu Bà Cô,bus_stop,platform,,,,yes,,,,687261.8052121114,1189068.1266475867
5449587521,106.6646627,10.8070148,Sông Đáy,bus_stop,platform,,,,yes,,,,681995.3844919198,1195136.9306039293
5581495546,106.7886091,10.7570849,Phà Cát Lái,,stop_position,,,,,,,,695582.5253811759,1189690.3318373717
5581495554,106.7899253,10.7521328,,,stop_position,,,,,,,,695729.6887599559,1189143.373634155
5581495555,106.7907894,10.7523207,,,stop_position,,,,,,,,695824.0863308371,1189164.7101866154
5598917849,106.6712031,10.7689405,,bus_stop,platform,,,,yes,,,,682733.6267999024,1190929.32360521
5604189222,106.6882141,10.763058,Trần Đình Xu,bus_stop,platform,,,,yes,,,,684597.7371853611,1190288.8326987673
5733109176,106.7892966,10.7574692,,,stop_position,,,,,,,,695657.4778020341,1189733.281197869
5778688812,106.6616537,10.7641688,Trạm Xe Bus Nguyễn Kim - Đường 3 Tháng 2,bus_stop,platform,,,,yes,,,,681692.056274686,1190395.8371418603
5884373574,106.7072821,10.7752301,Bến Bạch Đằng,,platform,ferry_terminal,,,,,,,686675.8033217168,1191646.7910824113
5933108285,106.7049771,10.89283,Cau tan phu,bus_stop,,,,,,,,,686350.9207484007,1204653.7105941952
5933108286,106.7178325,10.8680424,Cầu Vĩnh Bình,bus_stop,platform,,,,yes,,,,687771.9072012714,1201919.7389254854
6004906985,106.7050083,10.8927865,cầu tân phú,bus_stop,,,,,,,,,686354.3588601829,1204648.9180084665
6047997501,106.6996581,10.7691968,Bảo Tàng Mỹ Thuật,bus_stop,platform,,,,yes,,,,685845.6598913969,1190974.78495204
6047997502,106.704864,10.7706801,Tòa nhà Bitexco,bus_stop,platform,,,,yes,,,,686414.1329866032,1191142.021532343
6128564185,106.7007175,10.7750733,Lê Thánh Tôn,bus_stop,platform,,,,yes,,,,685957.9223421918,1191625.4534596729
6128564186,106.6791929,10.793561,Ngã tư Trần Huy Liệu,bus_stop,platform,,,,yes,,,,683592.5512558979,1193657.4553493683
6284328886,106.6647358,10.8106417,Trường Ngô Sỹ Liên,bus_stop,platform,,,,yes,,,,682001.1919457025,1195538.1556787528
6315351594,106.6988245,10.7755096,Thư viện Khoa học Tổng hợp,bus_stop,platform,,,,yes,,,,685750.6156379138,1191672.5658700652
6315351599,106.6957937,10.7683789,Nguyễn Kim,bus_stop,platform,,,,yes,,,,685423.4996936097,1190881.9728076316
6315388840,106.7010375,10.8189883,Trường Trung cấp Xây dựng Thành phố Hồ Chí Minh,bus_stop,platform,,,,yes,,,,685965.8967093132,1196483.2895006281
6315388869,106.6874075,10.7645291,City Plaza,bus_stop,platform,,,,yes,,,,684508.6203464179,1190451.0710330268
6315390589,106.6970527,10.8133085,Siêu thị Satra Food,bus_stop,platform,,,,yes,,,,685533.6322597706,1195852.594738273
6315671616,106.6877808,10.7594652,Tổng Công ty Samco,bus_stop,platform,,,,yes,,,,684552.5316565656,1189891.1589980682
6315672385,106.693696,10.768802,Nguyễn Thị Nghĩa,bus_stop,platform,,,,yes,,,,685193.8092904345,1190927.5052852167
6315672406,106.6629435,10.755264,Đại học Y dược,bus_stop,platform,,,,yes,,,,681838.4640246853,1189411.6207134346
6315672801,106.6860184,10.7574579,Chợ Nancy,bus_stop,platform,,,,yes,,,,684360.9876596031,1189668.0645315507
6315672832,106.7030582,10.7707776,Giao lộ Hàm Nghi - Tôn Thất Đạm,bus_stop,platform,,,,yes,,,,686216.5678344024,1191151.7084446468
6315672852,106.695205,10.7685405,Trần Hưng Đạo,bus_stop,platform,,,,yes,,,,685359.0129139833,1190899.4919484945
6315672868,106.666257,10.7698612,Nhà thờ Đồng Tiến,bus_stop,platform,,,,yes,,,,682192.1109630681,1191028.2199010334
6315672917,106.6640616,10.7754753,Quán Hoàng Ty,bus_stop,platform,,,,yes,,,,681948.625906846,1191647.9052486233
6315679795,106.691202,10.784854,Võ Thị Sáu,bus_stop,platform,,,,yes,,,,684911.2309135862,1192701.5749089876
6315680993,106.6875127,10.7820469,Tú Xương,bus_stop,platform,,,,yes,,,,684509.4555084286,1192388.8440445617
6315683486,106.6640643,10.775136,Quán Hoàng Ty,bus_stop,platform,,,,yes,,,,681949.1250496559,1191610.376020549
6315683491,106.6781449,10.7666284,Nguyễn Đình Chiểu,bus_stop,platform,,,,yes,,,,683494.2637540889,1190677.722410431
6315685296,106.6837907,10.7603133,Nguyễn Trãi,bus_stop,platform,,,,yes,,,,684115.5964623843,1189982.5724185181
6315685988,106.6861563,10.7832247,Uỷ ban Nhân dân Quận 3,bus_stop,platform,,,,yes,,,,684360.3916828862,1192518.307643584
6315687788,106.6882978,10.7632769,Trần Đình Xu,bus_stop,platform,,,,yes,,,,684606.7585600707,1190313.0964349548
6315690598,106.6926157,10.7874018,Công viên Lê Văn Tám,bus_stop,platform,,,,yes,,,,685064.284424318,1192984.252124463
6319111454,106.6912882,10.7677332,Du Lịch Danh Danh,bus_stop,,,,,,,,,684931.1137454759,1190807.827177462
6319115356,106.6907955,10.7675464,Du Lịch Long Phương,bus_stop,,,,,,,,,684877.3395794963,1190786.8672696073
6389069182,106.694402,10.7550796,Trung tâm Giáo dục thường xuyên Quận 4,bus_stop,platform,,,,yes,,,,685279.4109747638,1189410.041719283
6389069193,106.6941561,10.7553477,Trạm Xe Bus Trung tâm Giáo dục thường xuyên Quận 4,bus_stop,platform,,,,yes,,,,685252.3512827987,1189439.5488690701
6393868956,106.6960779,10.7600434,Trung tâm Văn hóa Quận 4,bus_stop,platform,,,,yes,,,,685459.6826671109,1189960.1204589538
6393868957,106.6959565,10.7598016,Trung tâm Văn hóa Quận 4,bus_stop,platform,,,,yes,,,,685446.5522549406,1189933.3005611266
6503340654,106.782805,10.7632075,Trường Hải Quân,bus_stop,platform,,,,yes,,,,694943.7251740686,1190363.9127915257
6503340655,106.7807333,10.7653747,Sân Bóng đá Mini - Nguyễn Thị Định,bus_stop,platform,,,,yes,,,,694715.7313448786,1190602.3294341257
6503352762,106.7780545,10.7677046,Khu dân cư Phố Đông,bus_stop,platform,,,,yes,,,,694421.2330307676,1190858.3596143383
6503356088,106.7693459,10.7741963,Uỷ ban Nhân dân Phường Cát Lái,bus_stop,platform,,,,yes,,,,693464.562002457,1191570.949006802
6503360384,106.7671146,10.7757626,Chợ Cây Xoài,bus_stop,platform,,,,yes,,,,693219.5144156273,1191742.8017310079
6503368260,106.7644917,10.7775888,Đường số 10,bus_stop,platform,,,,yes,,,,692931.4731769481,1191943.1587197992
6512288953,106.6982744,10.76735,Chợ dân sinh - Ký Con,bus_stop,platform,,,,yes,,,,685695.4521519468,1190769.663688243
6543789616,106.8050696,10.8757817,Ký túc xá Khu A Đại học Quốc gia Thành phố,bus_stop,platform,,,,yes,,,,697305.3638124287,1202831.175430906
6543789617,106.807006,10.8743732,Vành đại Đại học Quốc gia Thành phố,bus_stop,platform,,,,yes,,,,697518.0174324927,1202676.6254038662
6576385426,106.7572146,10.8071999,Thành phố Hồ Chí Minh,,stop_position,,,,,yes,,,692116.7361579178,1195214.0940701272
6576385428,106.7572664,10.8071882,Thành phố Hồ Chí Minh,,stop_position,,,,,yes,,,692122.4085732332,1195212.8324301918
6578134686,106.7284864,10.7516365,Khu chế xuất Tân Thuận,bus_stop,platform,,,,yes,,,,689009.6640364188,1189049.9676168119
6741814225,106.8027593,10.8781334,Đại học Quốc Tế,bus_stop,platform,,,,yes,,,,697051.2105337387,1203089.8211913258
6742352526,106.802483,10.8763967,Đại học Quốc tế,bus_stop,platform,,,,yes,,,,697022.1410334952,1202897.526683237
6742385295,106.8024518,10.8766409,Đại học Quốc tế,bus_stop,platform,,,,yes,,,,697018.5692275173,1202924.5200143552
6751260855,106.6667191,10.7568391,,bus_stop,platform,,,,yes,,,,682250.4787178142,1189588.0864203626
6753746441,106.6669491,10.7596547,Agribank,bus_stop,,bank,,,,,,,682273.9432817609,1189899.6638101365
6759766763,106.6697003,10.7554128,Bệnh viện Nguyễn Tri Phương,bus_stop,platform,,,,yes,,,,682577.4082071816,1189432.0919688097
6775815604,106.67033,10.7548075,Bệnh viện Nguyễn Tri Phương,bus_stop,platform,,,,yes,,,,682646.6468951206,1189365.512824613
6775983736,106.7964782,10.8703992,Thư viện Trung tâm Đại học Quốc gia Thành phố Hồ Chí Minh,bus_stop,platform,,,,yes,,,,696369.5044566013,1202230.1886511513
6789351748,106.6959714,10.7709974,Khách sạn New World,bus_stop,platform,,,,yes,,,,685441.3327552243,1191171.7235705631
6791474052,106.6651641,10.7726822,Bệnh viện 115,bus_stop,platform,,,,yes,,,,682070.8840985371,1191339.6083937152
6795152088,106.6957873,10.7712473,Khách sạn New World,bus_stop,platform,,,,yes,,,,685421.0443967809,1191199.2546430803
6841128309,106.8047079,10.8692156,Trường Giáo dục Quốc phòng,bus_stop,platform,,,,yes,,,,697270.1324195836,1202104.592687019
6956317386,106.6956974,10.7695735,Trường Trung học Phổ thông Ernst Thälmann,bus_stop,platform,,,,yes,,,,685412.2361272541,1191014.0542319294
7117825386,106.7287728,10.7759747,Nút giao Trần Não - Mai Chí Thọ,bus_stop,platform,,,,yes,,,,689025.8152854125,1191742.3364088405
7183291636,106.8009432,10.8660108,Khu du lịch Suối Tiên,bus_stop,platform,,,,yes,,,,696860.5930182448,1201747.632529785
7183291637,106.802198,10.8660736,Suối Tiên,bus_stop,platform,,,,yes,,,,696997.7559462236,1201755.3930551794
7192405888,106.6649216,10.8097018,Parkson Trường Sơn,bus_stop,platform,,,,yes,,,,682022.0771016427,1195434.3014707228
7520799016,106.7040322,10.7707209,Hồ Tùng Mậu,bus_stop,platform,,,,yes,,,,686323.1316600906,1191146.0286920425
7520799029,106.70577,10.7706453,Cục Hải quan Thành phố,bus_stop,platform,,,,yes,,,,686513.2461433669,1191138.7234683626
7520799030,106.7055179,10.7708759,Cục Hải quan Thành phố,bus_stop,platform,,,,yes,,,,686485.5313211014,1191164.0777801943
7529106481,106.7052866,10.782509,Tòa án Nhân dân Quận 1,bus_stop,platform,,,,yes,,,,686453.0701159695,1192450.7292591592
7623560046,106.7562776,10.8074128,Thành phố Hồ Chí Minh,,stop_position,,,,,yes,,,692014.1282521645,1195237.0552705135
7623560051,106.7562318,10.8074227,Thành phố Hồ Chí Minh,,stop_position,,,,,yes,,,692009.1131660036,1195238.1215882276
7623560077,106.7569794,10.8072594,Thành phố Hồ Chí Minh,,stop_position,,,,,yes,,,692090.9762770275,1195220.5278715913
7623560084,106.7565052,10.8073613,Thành phố Hồ Chí Minh,,stop_position,,,,,yes,,,692039.0518545195,1195231.5015766271
7623560087,106.7564593,10.8073712,Thành phố Hồ Chí Minh,,stop_position,,,,,yes,,,692034.025829921,1195232.5678279712
7623560096,106.7574789,10.8071521,Thành phố Hồ Chí Minh,,stop_position,,,,,yes,,,692145.6710512962,1195208.9728243817
7623560104,106.7570252,10.8072496,Thành phố Hồ Chí Minh,,stop_position,,,,,yes,,,692095.9913067385,1195219.4726271164
7623560111,106.757433,10.8071619,Thành phố Hồ Chí Minh,,stop_position,,,,,yes,,,692140.6450810321,1195210.0279989764
7623560117,106.7567012,10.8073192,Thành phố Hồ Chí Minh,,stop_position,,,,,yes,,,692060.5136399772,1195226.9678325988
7739047808,106.7013922,10.773505,Đền thờ Ấn Giáo,bus_stop,platform,,,,yes,,,,686032.6782177836,1191452.3864346452
8100983479,106.6819709,10.747747,,bus_stop,platform,,,,yes,,,,683924.1713476523,1188591.4802091315
8359535961,106.7175314,10.8013166,Bến xe buýt Văn Thánh,bus_stop,platform,,,,yes,,,,687780.5887712607,1194538.6270007398
8977118685,106.8479253,10.9079473,Công viên Lam Sơn,bus_stop,platform,,,,yes,,,,701969.567930203,1206417.6402640985
8981741284,106.847647,10.9077713,Trường Tiểu học An Hảo,bus_stop,platform,,,,yes,,,,701939.260037705,1206397.9847670808
8985136210,106.8466137,10.9108071,Công ty Ajinomoto Việt Nam,bus_stop,platform,,,,yes,,,,701824.2394141827,1206733.1261823094
8985136211,106.8468701,10.9110684,Công ty Ajinomoto Việt Nam,bus_stop,platform,,,,yes,,,,701852.095102984,1206762.2031906256
8995060471,106.7745224,10.8873328,Big C Green Square,bus_stop,platform,,,,yes,,,,693957.8839647328,1204089.2566012812
8995060472,106.7722414,10.8854474,Chùa Từ Quang,bus_stop,platform,,,,yes,,,,693709.7117016853,1203879.2368951158
8995060473,106.7694171,10.8820799,Đường số 8,bus_stop,platform,,,,yes,,,,693403.0907578492,1203504.9247107324
8995060474,106.7676557,10.8799992,Thánh thất Cao Đài Linh Xuân,bus_stop,platform,,,,yes,,,,693211.8476811438,1203273.637514899
8995060475,106.7664279,10.8776149,Chợ Linh Xuân,bus_stop,platform,,,,yes,,,,693079.1395869497,1203009.1075288688
8995060476,106.7652664,10.8741924,Cầu vượt Linh Xuân,bus_stop,platform,,,,yes,,,,692954.3459801727,1202629.7763168411
8995301239,106.724551,10.8636835,Ngã tư Bình Phước,bus_stop,platform,,,,yes,,,,688509.2330600423,1201441.7353309402
8995301241,106.7237283,10.8596639,Uỷ ban Nhân dân Phường Hiệp Bình Phước,bus_stop,platform,,,,yes,,,,688421.8004778724,1200996.5917891522
8995301242,106.7223285,10.8559634,Trạm y tế Hiệp Bình Phước,bus_stop,platform,,,,yes,,,,688271.0629295972,1200586.3891604291
8995301243,106.7207558,10.8526309,Ngã ba Đường Hiệp Bình,bus_stop,platform,,,,yes,,,,688101.185101987,1200216.7876596935
8995301244,106.7183793,10.8487464,Ngã ba Hiệp Bình,bus_stop,platform,,,,yes,,,,687843.7562552083,1199785.6312779651
8995301245,106.7180911,10.8445521,Cân Nhơn Hòa,bus_stop,platform,,,,yes,,,,687814.8618234755,1199321.4971696506
8995301246,106.7168738,10.8411146,Đường số 4 - Quốc lộ 13,bus_stop,platform,,,,yes,,,,687683.8982047935,1198940.5044710326
8995301247,106.7149185,10.8387559,Đường Số 3 - Quốc lộ 13,bus_stop,platform,,,,yes,,,,687471.5595541548,1198678.390600567
8995301248,106.7138147,10.8356189,Cầu Ông Dầu,bus_stop,platform,,,,yes,,,,687352.812710221,1198330.710179491
8995301257,106.7139101,10.8329397,Trạm xăng dầu - 173-175 Quốc lộ 13,bus_stop,platform,,,,yes,,,,687364.911553178,1198034.4076194582
8995301258,106.7140456,10.830029,Uỷ ban Nhân dân Phường Hiệp Bình Chánh,bus_stop,platform,,,,yes,,,,687381.5391622828,1197712.5222375472
8995301261,106.7111727,10.8165864,Cổng vào Bến xe Miền Đông,bus_stop,platform,,,,yes,,,,687075.7244592755,1196223.7993549567
8995301262,106.7091672,10.81255,Ngã tư Nguyễn Xí,bus_stop,platform,,,,yes,,,,686858.9099944786,1195776.0833597328
8995301264,106.7090749,10.8097232,Ngã tư Chu Văn An,bus_stop,platform,,,,yes,,,,686850.5663083039,1195463.339923872
8995301266,106.709341,10.8068741,Cầu Đinh Bộ Lĩnh,bus_stop,platform,,,,yes,,,,686881.4303602348,1195148.3491430169
8995301267,106.709386,10.804432,Trạm xăng dầu Đinh Bộ Lĩnh,bus_stop,platform,,,,yes,,,,686887.8629491748,1194878.2434433913
8995301271,106.7105476,10.8027818,Chợ Hàng Xanh,bus_stop,platform,,,,yes,,,,687015.9182580891,1194696.4171699556
8995301276,106.71062,10.7973383,Trường Tiểu học Hồng Hà,bus_stop,platform,,,,yes,,,,687027.2056700033,1194094.3278035626
8995301280,106.7081372,10.7937049,Nhà thờ Thị Nghè,bus_stop,platform,,,,yes,,,,686757.9233088461,1193690.9012012035
8995301281,106.7052576,10.7905929,Thảo Cầm Viên,bus_stop,platform,,,,yes,,,,686444.9162000213,1193344.9105325146
8995301286,106.7021055,10.7872273,Đài Truyền hình Thành phố,bus_stop,platform,,,,yes,,,,686102.2561349175,1192970.7062183116
8995419780,106.7011808,10.7862108,Đinh Tiên Hoàng,bus_stop,platform,,,,yes,,,,686001.7498390477,1192857.7041857128
8995419783,106.6986809,10.7839711,Phùng Khắc Khoan,bus_stop,platform,,,,yes,,,,685729.718442546,1192608.4425069457
8995419784,106.6963962,10.7832195,Hồ Con Rùa,bus_stop,platform,,,,yes,,,,685480.3070760581,1192523.9192144058
8995419786,106.6945421,10.7812378,Sân Phan Đình Phùng,bus_stop,platform,,,,yes,,,,685278.7415758456,1192303.5920757335
8995419789,106.6925541,10.7790915,Bảo tàng Chứng tích Chiến tranh,bus_stop,platform,,,,yes,,,,685062.6294899086,1192064.9785738767
8995419790,106.6914077,10.7779278,Trần Quốc Thảo,bus_stop,platform,,,,yes,,,,684937.9596859684,1191935.5643914128
8995419792,106.6900924,10.7765055,Đại học Mở Thành phố,bus_stop,platform,,,,yes,,,,684794.9741720208,1191777.4441492078
8995419799,106.6890602,10.7734306,Cách mạng Tháng Tám,bus_stop,platform,,,,yes,,,,684683.9577164623,1191436.694976526
8995419800,106.6867042,10.7708534,Tôn Thất Tùng,bus_stop,platform,,,,yes,,,,684427.8489625585,1191150.2019645353
8995419804,106.6848383,10.7689054,Bệnh viện Từ Dũ,bus_stop,platform,,,,yes,,,,684224.9567215648,1190933.6042423132
8995419807,106.6822967,10.7662198,Nhà sách Minh Khai,bus_stop,platform,,,,yes,,,,683948.6061863002,1190635.0141302662
8995419808,106.6807248,10.7650192,Công viên Âu Lạc,bus_stop,platform,,,,yes,,,,683777.4104544646,1190501.2689405736
8995419810,106.678868,10.7638338,Ngã tư Trần Bình Trọng,bus_stop,platform,,,,yes,,,,683575.0435910744,1190369.0355757293
8995419812,106.6769158,10.7625574,Ngã tư Lê Hồng Phong,bus_stop,platform,,,,yes,,,,683362.2959737091,1190226.6808433707
8995419814,106.6757324,10.7644045,Chợ Lê Hồng Phong,bus_stop,platform,,,,yes,,,,683231.746278213,1190430.2868786722
8995419815,106.6711831,10.763246,Hòa Hảo,bus_stop,platform,,,,yes,,,,682734.8722974604,1190299.426827204
8995419816,106.6695123,10.7608324,Trường Khiếm thị Nguyễn Đình Chiểu,bus_stop,platform,,,,yes,,,,682553.5838968155,1190031.4567385826
8995435218,106.6682188,10.7598222,Nguyễn Tiểu La,bus_stop,platform,,,,yes,,,,682412.7156894854,1189918.9462227407
8995435220,106.6652398,10.7592551,Ngã tư Ngô Quyền,bus_stop,platform,,,,yes,,,,682087.2290125326,1189854.4478465691
8995435222,106.660802,10.7583294,Bệnh viện Răng Hàm Mặt,bus_stop,platform,,,,yes,,,,681602.400280505,1189749.4232829367
8995806217,106.6602285,10.7580524,Bệnh viện Chợ Rẫy,bus_stop,platform,,,,yes,,,,681539.839558386,1189718.4442587972
8995806219,106.6659741,10.7592548,Chung cư 155 Nguyễn Chí Thanh,bus_stop,platform,,,,yes,,,,682167.5431175744,1189854.8506458206
8995806220,106.6695472,10.7606196,Trường Khiếm thị Nguyễn Đình Chiểu,bus_stop,platform,,,,yes,,,,682557.5291625902,1190007.9391239663
8995806221,106.6711586,10.7629361,Hòa Hảo,bus_stop,platform,,,,yes,,,,682732.3794117353,1190265.1333121615
8995806222,106.6753709,10.764707,Chợ Lê Hồng Phong,bus_stop,platform,,,,yes,,,,683192.0249742621,1190463.5313099416
8995806225,106.6825413,10.7661864,Phạm Viết Chánh,bus_stop,platform,,,,yes,,,,683975.3791375421,1190631.4664281968
8995806226,106.684986,10.7687115,Bệnh viện Từ Dũ,bus_stop,platform,,,,yes,,,,684241.2289044941,1190912.245055237
8995806227,106.6879277,10.7718402,Tôn Thất Tùng,bus_stop,platform,,,,yes,,,,684561.0641585228,1191260.0923083979
8995806228,106.6900059,10.7741294,Sở Y tế Thành phố,bus_stop,platform,,,,yes,,,,684786.9634946873,1191514.5622576142
8995806230,106.6927845,10.7770334,Nhà Văn hóa Lao động,bus_stop,platform,,,,yes,,,,685089.0862892037,1191837.4630223087
8995806231,106.6963991,10.7810063,Pasteur,bus_stop,platform,,,,yes,,,,685481.980623164,1192279.1094243038
8995806236,106.6994874,10.7841212,Mạc Đỉnh Chi,bus_stop,platform,,,,yes,,,,685817.8312676522,1192625.535296584
8995806238,106.7011341,10.7861633,Nhà thờ Mạc Ti Nho,bus_stop,platform,,,,yes,,,,685996.6716062101,1192852.42160573
8995806239,106.7045903,10.7896064,Thảo Cầm Viên,bus_stop,platform,,,,yes,,,,686372.5445225226,1193235.3823569422
8995806240,106.7056329,10.7907001,Cầu Thị Nghè,bus_stop,platform,,,,yes,,,,686485.894993146,1193356.9972442507
8995806241,106.7082002,10.7934888,Nhà thờ Thị Nghè,bus_stop,platform,,,,yes,,,,686764.9467804255,1193667.0357797206
8995806242,106.7105532,10.7965675,Trung tâm Dưỡng lão,bus_stop,platform,,,,yes,,,,687020.3771817284,1194009.0247760469
8995806243,106.7111815,10.7989338,Trường Trung học Phổ thông Gia Định,bus_stop,platform,,,,yes,,,,687087.6254340023,1194271.157956143
8995806246,106.7115312,10.803245,Ngã ba Hàng Xanh,bus_stop,platform,,,,yes,,,,687123.1992292821,1194748.2564153527
8995806250,106.7119251,10.8087344,Đài Liệt sĩ,bus_stop,platform,,,,yes,,,,687162.8741575332,1195355.7092310558
8995806252,106.712439,10.8107732,Co.opmart,bus_stop,platform,,,,yes,,,,687217.8094078901,1195581.5468121422
8995806255,106.7143371,10.8289282,Trường Tiểu học Bình Triệu,bus_stop,platform,,,,yes,,,,687414.0999354031,1197590.9358716244
8995806256,106.714138,10.8326872,Trạm xăng dầu - 206 Quốc lộ 13,bus_stop,platform,,,,yes,,,,687389.9896660541,1198006.6173472279
8995806257,106.7139914,10.8360741,Cầu Ông Dầu,bus_stop,platform,,,,yes,,,,687371.8515411695,1198381.1710842866
8995806258,106.7152725,10.8387634,Đường Số 3 - Quốc lộ 13,bus_stop,platform,,,,yes,,,,687510.2642922867,1198679.438178654
8995806259,106.7171468,10.841058,Đường Số 4 - Quốc lộ 13,bus_stop,platform,,,,yes,,,,687713.7854732,1198934.4119282418
8995806261,106.7186935,10.8488972,Ngã ba Hiệp Bình,bus_stop,platform,,,,yes,,,,687878.0182976432,1199802.5061736587
8995806262,106.7212457,10.852923,Ngã ba Đường Hiệp Bình,bus_stop,platform,,,,yes,,,,688154.5698510254,1200249.401663597
8995806264,106.7236422,10.8587104,Uỷ ban Nhân dân Phường Hiệp Bình Phước,bus_stop,platform,,,,yes,,,,688412.9841336986,1200891.0658075276
8995806266,106.7247816,10.863854,Ngã tư Bình Phước,bus_stop,platform,,,,yes,,,,688534.3398373179,1201460.7385074121
8995806275,106.7656683,10.8743701,Cầu vượt Linh Xuân,bus_stop,platform,,,,yes,,,,692998.1747816677,1202649.6887788584
8995806276,106.7665955,10.8774138,Chợ Linh Xuân,bus_stop,platform,,,,yes,,,,693097.5939858503,1202986.9687530678
8995806277,106.7681113,10.880146,Thánh thất Cao Đài Linh Xuân,bus_stop,platform,,,,yes,,,,693261.566749435,1203290.1665718637
8995806278,106.769448,10.8817828,Đường số 8 - 202-204 Quốc lộ 1K,bus_stop,platform,,,,yes,,,,693406.660904729,1203472.0795299534
8995806279,106.7725475,10.8854136,Chùa Từ Quang,bus_stop,platform,,,,yes,,,,693743.2009075887,1203875.6935412954
8995806280,106.7748953,10.8872531,Big C Green Square,bus_stop,platform,,,,yes,,,,693998.7062705684,1204080.678848712
9006208112,106.6679059,10.7596638,Trường Kinh tế Công nghệ,bus_stop,platform,,,,yes,,,,682378.5875830706,1189901.2391170708
9006208113,106.6645151,10.7591294,Nhà máy Bia Sài Gòn,bus_stop,platform,,,,yes,,,,682008.0405409937,1189840.1137671664
9006208114,106.6620152,10.7584565,Lý Thường Kiệt,bus_stop,platform,,,,yes,,,,681735.0177966163,1189764.2005559218
9049910392,106.7620933,10.874442,Cầu vượt Linh Xuân,bus_stop,platform,,,,yes,,,,692607.2442480926,1202655.3713066443
9049910393,106.7587769,10.875458,Giày Thái Bình - Bình Đường,bus_stop,platform,,,,yes,,,,692243.9843795757,1202765.6569298746
9049910394,106.7572607,10.8757384,Giày Thái Bình,bus_stop,platform,,,,yes,,,,692078.0272134867,1202795.7142582312
9049910395,106.7555829,10.8760632,Bến xe Lam Hồng,bus_stop,platform,,,,yes,,,,691894.3731777123,1202830.5816252436
9049910396,106.7464994,10.8740766,Cầu vượt Sóng Thần,bus_stop,platform,,,,yes,,,,690902.4750543447,1202605.0997930062
9049910397,106.7442409,10.8733373,Chợ Tam Hải,bus_stop,platform,,,,yes,,,,690656.0063751944,1202521.9007407292
9049910398,106.7397521,10.87216,Hồ bơi,bus_stop,platform,,,,yes,,,,690165.9584850164,1202388.8553495412
9049910399,106.7345388,10.8708706,Chợ Tam Bình,bus_stop,platform,,,,yes,,,,689596.7632323529,1202242.9651384596
9049910400,106.7290625,10.8681598,Chợ Đầu mối Nông sản Thủ Đức,bus_stop,platform,,,,yes,,,,688999.7034960468,1201939.6913027728
9050097831,106.7273824,10.8668576,Ngã ba Mũi tàu Đường Gò Dưa,bus_stop,platform,,,,yes,,,,688816.822720597,1201794.6014001837
9050097832,106.7300739,10.8682455,Chợ Đầu mối Nông sản Thủ Đức,bus_stop,platform,,,,yes,,,,689110.2346523157,1201949.800762266
9050097833,106.7353288,10.8708343,Chợ Tam Bình,bus_stop,platform,,,,yes,,,,689683.1631839128,1202239.4431734807
9050097834,106.7396018,10.8717377,Hồ bơi - 376 Quốc lộ 1,bus_stop,platform,,,,yes,,,,690149.79261572,1202342.0475547353
9050097835,106.744198,10.8729472,Chợ Tam Hải,bus_stop,platform,,,,yes,,,,690651.5636673042,1202478.7219186835
9050097836,106.7469374,10.8738164,Cầu vượt Sóng Thần,bus_stop,platform,,,,yes,,,,690950.5304661512,1202576.5925967481
9050097837,106.7555501,10.8756749,Bến xe Lam Hồng,bus_stop,platform,,,,yes,,,,691891.0353179026,1202787.6078690947
9050097838,106.757432,10.8753078,Giày da Thái Bình,bus_stop,platform,,,,yes,,,,692097.0324626571,1202748.1904757426
9050097839,106.7625318,10.873933,Cầu vượt Linh Xuân,bus_stop,platform,,,,yes,,,,692655.5158983709,1202599.3447934121
9052897241,106.709413,10.7950076,Ngã ba Nguyễn Cửu Vân,bus_stop,platform,,,,yes,,,,686896.6452931273,1193835.7789751147
9052922920,106.6766547,10.7612431,Lê Hồng Phong,bus_stop,platform,,,,yes,,,,683334.532986653,1190081.1459225244
9206593010,106.7110735,10.7997458,Trường Trung học Phổ thông Gia Định,bus_stop,platform,,,,yes,,,,687075.311499338,1194360.91138116
9243986571,106.7224888,10.8557053,Trạm y tế Phường Hiệp Bình Phước,bus_stop,platform,,,,yes,,,,688288.7522725482,1200557.9383943079
9402954175,106.7009383,10.770873,Trạm trung chuyển Hàm Nghi,bus_stop,platform,,,,yes,,,,685984.6503754688,1191160.9735442926
9402954176,106.7008574,10.7709257,Trạm trung chuyển Hàm Nghi,bus_stop,platform,,,,yes,,,,685975.7697932492,1191166.7538229895
9402954180,106.7006065,10.7708875,Trạm trung chuyển Hàm Nghi,bus_stop,platform,,,,yes,,,,685948.3516927691,1191162.3760788527
9402954181,106.7007985,10.7708789,Trạm trung chuyển Hàm Nghi,bus_stop,platform,,,,yes,,,,685969.3564828532,1191161.5413178573
9402954182,106.7005183,10.7709943,Trạm trung chuyển Hàm Nghi,bus_stop,platform,,,,yes,,,,685938.6394976176,1191174.1361774215
9402954183,106.7008529,10.7709777,Trạm trung chuyển Hàm Nghi,bus_stop,platform,,,,yes,,,,685975.245697456,1191172.5030434662
9402954185,106.6999115,10.7710347,Trạm trung chuyển Hàm Nghi,bus_stop,platform,,,,yes,,,,685872.2475457956,1191178.2368395121
9402954187,106.6994948,10.771049,Trạm trung chuyển Hàm Nghi,bus_stop,platform,,,,yes,,,,685826.6633173132,1191179.5658787496
9402954188,106.6994198,10.7711574,Trạm trung chuyển Hàm Nghi,bus_stop,platform,,,,yes,,,,685818.3939073321,1191191.5109934316
9402954189,106.6994943,10.7711007,Trạm trung chuyển Hàm Nghi,bus_stop,platform,,,,yes,,,,685826.5769205518,1191185.284339197
9402954190,106.6999191,10.7710925,Trạm trung chuyển Hàm Nghi,bus_stop,platform,,,,yes,,,,685873.0433148128,1191184.6349625553
9403108739,106.6871356,10.7869475,Trần Quốc Toản,bus_stop,platform,,,,yes,,,,684465.2253355035,1192930.6908084315
9404173938,106.6688819,10.7996655,Cây xăng Quân khu 7,bus_stop,platform,,,,yes,,,,682461.2256053532,1194326.5201782808
9404173939,106.6649186,10.8035874,Quán Vườn Dừa,bus_stop,platform,,,,yes,,,,682025.4349386728,1194757.9688935
9468454790,106.7030831,10.7709914,Chợ Cũ,bus_stop,platform,,,,yes,,,,686219.1598017365,1191175.3729735408
9468454791,106.7018406,10.7710549,Trường Cao đẳng Kỹ Thuật Cao Thắng,bus_stop,platform,,,,yes,,,,686083.2254558296,1191181.6421432558
9468454792,106.6902514,10.762287,Trần Đình Xu,bus_stop,platform,,,,yes,,,,684821.0361739503,1190204.776652263
9470342578,106.6662,10.7524951,Ngô Quyền,bus_stop,platform,,,,yes,,,,682196.3099981031,1189107.2773770674
9470342579,106.6759559,10.7539983,Rạp Đồng Tháp,bus_stop,platform,,,,yes,,,,683262.4785895529,1189279.3588991899
9470342581,106.672795,10.7529839,An Bình,bus_stop,platform,,,,yes,,,,682917.359715973,1189165.2674577632
9470667880,106.6605949,10.7520759,Triệu Quang Phục,bus_stop,platform,,,,yes,,,,681583.4909983262,1189057.5871832047
9470667882,106.6603863,10.7529609,Lương Nhữ Học,bus_stop,platform,,,,yes,,,,681560.1455175495,1189155.3555769213
9470667885,106.6668409,10.7540044,Ngô Quyền,bus_stop,platform,,,,yes,,,,682265.503465777,1189274.6053833459
9470667888,106.6800086,10.7549219,Trần Bình Trọng,bus_stop,platform,,,,yes,,,,683705.193059874,1189383.9443083082
9470667889,106.6890393,10.760673,Phòng Cảnh sát Phòng cháy Chữa cháy,bus_stop,platform,,,,yes,,,,684689.4457590157,1190025.5157697322
9470667890,106.7015057,10.7708611,Nam Kỳ Khởi Nghĩa,bus_stop,platform,,,,yes,,,,686046.7156321899,1191160.0016873784
9470667891,106.7019523,10.7708361,Chợ Cũ,bus_stop,platform,,,,yes,,,,686095.5767547636,1191157.5075257528
9480981742,106.7060766,10.7672408,Đại học Luật,bus_stop,platform,,,,yes,,,,686548.8757152514,1190762.3222800836
9497070790,106.6694203,10.7539507,Siêu thị Điện máy,bus_stop,platform,,,,yes,,,,682547.6623869094,1189270.1985851934
9584841105,106.6769699,10.7617396,Nhà xe Thành Bưởi Lê Hồng Phong,,station,bus_station,,,yes,,,,683368.7076595947,1190136.2537783075
9585048355,106.7142581,10.8008422,Đại học HUTECH,bus_stop,platform,,,,yes,,,,687422.9076317183,1194484.1413626538
9585091207,106.6645933,10.7513413,Nhà xe Đại Ngân - Tản Đà,,station,,,,,,,,682021.265504507,1188978.69951189
9585091213,106.6642009,10.7544409,Nhà Xe Hiệp Thành,,station,,,,,,,,681976.4872121027,1189321.3210338235
9585162923,106.6998101,10.7692272,Nhà Xe Hoa Mai,,station,bus_station,,,yes,,,,685862.2659431733,1190978.2398107054
9585162924,106.7009692,10.7701978,Nhà Xe Toàn Thắng,,station,bus_station,,,yes,,,,685988.4444634239,1191086.305416484
9585453808,106.6641641,10.7546223,Xe Khách Thanh Phương Ngân,,station,,,,,,,,681972.3533763512,1189341.3643018645
9585476419,106.6983944,10.7679444,Huy Hoàng Limousine,,station,bus_station,,,yes,,,,685708.212755895,1190835.4855329045
9586952127,106.6773234,10.7597122,Nhà Xe Phương Trang - Lê Hồng Phong,,station,,,,,,,,683408.5976619152,1189912.2080963172
9587016886,106.6760244,10.7511682,Nhà Xe Bá Hải - Võ Văn Kiệt,,station,,,,,,,,683271.6798833322,1188966.3539138287
9587016892,106.6721235,10.7564317,Nhà Xe Kim Mạnh Hùng - Nguyễn Duy Dương,,station,,,,,,,,682841.8352670064,1189546.2382285034
9587246046,106.6711927,10.7596167,Nhà Xe Hải Duyên - Nguyễn Duy Dương,,station,,,,,,,,682738.1092840849,1189897.985453544
9587246047,106.6711753,10.7597037,Nhà Xe Cúc Phương,,station,,,,,,,,682736.153742843,1189907.59840145
9587246048,106.6728569,10.7562877,Nhà Xe Kim Mã - Trần Phú,,station,,,,,,,,682922.1385847282,1189530.747116364
9587246049,106.6738531,10.7611174,Nhà Xe Hoàng Khải - Nguyễn Chí Thanh,,station,,,,,,,,683028.1849787341,1190065.568511031
9587246054,106.6711713,10.7597198,Nhà Xe Võ Cúc Phương - Nguyễn Duy Dương,,station,,,,,,,,682735.7065429523,1189909.3768845955
9587246055,106.6733008,10.7568114,Nhà Xe Thanh Thủy - Trần Phú,,station,,,,,,,,682970.374876199,1189588.9397653933
9587268683,106.7184993,10.7985763,Bến xe Thành Bưởi - Hàng Xanh,,station,bus_station,,,yes,,,,687888.144715728,1194236.1020765556
9587268684,106.7184705,10.7985379,Nhà xe Thành Bưởi - Điện Biên Phủ,,station,bus_station,,,yes,,,,687885.0189266922,1194231.836733285
9587329649,106.6827641,10.8304837,Nhà Xe Điền Linh (Hùng Phúc) - Lê Đức Thọ,,station,,,,,,,,683960.6012967557,1197743.7604269278
9587486355,106.6787234,10.8623069,Bến xe Ngã tư Ga,,station,bus_station,,,yes,,,,683499.3381255443,1201261.4083042494
9593578332,106.7768211,10.8508981,Nhà Xe Phương Trang - Ngã Tư Thủ Đức,,station,,,,,,,,694232.7866273728,1200060.3486873824
9593578333,106.7773963,10.85123,Nhà Chờ Xe Thành Bưởi,,station,,,,,,,,694295.4688682728,1200097.4305628992
9667135117,106.6648363,10.7559701,Bệnh viện Phạm Ngọc Thạch,bus_stop,platform,,,,yes,,,,682045.067582057,1189490.84643358
9667135118,106.6646794,10.7556384,Bệnh viện Đại học Y dược,bus_stop,platform,,,,yes,,,,682028.105492719,1189454.0632051495
9733886226,106.7552804,10.8085376,Rạch Chiếc,,stop_position,,stop,,,,yes,,691904.3572676443,1195360.8511803423
9733886370,106.755247,10.8085541,Rạch Chiếc,,stop_position,,stop,,,,yes,,691900.6940958704,1195362.6553807163
10089382779,106.7321334,10.8005886,,bus_stop,platform,,,,yes,,,,689377.9597283297,1194467.1102405416
10262053478,106.694576,10.7798691,Trường Trung học Phổ thông Lê Quý Đôn,bus_stop,platform,,,,yes,,,,685283.286962325,1192152.2149618093
10287576612,106.8492964,10.904079,Ngã tư Vũng Tàu,bus_stop,platform,,,,yes,,,,702122.0854694608,1205990.6303883384
10669309505,106.6628315,10.8131143,"BUS 109 (wallmark B-17) to downtown - doesn't seem to stop here any longer (Jan 2024), go to the international terminal instead",bus_stop,,,,,,,,,681791.4556950966,1195810.522098889
10741748105,106.6895544,10.7676825,Bến xe buýt Sài Gòn,,station,bus_station,,,yes,,,,684741.5136565235,1190801.1734882796
10918038105,106.6913177,10.7643579,,bus_stop,,,,,,,,,684936.3995924327,1190434.4898315195
10964744893,106.6764039,10.8415871,Ngã tư An Nhơn,bus_stop,platform,,,,yes,,,,683258.3572999643,1198968.1151930613
11017467068,106.6608359,10.7889622,Ga Phạm Văn Hai,,stop_position,,stop,,,,yes,,681587.7428686759,1193137.8093908792
11335586132,106.7730954,10.8483995,Ngã tư Thủ Đức,bus_stop,platform,,,,yes,,,,693827.0013618807,1199781.5795780218
11335586134,106.8200855,10.8889852,Công ty Dosan,bus_stop,platform,,,,yes,,,,698938.4469467055,1204301.5738344458
11335586138,106.8124193,10.8786028,Công ty Đức Khải,,platform,,,,,,,,698107.1185023464,1203148.0375171765
11337172374,106.7599977,10.8254524,Ngã tư Tây Hòa (RMK),bus_stop,platform,,,,yes,,,,692409.4601087789,1197234.900990648
11337172375,106.7687314,10.8407575,Đối diện Uỷ ban Nhân dân Quận 9 cũ,bus_stop,platform,,,,yes,,,,693354.7175260196,1198933.4549855455
11337172377,106.7707187,10.8442279,Bê tông Hải Âu,bus_stop,platform,,,,yes,,,,693569.7979999261,1199318.6091336315
11337172378,106.7580609,10.8203721,Xi măng Hà Tiên,bus_stop,platform,,,,yes,,,,692200.8986605381,1196671.7071302556
11337172379,106.7653111,10.8349107,Ngã tư Bình Thái,bus_stop,platform,,,,yes,,,,692984.4534087069,1198284.521098503
11345881267,106.8304498,10.8365308,Tòa nhà S1.01,bus_stop,platform,,,,yes,,,,700106.5900351754,1198505.771043635
11345881268,106.8304603,10.8367506,Tòa nhà S1.01,bus_stop,platform,,,,yes,,,,700107.5921753407,1198530.0926804303
11345913969,106.8321187,10.8373587,Tòa nhà S2.01,bus_stop,platform,,,,yes,,,,700288.5432086952,1198598.4522243242
11345913971,106.8350402,10.8382132,Tòa nhà S3.03,bus_stop,platform,,,,yes,,,,700607.4563709772,1198694.9020604326
11345913972,106.8349564,10.8383487,Tòa nhà S3.03,bus_stop,platform,,,,yes,,,,700598.2020858239,1198709.8361851142
11345913974,106.8336106,10.8394551,Tòa nhà S5.01,bus_stop,platform,,,,yes,,,,700450.2948291025,1198831.3424308582
11345913977,106.8376581,10.8400337,Tòa nhà S5.01,bus_stop,platform,,,,yes,,,,700892.5231156219,1198898.0162981935
11345913978,106.8375433,10.8399976,Tòa nhà S5.03,bus_stop,platform,,,,yes,,,,700879.9932644076,1198893.9470762056
11345913979,106.8373981,10.8422199,S6.02,bus_stop,platform,,,,yes,,,,700862.6316059851,1199139.6877251319
11345913980,106.8374144,10.8420681,Công viên Cầu Vồng,bus_stop,platform,,,,yes,,,,700864.5154108519,1199122.9059800347
11353742828,106.8276639,10.8420169,Chợ Gò Công,bus_stop,platform,,,,yes,,,,699798.2941622545,1199110.8250576684
11353742829,106.8280257,10.8421676,Chợ Gò Công,bus_stop,platform,,,,yes,,,,699837.7582317161,1199127.7332910122
11353742830,106.8389656,10.8428791,Tòa nhà S6.06,bus_stop,platform,,,,yes,,,,701033.6038395027,1199213.6449744185
11363404640,106.7142713,10.8008851,Đại học Hutech,,platform,,,,,,,,687424.324599801,1194488.8948585351
11363404641,106.7174018,10.7995636,Khu du lịch Văn Thánh,bus_stop,platform,,,,yes,,,,687767.5049036666,1194344.638314676
11363404642,106.7193338,10.7984179,Cầu Sài Gòn,bus_stop,platform,,,,yes,,,,687979.5070171139,1194219.0936969658
11430345650,106.6916462,10.7678614,Kumho Samco Buslines,bus_stop,,,,,,,,,684970.1910719349,1190822.2239106274
11430469505,106.6921517,10.7680298,Hahn Café,bus_stop,,,,,,,,,685025.3763518243,1190841.1564154269
11586280308,106.6976235,10.7707525,Bến Thành,,stop_position,,stop,,,,yes,,685622.1766225111,1191145.634483514
11586280309,106.6974617,10.7709021,Bến Thành,,stop_position,,stop,,,,yes,,685604.3885322663,1191162.0843676203
11586280310,106.7022619,10.7755113,Nhà Hát Thành Phố,,stop_position,,stop,,,,yes,,686126.565695502,1191674.8407030837
11586280311,106.7021468,10.7756293,Nhà Hát Thành Phố,,stop_position,,stop,,,,yes,,686113.9045899552,1191687.8232770497
11586280312,106.7083481,10.7820821,Ba Son,,stop_position,,stop,,,,yes,,686788.1654942442,1192405.3743509438
11586280313,106.708464,10.7819867,Ba Son,,stop_position,,stop,,,,yes,,686800.9002228212,1192394.892413677
11586280314,106.7155211,10.7960451,Công viên Văn Thánh,,stop_position,,stop,,,,yes,,687564.0098919284,1193954.2830589171
11586280315,106.7233192,10.7986171,Tân Cảng,,stop_position,,stop,,,,yes,,688415.2404710478,1194243.5824155144
11586280316,106.7233239,10.7985812,Tân Cảng,,stop_position,,stop,,,,yes,,688415.7768652549,1194239.614203968
11586280317,106.7233061,10.7987316,Tân Cảng,,stop_position,,stop,,,,yes,,688413.7364122181,1194256.239854403
11586280318,106.7233385,10.7984735,Tân Cảng,,stop_position,,stop,,,,yes,,688417.4407300202,1194227.7098775588
11586280319,106.7336461,10.8005113,Thảo Điền,,stop_position,,stop,,,,yes,,689543.4422848789,1194459.4974936787
11586280320,106.7336535,10.8004707,Thảo Điền,,stop_position,,stop,,,,yes,,689544.2770469495,1194455.011056923
11586280321,106.7422332,10.8021999,An Phú,,stop_position,,stop,,,,yes,,690481.4948221338,1194651.6248616057
11586280322,106.7422533,10.8020845,An Phú,,stop_position,,stop,,,,yes,,690483.7657974195,1194638.8722019691
11586280323,106.7581599,10.8214282,Phước Long,,stop_position,,stop,,,,yes,,692211.0518391189,1196788.5930876206
11586280324,106.7581973,10.821417,Phước Long,,stop_position,,stop,,,,yes,,692215.1489401874,1196787.377737848
11586280325,106.7638872,10.8326791,Bình Thái,,stop_position,,stop,,,,yes,,692830.1749895932,1198036.763535232
11586280326,106.7639195,10.8326599,Bình Thái,,stop_position,,stop,,,,yes,,692833.7193994105,1198034.6601070478
11586280328,106.7716657,10.846403,Thủ Đức,,stop_position,,stop,,,,yes,,693671.9518065685,1199559.8185879053
11586280329,106.7716333,10.8464116,Thủ Đức,,stop_position,,stop,,,,yes,,693668.403364855,1199560.7492882085
11586280330,106.7888225,10.8590126,Khu Công Nghệ Cao,,stop_position,,stop,,,,yes,,695539.8349462219,1200965.6631887923
11586280331,106.7888389,10.8589744,Khu Công Nghệ Cao,,stop_position,,stop,,,,yes,,695541.6530715609,1200961.4480608918
11586280332,106.801193,10.8663195,Đại học Quốc gia,,stop_position,,stop,,,,yes,,696887.7045564516,1201781.9430258414
11586280333,106.8012088,10.8662864,Đại học Quốc gia,,stop_position,,stop,,,,yes,,696889.4538877229,1201778.2917254877
11586280334,106.8140678,10.8796111,Bến xe Suối Tiên,,stop_position,,stop,,,,yes,,698286.697899862,1203260.6540320902
11586280335,106.81417,10.8795689,Bến xe Suối Tiên,,stop_position,,stop,,,,yes,,698297.9002715233,1203256.0526101796
11625809673,106.6914392,10.7808225,Nguyễn Đình Chiểu,bus_stop,platform,,,,yes,,,,684939.6364166704,1192255.777783389
11625810073,106.6921965,10.7807579,Co.opmart Nguyễn Đình Chiểu,bus_stop,platform,,,,yes,,,,685022.500587577,1192249.089712074
11625828069,106.7172175,10.800262,Khu du lịch Văn Thánh,bus_stop,platform,,,,yes,,,,687746.9153211395,1194421.778968472
11625833369,106.6938218,10.7708507,Ngã sáu Phù Đổng,bus_stop,platform,,,,yes,,,,685206.3161513982,1191154.1963568334
11625833669,106.6936333,10.7708393,Nguyễn Thị Nghĩa,bus_stop,platform,,,,yes,,,,685185.7064788531,1191152.821427474
11627173669,106.7227973,10.7989052,Công viên Cầu Sài Gòn,bus_stop,platform,,,,yes,,,,688357.9840110174,1194275.1291405193
11628663569,106.6927759,10.7710326,Nguyễn Trãi,bus_stop,platform,,,,yes,,,,685091.8127707499,1191173.6850684627
11628670569,106.7146663,10.8082939,Chợ Phường 25,bus_stop,platform,,,,yes,,,,687462.9237433794,1195308.6646851148
11628674869,106.69357,10.7788668,Trường Trung học Cơ sở Lê Quý Đôn,bus_stop,platform,,,,yes,,,,685173.8749820979,1192040.7377947553
11629642669,106.6961893,10.7732966,Khách sạn Golden,bus_stop,platform,,,,yes,,,,685463.7573267154,1191426.1796555524
11704307870,106.7479175,10.8029737,Cát Lái,bus_stop,platform,,,,yes,,,,691102.6602271782,1194740.7701673068
11710593984,106.7096303,10.7767663,Bến Thủ Thiêm,,platform,ferry_terminal,,,,,,,686931.6807051548,1191818.1499473155
11753277684,106.6959537,10.7687864,Trường Trung học Phổ thông Ernst Thälmann,bus_stop,platform,,,,yes,,,,685440.7500256535,1190927.1448906146
11753277685,106.6917049,10.7639299,Bệnh viện Răng Hàm Mặt,bus_stop,platform,,,,yes,,,,684979.0104778028,1190387.3806545334
11753277686,106.6781761,10.7545827,Bệnh viện Chấn thương Chỉnh hình,bus_stop,platform,,,,yes,,,,683504.9646896098,1189345.327902208
11753277687,106.6742576,10.7535654,Rạp Đống Đa,bus_stop,platform,,,,yes,,,,683076.9844410452,1189230.46092744
11753277690,106.663457,10.75335,Đại học Sư phạm Thể dục Thể thao,bus_stop,platform,,,,yes,,,,681895.7759364108,1189200.2129873107
11753277691,106.6759221,10.7538131,Rạp Đồng Tháp,bus_stop,platform,,,,yes,,,,683258.893478083,1189258.8531847198
11753277693,106.6916529,10.7636355,Bệnh viện Răng Hàm Mặt,bus_stop,platform,,,,yes,,,,684973.5026221568,1190354.7845457993
11753277694,106.6947089,10.7671569,Ký túc xã Trần Hưng Đạo,bus_stop,platform,,,,yes,,,,685305.598967771,1190746.1462712898
11753277695,106.700515,10.7709376,Trạm trung chuyển Hàm Nghi,bus_stop,platform,,,,yes,,,,685938.3133666301,1191167.8623362079
11753277698,106.7006741,10.7806054,Bưu điện Thành phố,bus_stop,platform,,,,yes,,,,685949.778019484,1192237.3575409045
11753277699,106.6964768,10.784299,Sở Công Thương,bus_stop,platform,,,,yes,,,,685488.4604061915,1192643.376202802
11753277701,106.6887854,10.7904513,Chợ Tân Định,bus_stop,platform,,,,yes,,,,684643.5183395151,1193319.2550345112
11753277702,106.6847791,10.7936117,Cầu Kiệu,bus_stop,platform,,,,yes,,,,684203.4454295732,1193666.423047738
11753277703,106.6830314,10.7950253,Chợ Phú Nhuận,bus_stop,platform,,,,yes,,,,684011.4506453916,1193821.734228228
11753277712,106.6812196,10.8245516,Cầu vượt Ngã sáu Gò Vấp,bus_stop,platform,,,,yes,,,,683795.3283910839,1197086.6565337046
11753277713,106.6786557,10.829166,Cầu vượt Ngã sáu Gò Vấp,bus_stop,platform,,,,yes,,,,683512.1511693043,1197595.5278248016
11753277714,106.6767129,10.832444,Ngã tư Phan Văn Trị,bus_stop,platform,,,,yes,,,,683297.7112762897,1197956.9499942965
11753277716,106.6767484,10.84218,Ngã tư An Nhơn,bus_stop,platform,,,,yes,,,,683295.6657240388,1199033.9054096558
11753277718,106.6791956,10.852622,Nhà hàng Bến Xưa,bus_stop,platform,,,,yes,,,,683556.8833914353,1200190.4092593368
11753277720,106.6803857,10.8652323,Đình thần Giao Khẩu,bus_stop,platform,,,,yes,,,,683679.301743295,1201586.0027396549
11753277721,106.6782224,10.8683124,Cây xăng Tài Lộc,bus_stop,platform,,,,yes,,,,683440.8909219401,1201925.3973818875
11753277722,106.6769474,10.8713056,Vườn kiểng Quang Dũng,bus_stop,platform,,,,yes,,,,683299.6597589017,1202255.716866859
11753277723,106.6769293,10.8753576,Gara Thanh Hậu,bus_stop,platform,,,,yes,,,,683295.2055021123,1202703.9132632664
11753277724,106.6781955,10.8784944,Chợ Thạnh Xuân,bus_stop,platform,,,,yes,,,,683431.7250317835,1203051.652049613
11753277725,106.6792137,10.8808888,Trường Cao đẳng Điện lực,bus_stop,platform,,,,yes,,,,683541.581551475,1203317.1219774687
11753277726,106.68131,10.8845895,Trường Mầm non Hoa Đỗ Quyên,bus_stop,platform,,,,yes,,,,683768.5044629301,1203727.7408766288
11753277727,106.6831419,10.8863295,Cây xăng Thanh Bình,bus_stop,platform,,,,yes,,,,683967.7183508847,1203921.3204082914
11753277728,106.6851783,10.888795,Cầu Ông Dung,bus_stop,platform,,,,yes,,,,684188.84171844,1204195.2764880243
11753277729,106.6870168,10.8921392,Cầu Phú Long,bus_stop,platform,,,,yes,,,,684387.7843680785,1204566.3111942601
11753277730,106.6886265,10.8949158,Chùa Báo Ấn,bus_stop,platform,,,,yes,,,,684562.0580191304,1204874.4235960615
11753277731,106.6890857,10.8976777,Chợ Đường,bus_stop,platform,,,,yes,,,,684610.557868026,1205180.2099619273
11753277732,106.6733033,10.8932948,Thạnh Xuân,bus_stop,platform,,,,yes,,,,682887.8186892736,1204685.8264411977
11753277734,106.6890441,10.8975133,Chợ Đường,bus_stop,platform,,,,yes,,,,684606.111295701,1205161.9995583892
11753277735,106.6885147,10.8948963,Chùa Báo Ấn,bus_stop,platform,,,,yes,,,,684549.8473084839,1204872.1985070438
11753277736,106.6872032,10.8925376,Cầu Phú Long,bus_stop,platform,,,,yes,,,,684407.9177539592,1204610.4934408441
11753277737,106.6851314,10.8889446,Cầu Ông Dung,bus_stop,platform,,,,yes,,,,684183.6222327078,1204211.7959038478
11753277738,106.6828655,10.8862736,Cây xăng Thanh Bình,bus_stop,platform,,,,yes,,,,683937.5339652259,1203914.9693813527
11753277739,106.680837,10.8840411,Trường Mầm non Hoa Đỗ Quyên,bus_stop,platform,,,,yes,,,,683717.1274448996,1203666.793494577
11753277740,106.679219,10.8810848,Trường Cao đẳng Điện lực,bus_stop,platform,,,,yes,,,,683542.04102749,1203338.805532529
11753277741,106.6782775,10.8789423,Chợ Thạnh Xuân,bus_stop,platform,,,,yes,,,,683440.4163024265,1203101.2456150304
11753277742,106.6767753,10.8750523,Gara Thanh Hậu,bus_stop,platform,,,,yes,,,,683278.5546969897,1202670.0498536373
11753277743,106.6768332,10.8719552,Vườn kiểng Quang Dũng,bus_stop,platform,,,,yes,,,,683286.7769859284,1202327.5026719826
11753277744,106.678314,10.8680621,Cây xăng Tài Lộc,bus_stop,platform,,,,yes,,,,683451.0590497509,1201897.7660544957
11753277745,106.6803678,10.86492,Đình thần Giao Khẩu,bus_stop,platform,,,,yes,,,,683677.5356355106,1201551.4471712909
11753277748,106.6791395,10.8534696,Nhà hàng Bến Xưa,bus_stop,platform,,,,yes,,,,683550.2318122489,1200284.1316877855
11753277749,106.6785445,10.84879,Cầu An Lộc,bus_stop,platform,,,,yes,,,,683488.0293816731,1199766.144338476
11753277751,106.6772363,10.8439719,Bưu điện An Nhơn,bus_stop,platform,,,,yes,,,,683347.9234931936,1199232.4078513875
11753277753,106.675739,10.8395033,Đài Liệt sĩ,bus_stop,platform,,,,yes,,,,683186.9217224359,1198737.2184741471
11753277754,106.6754577,10.8369333,Trường Vinhempic,bus_stop,platform,,,,yes,,,,683157.7262020628,1198452.772453617
11753277755,106.6755864,10.8349731,Cư xá Lam Sơn,bus_stop,platform,,,,yes,,,,683172.9916111698,1198236.0252009793
11753277756,106.6769212,10.8316752,Ngã tư Phan Văn Trị,bus_stop,platform,,,,yes,,,,683320.9565315342,1197872.035590103
11753277758,106.6787507,10.8200217,Bệnh viện Quân y 175,bus_stop,platform,,,,yes,,,,683528.1068269042,1196584.1008290423
11753277759,106.6786775,10.8167716,Chợ Tân Sơn Nhất,bus_stop,platform,,,,yes,,,,683522.0797264653,1196224.55158168
11753277760,106.6775919,10.8133403,Đầu Công viên Gia Định,bus_stop,platform,,,,yes,,,,683405.450161707,1195844.350740257
11753277765,106.6763886,10.8023965,Tháp nước,bus_stop,platform,,,,yes,,,,683280.5057285883,1194633.097103724
11753277768,106.6806005,10.7984236,Trường Cao đẳng Kinh tế Đối ngoại,bus_stop,platform,,,,yes,,,,683743.5347761612,1194196.170232453
11753290069,106.6826399,10.7952238,Chợ Phú Nhuận,bus_stop,platform,,,,yes,,,,683968.5143092417,1193843.4554355917
11753290070,106.6852803,10.7931151,Cầu Kiệu,bus_stop,platform,,,,yes,,,,684258.5610287121,1193611.7942222499
11753290072,106.6904556,10.7890413,Chợ Tân Định,bus_stop,platform,,,,yes,,,,684827.0411169319,1193164.2980220732
11753290074,106.6966375,10.7840612,Trần Cao Vân,bus_stop,platform,,,,yes,,,,685506.1815310272,1192617.1695232224
11753290075,106.6990284,10.7819798,Lê Duẩn,bus_stop,platform,,,,yes,,,,685768.9460701778,1192388.3868881157
11753290076,106.7018959,10.7793394,Bệnh viện Nhi đồng 2,bus_stop,platform,,,,yes,,,,686084.183273889,1192098.0618864237
11753290077,106.7035256,10.7778905,Nhà hát Thành phố,bus_stop,platform,,,,yes,,,,686263.3141782425,1191938.783282012
11753290078,106.7056045,10.7759881,Công trường Mê Linh,bus_stop,platform,,,,yes,,,,686491.8554203884,1191729.6151007363
11754611882,106.6635553,10.8004725,Công viên Hoàng Văn Thụ,bus_stop,platform,,,,yes,,,,681878.2216205446,1194412.6095060867
11754611890,106.6987823,10.7759926,Tòa án Nhân dân Thành phố,bus_stop,platform,,,,yes,,,,685745.7039404745,1191725.9670213636
11754611892,106.700882,10.771523,Trường Cao đẳng Kỹ thuật Cao Thắng,bus_stop,platform,,,,yes,,,,685978.0936923237,1191232.8387710114
11754611894,106.7128124,10.8137949,Cổng ra Bến xe Miền Đông 1,bus_stop,platform,,,,yes,,,,687256.768932587,1195916.0222829238
11754611895,106.7183139,10.8431465,Cân Nhơn Hòa,bus_stop,platform,,,,yes,,,,687840.1017818156,1199166.152997745
11754611896,106.7245165,10.8610579,Hồ bơi - 784 Quốc lộ 13,bus_stop,platform,,,,yes,,,,688507.1087004438,1201151.279689341
11754611899,106.7243946,10.8613012,Hồ bơi Mèo Mun,bus_stop,platform,,,,yes,,,,688493.6273608409,1201178.1170261344
11754611900,106.6902671,10.7750881,Nguyễn Thị Minh Khai,bus_stop,platform,,,,yes,,,,684814.9461090089,1191620.7653961058
11754611901,106.6836448,10.7676768,Trung ương Hội Chữ thập Đỏ Thành phố,bus_stop,platform,,,,yes,,,,684095.1672228406,1190796.9872916795
11755160657,106.6821634,10.7644625,Trường Trung học Phổ thông Chuyên Lê Hồng Phong,bus_stop,platform,,,,yes,,,,683935.0930282793,1190440.553177222
11755160658,106.7339353,10.7998702,Cầu Đen,bus_stop,platform,,,,yes,,,,689575.4724872371,1194388.7606962188
11755160659,106.7386007,10.8008158,Thảo Điền,bus_stop,platform,,,,yes,,,,690085.1037452631,1194496.2579445033
11755160660,106.7431871,10.8016372,Ga An Phú,bus_stop,platform,,,,yes,,,,690586.1715727574,1194589.9755768706
11755160661,106.748013,10.8025627,Cát Lái,bus_stop,platform,,,,yes,,,,691113.3644822382,1194695.3662264545
11755160662,106.7583252,10.8191785,Xi măng Hà Tiên - Trạm thu phí,bus_stop,platform,,,,yes,,,,692230.56275312,1196539.8401510327
11755160663,106.7609095,10.8259513,Ngã tư Tây Hòa (RMK),bus_stop,platform,,,,yes,,,,692508.8521571128,1197290.663954641
11755160664,106.7631907,10.8301673,Trạm Xây dựng - 354A Xa lộ Hà Nội,bus_stop,platform,,,,yes,,,,692755.6176264561,1197758.4718661334
11755160665,106.764804,10.8330527,Khu Quản lý Giao thông Đô thị Số 2,bus_stop,platform,,,,yes,,,,692930.1909552808,1198078.6709571206
11755160666,106.7667212,10.8388052,Tu viện Quảng Đức,bus_stop,platform,,,,yes,,,,693136.1534085613,1198716.2185185135
11755184272,106.7750322,10.8497868,Công an Thành phố Thủ Đức,bus_stop,platform,,,,yes,,,,694037.8920203306,1199936.2759689179
11755184273,106.785349,10.8562647,HUTECH - Khu Công nghệ Cao,bus_stop,platform,,,,yes,,,,695161.8092890783,1200659.4588802273
11755184275,106.7910918,10.8669653,Đại học Nông Lâm,bus_stop,platform,,,,yes,,,,695782.7877731061,1201846.8519452969
11755184276,106.7877072,10.8680054,Đại học Nông Lâm,,station,bus_station,,,yes,,,,695412.030430512,1201959.7279299283
11755184278,106.790324,10.8668341,Đại học Nông Lâm,bus_stop,platform,,,,yes,,,,695698.9201482778,1201831.843763893
11755184279,106.7908142,10.8599964,Khu Công nghệ cao Quận 9,bus_stop,platform,,,,yes,,,,695756.9769678179,1201075.7732211943
11755184280,106.7886396,10.8586682,Xa lộ Hà Nội,bus_stop,platform,,,,yes,,,,695520.0598268583,1200927.4480455907
11755184283,106.7586991,10.8497426,Làng Thiếu niên Thủ Đức,bus_stop,platform,,,,yes,,,,692251.9380780561,1199921.0161827323
11755184284,106.7596239,10.8482033,Trường Trung học Phổ thông Thủ Đức,bus_stop,platform,,,,yes,,,,692354.046773384,1199751.326254312
11755184285,106.7632351,10.8311989,Công ty Truyền tải Điện 4,bus_stop,platform,,,,yes,,,,692759.8128603422,1197872.6137399771
11755184286,106.7430936,10.8021132,Metro Quận 2,bus_stop,platform,,,,yes,,,,690575.6457696997,1194642.5709255731
11755184287,106.7387515,10.8012876,Thảo Điền,bus_stop,platform,,,,yes,,,,690101.2988938581,1194548.5407210048
11755184289,106.719624,10.7989394,Cầu Sài Gòn,bus_stop,platform,,,,yes,,,,688010.9198225616,1194276.958259111
11755184290,106.7148097,10.8012487,Đại học HUTECH,bus_stop,platform,,,,yes,,,,687482.9796318408,1194529.4449065744
11755184291,106.7128909,10.8016703,Trạm xăng dầu Điện Biên Phủ,bus_stop,platform,,,,yes,,,,687272.8741472494,1194574.90364761
11755184292,106.6818873,10.7645717,Trường Trung học Phổ thông Chuyên Lê Hồng Phong,bus_stop,platform,,,,yes,,,,683904.8286810028,1190452.4665347605
11755184293,106.6823627,10.7633489,Đại học Khoa học Tự nhiên,bus_stop,platform,,,,yes,,,,683957.5669223496,1190317.4936409693
11755184295,106.6787769,10.7594598,Chợ Bầu Sen,bus_stop,platform,,,,yes,,,,683567.727416226,1189885.158815111
11755184296,106.6753081,10.7580434,Huỳnh Mẫn Đạt,bus_stop,platform,,,,yes,,,,683189.1816636152,1189726.4127772653
11755184297,106.673536,10.7575218,Chợ An Đông,bus_stop,platform,,,,yes,,,,682995.6716184658,1189667.6594513871
11755184300,106.6609608,10.7552162,Hùng Vương Plaza,bus_stop,platform,,,,yes,,,,681621.6327152126,1189405.1592426528
11755184303,106.6692364,10.7587191,Trường Trung học Phổ thông Trần Khai Nguyên,bus_stop,platform,,,,yes,,,,682524.6792676223,1189797.5347075935
11755184304,106.6686142,10.7614409,Đại học Kinh tế,bus_stop,platform,,,,yes,,,,682454.9886246822,1190098.230133292
11755184305,106.6682507,10.7630881,Trường Trung học Cơ sở Hoàng Văn Thụ,bus_stop,platform,,,,yes,,,,682414.2401925261,1190280.215085246
11755184306,106.6788469,10.7744171,Bệnh viện Bình Dân,bus_stop,platform,,,,yes,,,,683566.3245758665,1191539.6763755751
11755184307,106.6805922,10.7763561,Siêu thị Maximark,bus_stop,platform,,,,yes,,,,683756.0316422955,1191755.2022156748
11755184308,106.6779165,10.7822879,Ga Sài Gòn,bus_stop,platform,,,,yes,,,,683459.7973055467,1192409.7339896895
11755184309,106.6812997,10.7808039,Nhà thờ Dòng Chúa Cứu thế,bus_stop,platform,,,,yes,,,,683830.7098131541,1192247.6133617938
11755184310,106.6829536,10.7845221,Trần Quốc Thảo,bus_stop,platform,,,,yes,,,,684009.3326022174,1192659.8903951715
11755184312,106.6782619,10.7883905,Trần Quang Diệu,bus_stop,platform,,,,yes,,,,683493.871627453,1193084.9700313623
11755184313,106.6781,10.7909745,Bệnh viện An Sinh,bus_stop,platform,,,,yes,,,,683474.597834362,1193370.6978647823
11755184314,106.6779668,10.7929912,Ngã tư Nguyễn Văn Trỗi,bus_stop,platform,,,,yes,,,,683458.8069382462,1193593.6919542348
11755184322,106.6840333,10.8208396,Ngã ba Phạm Ngũ Lão,bus_stop,platform,,,,yes,,,,684105.2790101292,1196677.7552065689
11755184323,106.6855887,10.8228183,Trường Đại học Công nghiệp,bus_stop,platform,,,,yes,,,,684274.1581617403,1196897.566331151
11755184327,106.6882739,10.8255046,Uỷ ban Nhân dân Phường 5,bus_stop,platform,,,,yes,,,,684566.1478605832,1197196.3329042331
11755184328,106.685291,10.8227583,Trường Đại học Công nghiệp,bus_stop,platform,,,,yes,,,,684241.640489323,1196890.749623197
11755184329,106.6838843,10.8209346,Ngã ba Phạm Ngũ Lão,bus_stop,platform,,,,yes,,,,684088.9273451662,1196688.1735939283
11755184332,106.6779248,10.7927182,Ngã tư Nguyễn Văn Trỗi,bus_stop,platform,,,,yes,,,,683454.3793304398,1193563.469305267
11755184333,106.6780361,10.7911711,Bệnh viện An Sinh,bus_stop,platform,,,,yes,,,,683467.4901950356,1193392.4061220142
11755184337,106.6811212,10.7806708,Nhà thờ Dòng Chúa Cứu thế,bus_stop,platform,,,,yes,,,,683811.2684793607,1192232.7835284544
11755184338,106.6795273,10.7813614,Nguyễn Thông,bus_stop,platform,,,,yes,,,,683636.5280924286,1192308.2165864445
11755184339,106.6784176,10.7815165,Ga Hòa Hưng,bus_stop,platform,,,,yes,,,,683515.0689140917,1192324.7072465888
11755184340,106.678863,10.7807253,Rạch Bùng Binh,bus_stop,platform,,,,yes,,,,683564.2610067214,1192237.4570131048
11755184341,106.6811087,10.778608,Vòng xoay Dân Chủ,bus_stop,platform,,,,yes,,,,683811.1538923671,1192004.6025790563
11755184342,106.6789973,10.7747426,Bệnh viện Bình Dân,bus_stop,platform,,,,yes,,,,683582.5765282303,1191575.7711436134
11755184343,106.6769201,10.7734262,Học viện Hành chính Quốc gia,bus_stop,platform,,,,yes,,,,683356.1903552896,1191428.9157469966
11755184344,106.6756596,10.7726376,Học viện Hành chính Quốc gia,bus_stop,platform,,,,yes,,,,683218.8061410561,1191340.932073727
11755184345,106.6722174,10.7705822,Nhà thờ Vinh Sơn,bus_stop,platform,,,,yes,,,,682843.5718007155,1191111.5218019702
11755184346,106.6704658,10.7696422,Bệnh viện Nhi Đồng 1,bus_stop,platform,,,,yes,,,,682652.5641667224,1191006.5011108855
11755184347,106.6672262,10.7668002,Học viện Quân y,bus_stop,platform,,,,yes,,,,682299.954703082,1190690.2109578361
11755184349,106.6685227,10.7610675,Đại học Kinh tế,bus_stop,platform,,,,yes,,,,682445.2055329236,1190056.8729261744
11755184350,106.668054,10.758785,Ngô Gia Tự,bus_stop,platform,,,,yes,,,,682395.314446944,1189804.1207934432
11755184351,106.6665709,10.7567948,Trung tâm Giáo dục Thường xuyên,bus_stop,platform,,,,yes,,,,682234.2958431125,1189583.0982564194
11755528596,106.6709416,10.7998508,Khách sạn Tân Sơn Nhất,bus_stop,platform,,,,yes,,,,682686.3632279886,1194348.2472535626
11755528608,106.7125132,10.8116472,Cổng ra - Bến xe Miền Đông 3,bus_stop,platform,,,,yes,,,,687225.3816415527,1195678.2701281833
11755528609,106.7125732,10.8123148,Cổng ra - Bến xe Miền Đông 2,bus_stop,platform,,,,yes,,,,687231.5289582293,1195752.1537383492
11755528610,106.7156157,10.8260563,Ngã tư Bình Triệu,bus_stop,platform,,,,yes,,,,687555.7050800548,1197274.0453825416
11755528611,106.7247451,10.8306327,Chùa Ưu Đàm,bus_stop,platform,,,,yes,,,,688551.1732463479,1197785.9004393914
11755528612,106.7405593,10.8398164,Cầu Gò Dưa,bus_stop,platform,,,,yes,,,,690274.6925768502,1198811.6037782205
11755528615,106.7496364,10.8448054,Công an Phường Linh Đông,bus_stop,platform,,,,yes,,,,691264.1010213128,1199369.1621412833
11755528617,106.7805143,10.8534343,Chợ Chiều - Xa lộ Hà Nội,bus_stop,platform,,,,yes,,,,694634.9873958008,1200343.2623629123
11755528618,106.7977191,10.8636283,Cầu vượt Trạm 2,bus_stop,platform,,,,yes,,,,696509.618492013,1201481.9916674162
11755528619,106.8094987,10.8735896,Nghĩa trang Liệt sĩ Thành phố,bus_stop,platform,,,,yes,,,,697791.0877491863,1202591.5660088153
11755528620,106.8062491,10.8746139,Đại học Khoa học Tự nhiên,bus_stop,platform,,,,yes,,,,697435.0990721448,1202702.75939332
11755528621,106.8077896,10.8748302,Bến xe buýt Đại học Quốc gia Thành phố Hồ Chí Minh,,station,bus_station,,,yes,,,,697603.3957818905,1202727.689286266
11755528622,106.8067183,10.8716254,Đại học An ninh Nhân dân,bus_stop,platform,,,,yes,,,,697488.368768043,1202372.4738768747
11755528623,106.7974502,10.8639288,Cầu vượt Trạm 2,bus_stop,platform,,,,yes,,,,696480.0192576549,1201515.0591757146
11755528624,106.7668515,10.8505055,Nhà Thiếu nhi Thủ Đức,bus_stop,platform,,,,yes,,,,693142.8901732797,1200010.5713240153
11755528625,106.75405,10.8503348,Chợ Thủ Đức,bus_stop,platform,,,,yes,,,,691743.1960079017,1199983.5897715152
11755528626,106.7516351,10.8471732,Cầu Ngang,bus_stop,platform,,,,yes,,,,691481.1483117165,1199632.3395743913
11755528627,106.7497939,10.8451112,Công an Phường Linh Đông,bus_stop,platform,,,,yes,,,,691281.128941952,1199403.087990518
11755528628,106.7466137,10.8416983,Trạm xăng 27-7,bus_stop,platform,,,,yes,,,,690935.5458819617,1199023.5647704843
11755528629,106.7445214,10.8408406,Trường Cao đẳng Vinatex,bus_stop,platform,,,,yes,,,,690707.29808947,1198927.3768176034
11755528630,106.7426149,10.8407409,Nút giao Linh Đông - Phạm Văn Đồng,bus_stop,platform,,,,yes,,,,690498.8865802917,1198915.1547034832
11755528632,106.7321579,10.8370777,Chùa An Lạc,bus_stop,platform,,,,yes,,,,689357.7274717019,1198503.4206024937
11755528633,106.7278234,10.8335696,Cá sấu Hoa Cà,bus_stop,platform,,,,yes,,,,688885.9503271383,1198112.6758425415
11755528634,106.7209309,10.8281975,Đường số 20,bus_stop,platform,,,,yes,,,,688135.6035264347,1197514.1711839254
11755528635,106.7159116,10.8265688,Ngã tư Bình Triệu,bus_stop,platform,,,,yes,,,,687587.7437156661,1197330.9179476574
11755528646,106.6792136,10.7993212,Ngã tư Phú Nhuận,bus_stop,platform,,,,yes,,,,683591.3161005704,1194294.6234791838
11755528647,106.6743351,10.7997243,Công an Quận Phú Nhuận,bus_stop,platform,,,,yes,,,,683057.554713452,1194336.2853238506
11757109507,106.6862956,10.7822617,Trần Quốc Thảo,bus_stop,platform,,,,yes,,,,684376.2132353738,1192411.8705081565
11757109512,106.6752188,10.768772,Ngã bảy Lý Thái Tổ,bus_stop,platform,,,,yes,,,,683172.9326305464,1190913.0825358457
11757109514,106.702508,10.7951078,Cầu Điện Biên Phủ,bus_stop,platform,,,,yes,,,,686141.4251226997,1193842.650037465
11757386615,106.6906711,10.7730138,Trống Đồng,bus_stop,platform,,,,yes,,,,684860.3977675542,1191391.5627147846
11757386616,106.6845074,10.7763589,Bệnh viện Mắt - Bình Dân - Da Liễu,bus_stop,platform,,,,yes,,,,684184.2334813587,1191757.8637778163
11757386650,106.6657729,10.7862125,Công viên Lê Thị Riêng,bus_stop,platform,,,,yes,,,,682129.3282555629,1192836.5925788148
11757386651,106.6807163,10.7782481,Công trường Dân Chủ,bus_stop,platform,,,,yes,,,,683768.456098569,1191964.5572751197
11757386653,106.6914603,10.7723938,Trống Đồng,bus_stop,platform,,,,yes,,,,684947.092037722,1191323.4583874259
11757386654,106.7107009,10.8149424,Bến xe Miền Đông,,station,bus_station,,,yes,,,,687025.1492700138,1196041.6586168595
11757386655,106.7105932,10.8120692,Ngã năm Liệt sĩ,bus_stop,platform,,,,yes,,,,687015.1522521678,1195723.7728580725
11757386656,106.715886,10.8048295,Đại học Ngoại Thương,bus_stop,platform,,,,yes,,,,687598.4621852742,1194926.1974007697
11757386658,106.6802642,10.7659611,Nhà khách Chỉnh phủ,bus_stop,platform,,,,yes,,,,683726.4621337955,1190605.179564098
11757445973,106.67776,10.7665837,Nhà khách Chính phủ,bus_stop,platform,,,,yes,,,,683452.193220541,1190672.5476236187
11757445974,106.6802192,10.7658065,Ngã sáu Cộng Hòa,bus_stop,platform,,,,yes,,,,683721.634045271,1190588.0517750196
11758401306,106.6991745,10.78092,Diamond Plaza,bus_stop,platform,,,,yes,,,,685785.5753204111,1192271.2463803762
11758401307,106.7010822,10.787152,Sân vận động Hoa Lư,bus_stop,platform,,,,yes,,,,685990.3875989132,1192961.754684271
11758401308,106.6987603,10.7891734,Trường Trung cấp Kỹ thuật Nông nghiệp,bus_stop,platform,,,,yes,,,,685735.2082028735,1193183.9402254645
11758401313,106.6950933,10.8063743,Hồ bơi Đại Đồng,bus_stop,platform,,,,yes,,,,685323.61566423,1195084.38200761
11758401315,106.6926154,10.8099609,Chùa Hưng Gia Tự,bus_stop,platform,,,,yes,,,,685050.4359771712,1195479.608650534
11758401316,106.6908394,10.8115993,Ngã tư Xóm Gà,bus_stop,platform,,,,yes,,,,684855.2130218479,1195659.763074537
11758401317,106.6896775,10.8144809,Chùa Già Lam,bus_stop,platform,,,,yes,,,,684726.386939278,1195977.805425294
11758401318,106.6889701,10.8173237,Ngã ba Nguyên Hồng,bus_stop,platform,,,,yes,,,,684647.2884868355,1196291.8311451462
11758401319,106.6888169,10.8215704,Trường Đại học Công nghiệp,bus_stop,platform,,,,yes,,,,684627.9354472033,1196761.4834572142
11758401320,106.6850477,10.8252687,Chùa Bà Thiên Hậu,bus_stop,platform,,,,yes,,,,684213.5008576715,1197168.2879261111
11758401321,106.6828769,10.8263302,Chi cục thuế Quận Gò Vấp,bus_stop,platform,,,,yes,,,,683975.4718797959,1197284.393805336
11758401322,106.6791898,10.826823,Siêu thị Văn Lang,bus_stop,platform,,,,yes,,,,683571.9824273663,1197336.6816211478
11758401323,106.6754841,10.8280499,Công ty 32,bus_stop,platform,,,,yes,,,,683166.014868079,1197470.1643040883
11758401324,106.6726567,10.8290789,Nhà thờ Xóm Thuốc,bus_stop,platform,,,,yes,,,,682856.2132742878,1197582.2878677226
11758401325,106.6691962,10.8310148,Uỷ ban Nhân dân Quận Gò Vấp,bus_stop,platform,,,,yes,,,,682476.6357693765,1197794.3499377645
11758401326,106.6667534,10.8329325,Viện kiểm sát Nhân dân Quận Gò Vấp,bus_stop,platform,,,,yes,,,,682208.3581729956,1198005.010894406
11758401327,106.66347,10.8351312,Chùa Huỳnh Kim,bus_stop,platform,,,,yes,,,,681847.9970306088,1198246.2538308548
11758401328,106.661043,10.8358787,City Mart,bus_stop,platform,,,,yes,,,,681582.1607444497,1198327.4891134915
11758401385,106.6611998,10.8356606,City Mart,bus_stop,platform,,,,yes,,,,681599.4378574874,1198303.4579438192
11758401387,106.6661438,10.8332286,Viện Kiểm sát Nhân dân Quận Gò Vấp,bus_stop,platform,,,,yes,,,,682141.5204694754,1198037.3989210532
11758401388,106.669452,10.8306291,Uỷ ban Nhân dân Quận Gò Vấp,bus_stop,platform,,,,yes,,,,682504.8409063751,1197751.8396198873
11758401389,106.671931,10.8291979,Nhà thờ Xóm Thuốc,bus_stop,platform,,,,yes,,,,682776.7858842708,1197595.015567612
11758401390,106.67396,10.828465,Xóm Thuốc,bus_stop,platform,,,,yes,,,,682999.1018726418,1197515.1645082266
11758401391,106.6767504,10.8274963,Công ty 32,bus_stop,platform,,,,yes,,,,683304.8220868254,1197409.6898569267
11758401392,106.6788183,10.8267984,Siêu thi Văn Lang,bus_stop,platform,,,,yes,,,,683531.3734957388,1197333.7368448724
11758401394,106.6848077,10.8252982,Chùa Bà Thiên Hậu,bus_stop,platform,,,,yes,,,,684187.2383704568,1197171.4060427484
11758401395,106.6882625,10.8223941,Trường Đại học Công nghiệp,bus_stop,platform,,,,yes,,,,684566.8056691682,1196852.2607561038
11758401396,106.6891579,10.8178842,Ngã ba Nguyên Hồng,bus_stop,platform,,,,yes,,,,684667.4822071646,1196353.9440257617
11758401397,106.6889705,10.8152567,Chùa Già Lam,bus_stop,platform,,,,yes,,,,684648.5974071433,1196063.1920087843
11758401398,106.6904573,10.8120098,Ngã tư Xóm Gà,bus_stop,platform,,,,yes,,,,684813.1762638206,1195704.938839335
11758401399,106.6931074,10.8094005,Chùa Hưng Gia Tự,bus_stop,platform,,,,yes,,,,685104.5837059338,1195417.9186394243
11758401401,106.6949431,10.803981,Bệnh viện Gia Định,bus_stop,platform,,,,yes,,,,685308.6584919152,1194819.5575183886
11758401402,106.6961525,10.7975784,Bệnh viện Bình Thạnh,bus_stop,platform,,,,yes,,,,685444.8487600866,1194112.0716584104
11758401403,106.6960194,10.7952195,Cầu Bông,bus_stop,platform,,,,yes,,,,685431.739848208,1193851.0626895837
11758401405,106.6988192,10.7807618,Diamond Plaza,bus_stop,platform,,,,yes,,,,685746.8136899254,1192253.531577074
11760154425,106.7729518,10.8705083,Nghĩa trang Thành phố,bus_stop,platform,,,,yes,,,,693797.0365581913,1202227.141019602
11760154426,106.7786704,10.8686311,Công ty Điện tử Samsung,bus_stop,platform,,,,yes,,,,694423.5263131342,1202023.1423316426
11760154427,106.7871782,10.8670764,Đại học Nông Lâm,bus_stop,platform,,,,yes,,,,695354.793118746,1201856.6217646224
11760154429,106.793975,10.8653239,Thảo Nguyên,bus_stop,platform,,,,yes,,,,696099.1163800837,1201667.140019773
11760154430,106.7872515,10.8674004,Đại học Nông Lâm,bus_stop,platform,,,,yes,,,,695362.5970545002,1201892.509739793
11760154431,106.7821055,10.8678646,Công ty Điện tử Samsung,bus_stop,platform,,,,yes,,,,694799.6220063424,1201940.5538641422
11760154432,106.7772175,10.8694457,Đại học Kinh tế Luật,bus_stop,platform,,,,yes,,,,694264.1373235083,1202112.3229732213
11760154433,106.774909,10.8702358,Trung tâm Kho vận Linh Xuân,bus_stop,platform,,,,yes,,,,694011.2134522719,1202198.2472383825
11760154434,106.7716584,10.8713039,Nghĩa trang Thành phố,bus_stop,platform,,,,yes,,,,693655.1025949854,1202314.3242274318
11760154435,106.7682744,10.8724235,Công ty Nissan,bus_stop,platform,,,,yes,,,,693284.3757558964,1202436.0165755297
11760154436,106.7043355,10.7866918,Bảo tàng Lịch sử Việt Nam,bus_stop,platform,,,,yes,,,,686346.4736977897,1192912.8293555973
11760154437,106.7020227,10.7842282,Khách sạn Sofitel,bus_stop,platform,,,,yes,,,,686095.0453190001,1192638.9115615299
11760154441,106.7159772,10.7579464,Cảng Sài Gòn,bus_stop,platform,,,,yes,,,,687637.4988073199,1189740.263373734
11760154442,106.7275507,10.7524388,Khu chế xuất Tân Thuận,bus_stop,platform,,,,yes,,,,688906.8170001528,1189138.138635403
11760154443,106.7287089,10.7491068,Bùi Văn Ba,bus_stop,platform,,,,yes,,,,689035.5766089907,1188770.2797665342
11760154444,106.7292165,10.7450563,Nhà tưởng niệm Bác Hồ,bus_stop,platform,,,,yes,,,,689093.6211765087,1188322.5428976528
11760154445,106.729564,10.7428256,Trường Trung học Cơ sở Huỳnh Tấn Phát,bus_stop,platform,,,,yes,,,,689133.0208705412,1188076.0061191332
11760158105,106.7297339,10.7426725,Trường Trung cấp Kinh tế Kỹ thuật Nguyễn Hữu Cảnh,bus_stop,platform,,,,yes,,,,689151.7005646426,1188059.1754425552
11760158106,106.7293835,10.7450537,Nhà tưởng niệm Bác Hồ,bus_stop,platform,,,,yes,,,,689111.8898082662,1188322.3581187166
11760158109,106.7155002,10.7583999,Cảng Sài Gòn,bus_stop,platform,,,,yes,,,,687585.0450858548,1189790.1356340142
11760158113,106.7063739,10.7649271,Chợ Xóm Chiều,bus_stop,platform,,,,yes,,,,686582.8168508254,1190506.5739553573
11766198215,106.6969466,10.806561,Cây xăng 178,bus_stop,platform,,,,yes,,,,685526.1766527857,1195106.158902313
11766198267,106.6965227,10.8069953,Cây xăng 178,bus_stop,platform,,,,yes,,,,685479.5524463475,1195153.9412911006
11766198268,106.698343,10.803247,Trường Tiểu học Nguyễn Đình Chiểu,bus_stop,platform,,,,yes,,,,685680.9236854373,1194740.4309142367
11768041164,106.6886561,10.767705,Nhà thờ Huyện Sỹ,bus_stop,platform,,,,yes,,,,684643.2501832265,1190803.1210034268
11768041165,106.6877782,10.7669365,Chợ Thái Bình,bus_stop,platform,,,,yes,,,,684547.6996254799,1190717.5856239873
11768103485,106.6827041,10.7660683,Nhà sách Minh Khai,bus_stop,platform,,,,yes,,,,683993.2567825938,1190618.5006886036
11768103486,106.6849954,10.7675866,Bệnh viện Truyền máu Huyết học,bus_stop,platform,,,,yes,,,,684242.9408929626,1190787.8214774304
11768103489,106.6875356,10.7835078,Bảo tàng Phụ nữ,bus_stop,platform,,,,yes,,,,684511.0693331622,1192550.4535800035
11768103491,106.6838594,10.7846395,Bệnh viện Tai Mũi Họng,bus_stop,platform,,,,yes,,,,684108.3254447756,1192673.4212168057
11768103492,106.6777336,10.7879471,Trường Tiểu học Trần Quang Diệu,bus_stop,platform,,,,yes,,,,683436.3630335587,1193035.607253646
11768103493,106.6755345,10.7891775,Nhà thờ Vườn Xoài,bus_stop,platform,,,,yes,,,,683195.1132113043,1193170.3880748996
11768103496,106.6669298,10.7953181,Trường Đại học Tài nguyên Môi trường,bus_stop,platform,,,,yes,,,,682250.3650200835,1193844.477181262
11768103498,106.6629533,10.7983246,Trạm xăng dầu - 380 Lê Văn Sỹ,bus_stop,platform,,,,yes,,,,681813.679448829,1194174.66640885
11769139666,106.6625769,10.7984972,Vòng quay Ngã sáu Lê Văn Sỹ,bus_stop,platform,,,,yes,,,,681772.4123205721,1194193.5342709809
11769139667,106.6655569,10.7962591,Ngã tư Phạm Văn Hai,bus_stop,platform,,,,yes,,,,682099.6552859761,1193947.7457127227
11769139668,106.6677692,10.7946406,Bệnh viện Chấn thương Chỉnh hình Sài Gòn,bus_stop,platform,,,,yes,,,,682342.572044612,1193770.0374721012
11769143869,106.6705338,10.792598,Nhà thờ Ba Chuông,bus_stop,platform,,,,yes,,,,682646.1488028222,1193545.7494791467
11769143870,106.6728756,10.7908348,Cổng Xe lửa,bus_stop,platform,,,,yes,,,,682903.3217787,1193352.1160927075
11769143871,106.6737983,10.7901658,Hẻm 491 Lê Văn Sỹ,bus_stop,platform,,,,yes,,,,683004.6365996713,1193278.6678281105
11769143872,106.6757992,10.788972,Nhà thờ Vườn Xoài,bus_stop,platform,,,,yes,,,,683224.1864903418,1193147.8155863883
11769143873,106.6835984,10.7846742,Bệnh viện Tai Mũi Họng,bus_stop,platform,,,,yes,,,,684079.75965564,1192677.1025030874
11769143878,106.6907636,10.7696619,Tôn Thất Tùng,bus_stop,platform,,,,yes,,,,684872.5599862023,1191020.8517370182
11769143879,106.7826967,10.76193,Phà Cát Lái,bus_stop,platform,,,,yes,,,,694932.7006960528,1190222.5282888983
11769143886,106.7705976,10.7734637,Uỷ ban Nhân dân Phường Cát Lái,bus_stop,platform,,,,yes,,,,693601.93499416,1191490.7009085938
11769143887,106.7688652,10.7786826,257 Lê Văn Thịnh,bus_stop,platform,,,,yes,,,,693409.1198506968,1192066.9119358396
11769143888,106.7694955,10.7819765,Bệnh viện Quận 2,bus_stop,platform,,,,yes,,,,693475.9524001991,1192431.6756997958
11769143889,106.7691145,10.7866742,23-25 Lê Văn Thịnh,bus_stop,platform,,,,yes,,,,693431.278374115,1192951.0863940162
11769143890,106.7703294,10.7885457,Lê Văn Thịnh,bus_stop,platform,,,,yes,,,,693562.9549406107,1193158.877025031
11769143893,106.7751554,10.7880689,Đường số 6,bus_stop,platform,,,,yes,,,,694091.0803903297,1193109.1919362363
11769143894,106.7781449,10.788833,Trường Tiểu học Nguyễn Văn Trỗi,bus_stop,platform,,,,yes,,,,694417.5519089324,1193195.6140991054
11769143895,106.7794739,10.789472,Đỗ Xuân Hợp,bus_stop,platform,,,,yes,,,,694562.4938186246,1193267.1445682598
11769143897,106.7812579,10.7941543,Khu dân cư Sông Giồng,bus_stop,platform,,,,yes,,,,694754.5939648477,1193786.2313059007
11769143898,106.7790965,10.8015698,Đường 655,bus_stop,platform,,,,yes,,,,694513.4317828217,1194605.1500037827
11769143899,106.782623,10.8061703,Trường Cao đẳng Sư phạm Trung ương 2,bus_stop,platform,,,,yes,,,,694896.141034035,1195116.300777757
11769143901,106.7759961,10.8116594,Cầu Nam Lý,bus_stop,platform,,,,yes,,,,694167.866299251,1195719.2774510921
11769143902,106.7753407,10.8138379,Đình Bình Thái,bus_stop,platform,,,,yes,,,,694094.7893415603,1195959.8437197185
11769143903,106.7744169,10.8163508,Chùa Thiện Minh,bus_stop,platform,,,,yes,,,,693992.1458612707,1196237.2302822645
11769143904,106.7732093,10.8184189,Đại lộ 2,bus_stop,platform,,,,yes,,,,693858.7535707501,1196465.233354064
11769143905,106.7724235,10.8208179,Trường Cao đẳng Kỹ thuật Công nghệ,bus_stop,platform,,,,yes,,,,693771.277632926,1196730.108362275
11769143906,106.7698788,10.8234004,Đại học Văn hóa (Cơ sở 2),bus_stop,platform,,,,yes,,,,693491.3364455389,1197014.1652844364
11769143907,106.7690194,10.8257472,Uỷ ban Nhân dân Phường Phước Long B,bus_stop,platform,,,,yes,,,,693395.8491504148,1197273.2196658335
11769143908,106.7683156,10.8296549,Chợ Phước Long B,bus_stop,platform,,,,yes,,,,693316.3772313894,1197705.037261679
11769143910,106.7531603,10.851969,Nhà sách Thủ Đức,bus_stop,platform,,,,yes,,,,691644.8687923583,1200163.8007414017
11769143914,106.7425694,10.8632624,Chùa Vạn Đức,bus_stop,platform,,,,yes,,,,690479.6415911932,1201406.3926056966
11769143915,106.7419067,10.8649544,Chùa Vạn Hạnh,bus_stop,platform,,,,yes,,,,690406.1083851091,1201593.1416741812
11769143916,106.7397973,10.8661638,Công ty Minh Nghệ,bus_stop,platform,,,,yes,,,,690174.6996139584,1201725.600757714
11769143918,106.7352095,10.8685214,Uỷ ban Nhân dân Phường Tam Bình,bus_stop,platform,,,,yes,,,,689671.5807601161,1201983.522676691
11769143919,106.7297279,10.8689967,Chợ Đầu mối Nông sản Thủ Đức,bus_stop,platform,,,,yes,,,,689071.9303101923,1202032.680560052
11769143921,106.7335407,10.8671903,Đường 12,bus_stop,platform,,,,yes,,,,689489.9563697078,1201835.238801522
11769143922,106.7356583,10.8682106,Uỷ ban Nhân dân Phường Tam Bình,bus_stop,platform,,,,yes,,,,689720.8484772522,1201949.423262503
11769143923,106.7383202,10.8666978,Điện lực Thủ Đức,bus_stop,platform,,,,yes,,,,690012.8556517581,1201783.7458871657
11769143924,106.7403435,10.8660211,Công ty Minh Nghệ,bus_stop,platform,,,,yes,,,,690234.5115256784,1201710.1577057843
11769143925,106.7419259,10.864509,Chùa Vạn Hạnh,bus_stop,platform,,,,yes,,,,690408.4901507486,1201543.8847646979
11769143926,106.7428104,10.8629551,Chùa Vạn Đức,bus_stop,platform,,,,yes,,,,690506.1877443666,1201372.5509997965
11769143927,106.7449937,10.8629578,Đường Phú Châu,bus_stop,platform,,,,yes,,,,690744.9110153406,1201374.2194581286
11769143928,106.7457474,10.8630552,Bệnh viện Thủ Đức,bus_stop,platform,,,,yes,,,,690827.2597686803,1201385.4668685764
11769143929,106.7478779,10.8599749,Ngã ba Tam Hà - Tô Ngọc Vân,bus_stop,platform,,,,yes,,,,691062.1711153615,1201046.0703772176
11769143930,106.7504518,10.8558644,Ngã ba Linh Đông,bus_stop,platform,,,,yes,,,,691346.2259846881,1200592.995542762
11769143933,106.7685067,10.8289172,Chợ Phước Long B,bus_stop,platform,,,,yes,,,,693337.7483290771,1197623.5551946952
11769143935,106.7704344,10.8229662,Đại học Văn hóa (Cơ sở 2),bus_stop,platform,,,,yes,,,,693552.3740796886,1196966.487295913
11769143937,106.7732213,10.8180729,Đại lộ 2,bus_stop,platform,,,,yes,,,,693860.2882818942,1196426.966899378
11769143938,106.7744006,10.8161638,Chùa Thiên Minh,bus_stop,platform,,,,yes,,,,693990.4835512259,1196216.534206773
11769143939,106.7754202,10.8133832,Đình Bình Thái,bus_stop,platform,,,,yes,,,,694103.776047094,1195909.595902229
11769143940,106.776032,10.8111171,Cầu Nam Lý,bus_stop,platform,,,,yes,,,,694172.141299959,1195659.3116887002
11769143942,106.779137,10.8007366,Đường 655,bus_stop,platform,,,,yes,,,,694518.3976024156,1194513.00807832
11769143943,106.7813077,10.7936062,Khu dân cư Sông Giồng,bus_stop,platform,,,,yes,,,,694760.3936393426,1193725.632740679
11769143944,106.7815677,10.7909867,Cầu Ông Kỳ 2,bus_stop,platform,,,,yes,,,,694790.5171626806,1193436.0318184798
11769143945,106.7796103,10.7896461,Đỗ Xuân Hợp,bus_stop,platform,,,,yes,,,,694577.2998712538,1193286.490084866
11769143947,106.7757324,10.7881001,Đường số 6,bus_stop,platform,,,,yes,,,,694154.16702146,1193113.009383897
11769143948,106.7731337,10.7883285,Nhà sách Nguyễn Văn Cừ,bus_stop,platform,,,,yes,,,,693869.8002163839,1193136.6265435051
11769143949,106.7707554,10.7886212,Lê Văn Thịnh,bus_stop,platform,,,,yes,,,,693609.4981655027,1193167.4983035424
11769143950,106.7690984,10.7870521,36 Lê Văn Thịnh,bus_stop,platform,,,,yes,,,,693429.2758649064,1192992.878869394
11769143951,106.7693488,10.7823679,Bệnh viện Quận 2,bus_stop,platform,,,,yes,,,,693459.6572983016,1192474.8789697408
11769143952,106.7687885,10.7784215,176 Lê Văn Thịnh,bus_stop,platform,,,,yes,,,,693400.8977185274,1192037.981067808
11769143954,106.7666248,10.7759388,Chợ Cây Xoài,bus_stop,platform,,,,yes,,,,693165.8304990209,1191761.9836665941
11769143955,106.7780987,10.7672903,Khu dân cư Phố Đông,bus_stop,platform,,,,yes,,,,694426.3333276147,1190812.558336178
11769143956,106.780438,10.765276,Sân Bóng đá Mini - Nguyễn Thị Định,bus_stop,platform,,,,yes,,,,694683.4951820346,1190591.2238048061
11771724327,106.6601302,10.7892696,Ông Tạ,bus_stop,platform,,,,yes,,,,681510.3803513708,1193171.3928374879
11771724328,106.6687068,10.7846938,Hội thánh Tin lành Hòa Hưng,bus_stop,platform,,,,yes,,,,682451.1104959376,1192670.352700001
11771724329,106.6726892,10.782565,Ngã ba Tô Hiến Thành,bus_stop,platform,,,,yes,,,,682887.9357646431,1192437.25674792
11771724330,106.6768369,10.7803495,Ngã ba Hòa Hưng,bus_stop,platform,,,,yes,,,,683342.8987444234,1192194.6744238548
11771724336,106.6934487,10.7848833,Điện Biên Phủ,bus_stop,platform,,,,yes,,,,685156.9277328083,1192706.1743583756
11771724337,106.695216,10.7832689,Đại học Kinh tế,bus_stop,platform,,,,yes,,,,685351.2010173708,1192528.6685895831
11771724338,106.6967953,10.7817489,Nhà Văn hóa Thanh niên,bus_stop,platform,,,,yes,,,,685524.8572686025,1192361.4916926657
11771724343,106.7729745,10.847313,Ngã tư Thủ Đức,bus_stop,platform,,,,yes,,,,693814.4813281463,1199661.3151128094
11771724345,106.717903,10.7908025,Saigon Pearl,bus_stop,platform,,,,yes,,,,687827.7616308595,1193375.8325521713
11771724347,106.7075841,10.7841719,Mầm non Hoa Lư,bus_stop,platform,,,,yes,,,,686703.3184064329,1192636.0712544231
11771724348,106.7043223,10.7842885,TTTM Sài Gòn,bus_stop,platform,,,,yes,,,,686346.5102868504,1192646.9809177183
11771724349,106.6968852,10.7817889,Nhà Văn hóa Thanh niên,bus_stop,platform,,,,yes,,,,685534.6649601349,1192365.970753051
11771724350,106.6945369,10.7840139,Đại học Kinh tế,bus_stop,platform,,,,yes,,,,685276.4732914027,1192610.664992761
11771724351,106.6916943,10.7865582,Võ Thị Sáu,bus_stop,platform,,,,yes,,,,684964.0303676522,1192890.380905908
11771724352,106.6933645,10.7851009,Điện Biên Phủ,bus_stop,platform,,,,yes,,,,685147.5858763761,1192730.1930529564
11771724353,106.6910083,10.7869593,Phạm Ngọc Thạch,bus_stop,platform,,,,yes,,,,684888.759951309,1192934.3335849151
11771724355,106.6746904,10.7815856,Chùa Bửu Đà,bus_stop,platform,,,,yes,,,,683107.3931651127,1192330.1186726994
11771724358,106.663694,10.7874482,Bắc Hải,bus_stop,platform,,,,yes,,,,681901.2262966179,1192972.0399316642
11771724359,106.6614603,10.7886617,Ngã ba Bành Văn Trân,bus_stop,platform,,,,yes,,,,681656.2101287135,1193104.9410493125
11771727982,106.7015292,10.740198,Lotte Mart - 1 Nguyễn Thị Thập,bus_stop,platform,,,,yes,,,,686068.0890137131,1187768.2357631526
11771727992,106.7032156,10.7630428,Chùa Anh Linh,bus_stop,platform,,,,yes,,,,686238.5358699022,1190296.2226272298
11771727993,106.701499,10.7618212,Trường Trung học cơ sở Vân Đồn,bus_stop,platform,,,,yes,,,,686051.5316663666,1190160.053949384
11771727995,106.6902974,10.7917146,Bà Lê Chân,bus_stop,platform,,,,yes,,,,684808.1058265506,1193459.906897033
11771727999,106.6972692,10.8134505,Siêu thị Satra Food,bus_stop,platform,,,,yes,,,,685557.220709389,1195868.433612974
11771728002,106.7070956,10.8231555,Cầu Bình Lợi,bus_stop,platform,,,,yes,,,,686625.8022928871,1196947.944384295
11771728003,106.7065103,10.8261087,Trung tâm y tế - 424 Bình Lợi,bus_stop,platform,,,,yes,,,,686559.969689993,1197274.2547894635
11771728004,106.7061634,10.8278573,Trung tâm Bảo trợ Xã hội - 76 Bình Lợi,bus_stop,platform,,,,yes,,,,686520.9529646154,1197467.4641041493
11771728005,106.7046306,10.8334156,Chùa Phước Thành,bus_stop,platform,,,,yes,,,,686349.8998860442,1198081.358211054
11771728006,106.7022915,10.8308472,Trường Trung học cơ sở Bình Lợi Trung,bus_stop,platform,,,,yes,,,,686095.7062359262,1197795.8250723928
11771728007,106.7030312,10.8284791,Trường Đại học Văn Lang,bus_stop,platform,,,,yes,,,,686178.0563912891,1197534.3296142493
11771728008,106.7021236,10.8308747,Trường Trung học cơ sở Bình Lợi Trung,bus_stop,platform,,,,yes,,,,686077.3292496946,1197798.7644544311
11771728009,106.7004563,10.8335609,Công viên Đặng Thùy Trâm,bus_stop,platform,,,,yes,,,,685893.3509633708,1198094.8804324802
11773317336,106.7041598,10.8340352,Chùa Phước Thành,bus_stop,platform,,,,yes,,,,686298.0346393404,1198149.6073625868
11773317337,106.7054813,10.8308733,Chùa Diệu Pháp,bus_stop,platform,,,,yes,,,,686444.4975626464,1197800.6619012742
11773317338,106.705898,10.8287659,Trung tâm Bảo trợ Xã hội - 67 Bình Lợi,bus_stop,platform,,,,yes,,,,686491.3685800482,1197567.8065965362
11773317339,106.7063938,10.8263311,Trung tâm y tế - 19A Bình Lợi,bus_stop,platform,,,,yes,,,,686547.0924357714,1197298.7843021583
11773317340,106.7070256,10.8228515,Cầu Bình Lợi,bus_stop,platform,,,,yes,,,,686618.3357039427,1196914.2745471338
11773317341,106.70303,10.8196664,UBND Phường 13,bus_stop,platform,,,,yes,,,,686183.3681202314,1196559.5127834922
11773317343,106.6979258,10.8156039,Nhà văn hóa Lao động,bus_stop,platform,,,,yes,,,,685627.6995874159,1196107.030310057
11773317344,106.6959329,10.8118786,Ngã năm Bình Hòa,bus_stop,platform,,,,yes,,,,685412.052972101,1195693.7466604041
11773317345,106.695088,10.8099475,Nhà thờ Bình Hòa,bus_stop,platform,,,,yes,,,,685320.8426584131,1195479.6261292894
11773317346,106.6951283,10.7926083,Đa Kao - 30 Trần Quang Khải,bus_stop,platform,,,,yes,,,,685335.886969902,1193561.6863030076
11773317347,106.6928116,10.7922021,Nguyễn Hữu Cầu,bus_stop,platform,,,,yes,,,,685082.7714860681,1193515.3517256984
11773317348,106.694204,10.7828867,Đại học Kinh tế,bus_stop,platform,,,,yes,,,,685240.7548978706,1192485.7791723832
11773317349,106.6996046,10.7711507,Trạm trung chuyển Hàm Nghi,bus_stop,platform,,,,yes,,,,685838.6100170044,1191190.8819547598
11773317350,106.6998113,10.7711451,Trạm trung chuyển Hàm Nghi,bus_stop,platform,,,,yes,,,,685861.2207082297,1191190.3878881827
11773317351,106.7000466,10.7711359,Trạm trung chuyển Hàm Nghi,bus_stop,platform,,,,yes,,,,685886.9616599493,1191189.5129755114
11773317352,106.7003947,10.7708974,Trạm trung chuyển Hàm Nghi,bus_stop,platform,,,,yes,,,,685925.180533832,1191163.3426372386
11773317353,106.6949906,10.7685577,Trần Hưng Đạo,bus_stop,platform,,,,yes,,,,685335.5528222695,1190901.2648501226
11773317356,106.7033783,10.7630212,Chùa Anh Linh,bus_stop,platform,,,,yes,,,,686256.3445208203,1190293.9321767383
11773317358,106.7239122,10.7524704,Cầu Tân Thuận 2,bus_stop,platform,,,,yes,,,,688508.8165874315,1189139.3970223833
11773323812,106.665124,10.8510612,Nhà thờ Hà Nội,bus_stop,platform,,,,yes,,,,682019.2211947158,1200009.3072693346
11773323813,106.666056,10.8491315,Nhà thờ Trung Bắc,bus_stop,platform,,,,yes,,,,682122.2961935102,1199796.4149764099
11773323814,106.6705922,10.8464006,Trường Trung học cơ sở Lý Tự Trọng,bus_stop,platform,,,,yes,,,,682619.9531576543,1199497.06015987
11773323815,106.6723759,10.8447306,Bệnh viện Gò Vấp,bus_stop,platform,,,,yes,,,,682816.004049576,1199313.4067261538
11773323816,106.6757129,10.8425407,Ngã ba Lê Hoàng Phái,bus_stop,platform,,,,yes,,,,683182.2190837734,1199073.1804442084
11773323817,106.6818191,10.8632358,Ngọc Lan,bus_stop,platform,,,,yes,,,,683837.2478297843,1201366.028838869
11773635186,106.6744809,10.8619301,Khu QLGTĐT số 3,bus_stop,platform,,,,yes,,,,683035.7012382982,1201217.1703692572
11773635189,106.674455,10.861626,Cầu Cả Bốn,bus_stop,platform,,,,yes,,,,683033.0546834136,1201183.5171597889
11773635190,106.678161,10.8614663,Bến xe Ngã tư Ga,bus_stop,platform,,,,yes,,,,683438.3597272071,1201168.0867453804
11773635191,106.6762864,10.8422053,Ngã tư An Nhơn,bus_stop,platform,,,,yes,,,,683245.1327753897,1199036.4258007929
11773635192,106.6720298,10.845083,Bệnh viện Gò Vấp,bus_stop,platform,,,,yes,,,,682777.9459389652,1199352.1790216109
11773635193,106.66935,10.8472608,Trường Trung học Cơ sở Lý Tự Trọng,bus_stop,platform,,,,yes,,,,682483.6048760583,1199591.4645196404
11773635194,106.6661562,10.8491349,Nhà thờ Trung Bắc,bus_stop,platform,,,,yes,,,,682133.2502288044,1199796.851044909
11773635195,106.665299,10.8518856,Nhà thờ Hà Nội,bus_stop,platform,,,,yes,,,,682037.8568386291,1200100.6014282834
11773635196,106.6643199,10.8537943,Nhà thờ Hợp An,bus_stop,platform,,,,yes,,,,681929.6458231213,1200311.1427466073
11773635197,106.6617963,10.8529307,Trường Tiểu học Lê Thị Hồng Gấm 1,bus_stop,platform,,,,yes,,,,681654.2362221167,1200214.108844895
11773635244,106.6623037,10.8614213,Cầu Bến Cát,bus_stop,platform,,,,yes,,,,681704.581764172,1201153.5824822253
11773635245,106.6665015,10.8614977,Gò Sao,bus_stop,platform,,,,yes,,,,682163.5132108441,1201164.5464435858
11773635246,106.6820534,10.8611678,Cầu Ga nhỏ,bus_stop,platform,,,,yes,,,,683864.1316003342,1201137.4207568855
11773635247,106.6865958,10.8608736,An Phú Đông,bus_stop,platform,,,,yes,,,,684360.972844976,1201107.6299828652
11773635248,106.6891984,10.8607398,Công ty Vĩnh Đông,bus_stop,platform,,,,yes,,,,684645.6210847739,1201094.4098296778
11773635249,106.6923154,10.860508,Đài liệt sĩ An Phú Đông,bus_stop,platform,,,,yes,,,,684986.5744874165,1201070.6649093707
11773635250,106.6945185,10.8603862,Đại học Nguyễn Tất Thành,bus_stop,platform,,,,yes,,,,685227.5355398797,1201058.533892969
11773635251,106.7006873,10.8596993,Công ty đá Ngọc Ngân,bus_stop,platform,,,,yes,,,,685902.4560231874,1200986.3189552787
11773635252,106.7060482,10.8590193,Tu viện Khánh An,bus_stop,platform,,,,yes,,,,686489.0408843169,1200914.3847173483
11773635253,106.708976,10.8586206,Bãi đậu xe kho hàng - 1500/3C Quốc lộ 1A,bus_stop,platform,,,,yes,,,,686809.4168739747,1200872.0802117935
11773635254,106.7134744,10.8596686,Aone - Quốc lộ 1A,bus_stop,platform,,,,yes,,,,687300.6238963265,1200990.7737377188
11773635255,106.7204985,10.8633184,Ngã tư Bình Phước,bus_stop,platform,,,,yes,,,,688066.361594995,1201398.837920635
11773635256,106.8000351,10.8830755,Hồ Đá,bus_stop,platform,,,,yes,,,,696750.1060796502,1203634.751536632
11773635257,106.7955215,10.8808558,Nhà khách Đại học Quốc gia,bus_stop,platform,,,,yes,,,,696258.0558071422,1203386.28286479
11773635258,106.7870257,10.8800038,Viện Tài nguyên và Môi trường,bus_stop,platform,,,,yes,,,,695329.7018759006,1203286.5508805383
11773635259,106.783085,10.8817274,Kí túc xá Khu B Đại học Quốc gia,bus_stop,platform,,,,yes,,,,694897.7155435745,1203474.6803849337
11773635260,106.7791309,10.8832477,Kí túc xá Khu B Đại học Quốc gia,bus_stop,platform,,,,yes,,,,694464.4016519528,1203640.3172169449
11773635263,106.778731,10.8841829,Bến xe buýt Đại học Quốc gia,,station,bus_station,,,yes,,,,694420.0716310391,1203743.5121401178
11773635264,106.7785772,10.8835643,Kí túc xá Khu B Đại học Quốc gia,bus_stop,platform,,,,yes,,,,694403.6570454189,1203674.9843434843
11773635265,106.7823312,10.88165,Kí túc xá Khu B Đại học Quốc gia,bus_stop,platform,,,,yes,,,,694815.3478810114,1203465.6341585093
11773635266,106.7872136,10.8797699,Viện Tài nguyên và Môi trường,bus_stop,platform,,,,yes,,,,695350.3987825341,1203260.7978767108
11773635267,106.7204311,10.8638242,Cầu Bình Phước,bus_stop,platform,,,,yes,,,,688058.6753513846,1201454.745833486
11773635268,106.7129807,10.8598847,Aone - Quốc lộ 1A,bus_stop,platform,,,,yes,,,,687246.5076047461,1201014.3735868942
11773641369,106.7076668,10.859144,Công ty EUROPA,bus_stop,platform,,,,yes,,,,686665.9424287449,1200929.1720130607
11773641370,106.7049521,10.8594751,Tu viện Khánh An,bus_stop,platform,,,,yes,,,,686368.9097747492,1200964.1308588975
11773641371,106.7011227,10.8599601,Công ty Mai Linh,bus_stop,platform,,,,yes,,,,685949.9013405076,1201015.4337072778
11773641372,106.6954174,10.8606502,Đình An Phú Đông,bus_stop,platform,,,,yes,,,,685325.6581074471,1201088.2841810542
11773641373,106.6922198,10.8608846,Đài Liệt sĩ An Phú Đông,bus_stop,platform,,,,yes,,,,684975.8897401533,1201112.2641720902
11773641374,106.6894629,10.8610605,Công ty Hồng Mã,bus_stop,platform,,,,yes,,,,684674.3441619584,1201130.0445931675
11773641375,106.6851398,10.8613081,Phường An Phú Đông,bus_stop,platform,,,,yes,,,,684201.5088056491,1201154.8089719051
11773641376,106.6823353,10.8614937,Cầu Ga nhỏ,bus_stop,platform,,,,yes,,,,683894.7546726305,1201173.6404472457
11773641377,106.6793653,10.8616857,Bến xe Ngã tư Ga,bus_stop,platform,,,,yes,,,,683569.9019153995,1201193.082650066
11773641378,106.6674864,10.8618622,Trường Mầm non Ngôi nhà Trẻ thơ,bus_stop,platform,,,,yes,,,,682270.9788352681,1201205.455539547
11773641379,106.6613457,10.86177,Cơ khí Minh Huy,bus_stop,platform,,,,yes,,,,681599.625572555,1201191.5805796816
11774743556,106.7223614,10.7524186,Sân bóng đá CLB Cảng Sài Gòn,bus_stop,platform,,,,yes,,,,688339.2217571727,1189132.7150914115
11774743558,106.7190872,10.7528859,Cư xá Ngân Hàng,bus_stop,platform,,,,yes,,,,687980.7996887565,1189182.398402296
11774743559,106.7150794,10.7518973,Nhà thờ Thuận Phát,bus_stop,platform,,,,yes,,,,687543.0380949329,1189070.59245758
11774743560,106.7092958,10.7518492,Bế Văn Cấm,bus_stop,platform,,,,yes,,,,686910.4579894078,1189061.7440625788
11774743561,106.7065813,10.7518496,UBND Phường Tân Kiểng,bus_stop,platform,,,,yes,,,,686613.546509563,1189060.1366662688
11774743563,106.7048748,10.7490325,Phan Huy Thực,bus_stop,platform,,,,yes,,,,686428.6203134593,1188747.4874689232
11774743564,106.7044547,10.7460717,Quận Đoàn 7,bus_stop,platform,,,,yes,,,,686384.4869464,1188419.7250054039
11774743565,106.704995,10.7449327,Trung tâm Y tế Tân Quy,bus_stop,platform,,,,yes,,,,686444.2850727461,1188294.063032552
11774743566,106.7066259,10.7454411,Chợ Tân Quy,bus_stop,platform,,,,yes,,,,686622.3639347123,1188351.2899734797
11774743567,106.7098811,10.7454604,Đường số 10,bus_stop,platform,,,,yes,,,,686978.4124761949,1188355.404711492
11774743568,106.7104738,10.7449327,Trường Trung học phổ thông Lê Thánh Tôn,bus_stop,platform,,,,yes,,,,687043.5682582911,1188297.3941757376
11774744169,106.7135096,10.7449231,Chợ Chiều,bus_stop,platform,,,,yes,,,,687375.6373469597,1188298.1826646735
11774744170,106.7136668,10.7432854,Đường số 43,bus_stop,platform,,,,yes,,,,687393.8426549124,1188117.1244294597
11774744202,106.7137476,10.7436205,Đường số 41,bus_stop,platform,,,,yes,,,,687402.4740734057,1188154.2407988172
11774744203,106.7131642,10.74502,Chợ Chiều,bus_stop,platform,,,,yes,,,,687337.7968617673,1188308.6905584575
11774744204,106.7114049,10.7450061,Trường Trung học phổ thông Lê Thánh Tôn,bus_stop,platform,,,,yes,,,,687145.368954145,1188306.080484554
11774744205,106.7097828,10.7455352,Đường số 10,bus_stop,platform,,,,yes,,,,686967.6141649359,1188363.6188531644
11774744206,106.7064905,10.7454983,Chợ Tân Quy,bus_stop,platform,,,,yes,,,,686607.5184725532,1188357.534857358
11774744207,106.7048473,10.7450132,Trạm Y tế Tân Quy,bus_stop,platform,,,,yes,,,,686428.0799319192,1188302.8778457071
11774744208,106.7045123,10.7460119,Quận Đoàn 7,bus_stop,platform,,,,yes,,,,686390.8240300652,1188413.145216702
11774744209,106.704921,10.7489565,Phan Huy Thục,bus_stop,platform,,,,yes,,,,686433.7203651627,1188739.1088177646
11774744210,106.7050867,10.7515026,Ngã ba Tân Quy,bus_stop,platform,,,,yes,,,,686450.2809129048,1189020.8451444209
11774744211,106.7068392,10.7517243,UBND Phường Tân Kiểng,bus_stop,platform,,,,yes,,,,686641.8325705759,1189046.4334567646
11774744212,106.7093391,10.7517382,Bế Văn Cẩm,bus_stop,platform,,,,yes,,,,686915.2624906595,1189049.4921882367
11774744213,106.7125513,10.7517797,Miếu Bà Cố,bus_stop,platform,,,,yes,,,,687266.5870476001,1189056.0406040996
11774744214,106.7154356,10.7518178,Nhà thờ Thuận Phát,bus_stop,platform,,,,yes,,,,687582.0484153525,1189062.0162171188
11774744215,106.7194412,10.7530026,Cư xá Ngân Hàng,bus_stop,platform,,,,yes,,,,688019.4478899539,1189195.524055068
11774744220,106.6884442,10.8271499,Vincom Plaza Phan Văn Trị,bus_stop,platform,,,,yes,,,,684583.7628367052,1197378.4294695
11774744221,106.6849843,10.8285099,PCCC Quận Gò Vấp,bus_stop,platform,,,,yes,,,,684204.5868292403,1197526.7716320062
11774744223,106.6791589,10.8303914,Cây xăng Petrolimex - Phan Văn Trị,bus_stop,platform,,,,yes,,,,683566.4295792462,1197731.3768546132
11774744224,106.6754682,10.8316943,Nhà máy Z751,bus_stop,platform,,,,yes,,,,683162.0606268165,1197873.2745481466
11774744226,106.6699562,10.8336647,Country House,bus_stop,platform,,,,yes,,,,682558.1350011785,1198087.919085558
11774744227,106.6664899,10.8349143,Chợ Thông Tây,bus_stop,platform,,,,yes,,,,682178.3461381751,1198224.0662547962
11774744229,106.6651883,10.8381614,Ngã ba Nguyễn Văn Lương,bus_stop,platform,,,,yes,,,,682034.0564388527,1198582.4596029199
11774744230,106.6647947,10.8421157,UBND Phường 16,bus_stop,platform,,,,yes,,,,681988.6269043915,1199019.6213238905
11774744231,106.6648066,10.8454815,Trường Đại học Hồng Bàng,bus_stop,platform,,,,yes,,,,681987.8923623073,1199391.9297354904
11774744232,106.6646183,10.8479826,Chùa Tiên Long,bus_stop,platform,,,,yes,,,,681965.7899990958,1199668.4713858243
11774744245,106.6645415,10.8480035,Chùa Tiên Long,bus_stop,platform,,,,yes,,,,681957.3798437288,1199670.7372693326
11774744246,106.6647386,10.8446375,Trường Đại học Hồng Bàng,bus_stop,platform,,,,yes,,,,681980.9675193122,1199298.531681922
11774744247,106.6646841,10.8424703,UBND Phường 16,bus_stop,platform,,,,yes,,,,681976.3189477179,1199058.778579839
11774744248,106.6652588,10.8392196,Ngã ba Nguyễn Văn Lương,bus_stop,platform,,,,yes,,,,682041.1254368126,1198699.5524300276
11774744249,106.6646925,10.8363273,Chợ Thông Tây,bus_stop,platform,,,,yes,,,,681980.9511818727,1198379.2880424631
11774744250,106.6658839,10.8349923,Chợ Thông Tây,bus_stop,platform,,,,yes,,,,682112.0344231399,1198232.3317283762
11774744251,106.6690259,10.833851,Country House,bus_stop,platform,,,,yes,,,,682456.2956372162,1198107.9690281677
11774744252,106.6719765,10.8327917,Nhà khách Phía Nam,bus_stop,platform,,,,yes,,,,682779.5808286932,1197992.5649736535
11774744253,106.6741154,10.8320145,Du Miên Garden,bus_stop,platform,,,,yes,,,,683013.9386877498,1197907.880144293
11774744254,106.6767713,10.8310764,Ngã tư Nguyễn Oanh,bus_stop,platform,,,,yes,,,,683304.9294581775,1197805.7100086396
11774744255,106.6790424,10.8302833,Cây xăng Petrolimex - Phan Văn Trị,bus_stop,platform,,,,yes,,,,683553.7561944189,1197719.3493448757
11774744256,106.6814303,10.8295004,CoopMart Phan Văn Trị,bus_stop,platform,,,,yes,,,,683815.3503549823,1197634.1890493014
11774744257,106.6852083,10.8282689,PCCC Quận Gò Vấp,bus_stop,platform,,,,yes,,,,684229.2287433355,1197500.249039976
11774744258,106.6874251,10.8275224,Vincom Plaza Phan Văn Trị,bus_stop,platform,,,,yes,,,,684472.0948091232,1197419.016336703
11774744259,106.6920944,10.8235977,Bãi hậu cần số 1,bus_stop,platform,,,,yes,,,,684985.0978236933,1196987.7178232747
11774744260,106.6945098,10.8193119,Chùa Giác Quang,bus_stop,platform,,,,yes,,,,685251.8621083399,1196515.112733638
11774744261,106.695228,10.8132519,Chợ Phan Văn Trị,bus_stop,platform,,,,yes,,,,685334.1235759667,1195845.2253977417
11774744262,106.6991514,10.7792374,Nhà thờ Đức Bà,bus_stop,platform,,,,yes,,,,685784.0815824888,1192085.112530537
11774744263,106.6992407,10.7782822,Pasteur,bus_stop,platform,,,,yes,,,,685794.4344709811,1191979.5078231099
11774744264,106.6983113,10.777234,Nam Kỳ Khởi Nghĩa,bus_stop,platform,,,,yes,,,,685693.4291591176,1191862.99807198
11775251410,106.7036603,10.740233,Lotte Mart,bus_stop,platform,,,,yes,,,,686301.1750103724,1187773.3985413765
11775251414,106.6992888,10.7587259,Chung cư Tân Vĩnh,bus_stop,platform,,,,yes,,,,685811.685878632,1189816.3294619322
11775251415,106.6992888,10.7601132,Hoàng Diệu,bus_stop,platform,,,,yes,,,,685810.8359808554,1189969.7846774242
11775251417,106.6730272,10.7613517,Ngã tư Nguyễn Chí Thanh,bus_stop,platform,,,,yes,,,,682937.7111984825,1190090.99235617
11775251418,106.6719221,10.766287,Chùa An Quang,bus_stop,platform,,,,yes,,,,682813.8655925562,1190636.2410826408
11775251420,106.6611492,10.773358,Đại học Bách Khoa (cổng sau),bus_stop,platform,,,,yes,,,,681631.3699329377,1191411.9771057921
11775251432,106.6630014,10.7755793,Ngân hàng Quân Đội - 405 Tô Hiến Thành,bus_stop,platform,,,,yes,,,,681832.6106143184,1191658.779346078
11775251434,106.6658966,10.7704104,Nhà thờ Đồng Tiến,bus_stop,platform,,,,yes,,,,682152.3634933489,1191088.7540925646
11775251436,106.6724571,10.7635591,Chung cư Ngô Gia Tự,bus_stop,platform,,,,yes,,,,682874.0255353507,1190334.8192430607
11775251437,106.6730488,10.7609993,Ngã tư Nguyễn Chí Thanh,bus_stop,platform,,,,yes,,,,682940.2862722403,1190052.0252501843
11775251438,106.6736597,10.7582737,Bệnh viện 30/4,bus_stop,platform,,,,yes,,,,683008.7477977722,1189750.9030958181
11775251439,106.6999058,10.7607919,Hoàng Diệu,bus_stop,platform,,,,yes,,,,685877.905169656,1190045.2324806245
11775251443,106.7042457,10.7445452,Đường số 15,bus_stop,platform,,,,yes,,,,686362.5628815149,1188250.7451788345
11775251445,106.6962616,10.7617427,Chợ Nga,bus_stop,platform,,,,yes,,,,685478.7357414282,1190148.198157857
11775251451,106.6639863,10.7504458,Hải Thượng Lãn Ông - Võ Văn Kiệt,bus_stop,platform,,,,yes,,,,681955.4100751531,1188879.286273664
11775251465,106.6746476,10.7490681,An Bình,bus_stop,platform,,,,yes,,,,683122.3547371704,1188733.2340559731
11775271669,106.689258,10.7559639,Cầu Nguyễn Văn Cừ,bus_stop,platform,,,,yes,,,,684716.2337673238,1189504.7562445516
11775271671,106.6966726,10.7618691,Chợ Nga,bus_stop,platform,,,,yes,,,,685523.6117520641,1190162.4283987307
11775484700,106.7320905,10.7983982,Công viên Dạ cầu Sài Gòn,bus_stop,platform,,,,yes,,,,689374.6409160024,1194224.7896362857
11775484703,106.7298109,10.7885785,Chùa Diệu Giác,bus_stop,platform,,,,yes,,,,689131.477674314,1193137.160489837
11775484704,106.7293944,10.7860031,Lương Đình Của,bus_stop,platform,,,,yes,,,,689087.535934668,1192852.0222924168
11775484705,106.7304684,10.7855187,Trần Não,bus_stop,platform,,,,yes,,,,689205.3007005773,1192799.1037333654
11775484706,106.7326576,10.7867761,Đình Bình Khánh,bus_stop,platform,,,,yes,,,,689443.9435152444,1192939.5471441927
11775484707,106.7363877,10.7886859,Đường số 8,bus_stop,platform,,,,yes,,,,689850.7003452113,1193153.114617863
11775484709,106.7416979,10.7901271,Cầu Ông Tranh,bus_stop,platform,,,,yes,,,,690430.5592105602,1193315.8362078138
11775484710,106.7446155,10.7907858,Siêu thị Chợ Lớn,bus_stop,platform,,,,yes,,,,690749.2351327828,1193390.517623404
11775484711,106.7498982,10.7918906,Phòng Đào tạo Quận 2,bus_stop,platform,,,,yes,,,,691326.2931361169,1193516.0272874073
11775484713,106.7573687,10.7846712,Trường Cấp 3 Giồng Ông Tố,bus_stop,platform,,,,yes,,,,692147.9109270364,1192722.1179921592
11775484714,106.7594544,10.7825098,Trung tâm Y tế Dự phòng Quận 2,bus_stop,platform,,,,yes,,,,692377.3992845346,1192484.3392192272
11775484715,106.7629808,10.7794828,Trung tâm dạy nghề Quận 2,bus_stop,platform,,,,yes,,,,692765.0148615374,1192151.717471782
11775484718,106.7643989,10.7778439,Đường số 10,bus_stop,platform,,,,yes,,,,692921.1607670335,1191971.3188969903
11775484719,106.7625963,10.7801147,Trung tâm Dạy nghề Quận 2,bus_stop,platform,,,,yes,,,,692722.5587426713,1192221.3748499688
11775484720,106.7596503,10.7825549,Trung tâm Y tế Dự phòng Quận 2,bus_stop,platform,,,,yes,,,,692398.796474195,1192489.4512161692
11775484722,106.7556935,10.7874633,Chùa Thái Nguyên,bus_stop,platform,,,,yes,,,,691962.9217910556,1193029.9218715266
11775484723,106.7494447,10.7919567,Phòng Đào tạo Quận 2,bus_stop,platform,,,,yes,,,,691276.6531624305,1193523.0553988528
11775484724,106.7451878,10.7910695,Siêu thị Chợ Lớn,bus_stop,platform,,,,yes,,,,690811.6472077491,1193422.2566567278
11775484726,106.7383727,10.7896405,Chùa Huệ Nghiêm,bus_stop,platform,,,,yes,,,,690067.1958726076,1193259.9418711404
11775484727,106.7352337,10.7883265,Đường số 8,bus_stop,platform,,,,yes,,,,689724.7152338193,1193112.6431137398
11775484728,106.7328953,10.7871036,Đình Bình Khánh,bus_stop,platform,,,,yes,,,,689469.7352633862,1192975.9211706375
11775484729,106.7299955,10.785593,Trần Não,bus_stop,platform,,,,yes,,,,689153.5337685957,1192807.0301441478
11775484730,106.7296132,10.7859487,Lương Đình Của,bus_stop,platform,,,,yes,,,,689111.4997740678,1192846.1399965535
11775484731,106.7301317,10.7889517,Chùa Diệu Giác,bus_stop,platform,,,,yes,,,,689166.3293912191,1193178.64079605
11775484733,106.7313891,10.7962673,Nhà sách An Bình,bus_stop,platform,,,,yes,,,,689299.2676721881,1193988.6428938375
11775484734,106.7319048,10.8006036,Đường Quốc Hương,bus_stop,platform,,,,yes,,,,689352.94985774,1194468.6278204622
11775484735,106.7017914,10.7530415,Bến xe Kho Muối,bus_stop,platform,,,,yes,,,,686088.8987761701,1189189.0699431484
11775484737,106.7034638,10.7531232,UBND Phường 4,bus_stop,platform,,,,yes,,,,686271.7740721831,1189199.121659326
11775484738,106.705753,10.755042,Tôn Đản,bus_stop,platform,,,,yes,,,,686520.9852468842,1189412.7592792634
11775484739,106.7053328,10.7561706,Tôn Đản,bus_stop,platform,,,,yes,,,,686474.3307981184,1189537.3435300246
11775484740,106.7030529,10.7561442,Nhà thuốc Hữu Nghị,bus_stop,platform,,,,yes,,,,686224.9762024381,1189533.038615356
11775484741,106.7021463,10.7567187,Đường 11,bus_stop,platform,,,,yes,,,,686125.461766202,1189596.0365017187
11775484742,106.7001346,10.7594816,Trường Chính trị Quận 4,bus_stop,platform,,,,yes,,,,685903.7335919067,1189900.4331777263
11775484743,106.698333,10.7691258,Lê Thị Hồng Gấm,bus_stop,platform,,,,yes,,,,685700.773273364,1190966.1280716045
11775484744,106.7016647,10.7785767,TTTM Vincom,bus_stop,platform,,,,yes,,,,686059.3658009219,1192013.5556599672
11775484745,106.7036308,10.7807246,Bệnh viện Nhi đồng 2,bus_stop,platform,,,,yes,,,,686273.0760389735,1192252.3402830851
11775484746,106.7068305,10.7815207,Ba Son,bus_stop,platform,,,,yes,,,,686622.5336130328,1192342.3495049705
11775484747,106.7071024,10.7818263,Ba Son,bus_stop,platform,,,,yes,,,,686652.0825628688,1192376.3191852733
11775484749,106.7149161,10.7910262,Cầu vượt Thủ Thiêm,bus_stop,platform,,,,yes,,,,687500.9573570674,1193398.74449062
11775484750,106.7122038,10.7926229,Trường Trung học Cơ sở Phú Mỹ,bus_stop,platform,,,,yes,,,,687203.3357889929,1193573.7022962272
11775484751,106.7097592,10.7932772,Đại học Tôn Đức Thắng,bus_stop,platform,,,,yes,,,,686935.5772142501,1193644.5822850056
11775484752,106.709637,10.7941716,Trường Khiếm thính Hy Vọng,bus_stop,platform,,,,yes,,,,686921.6598183769,1193743.4417074001
11775484754,106.7153748,10.8122748,CoopMart Cầu Kinh,bus_stop,platform,,,,yes,,,,687537.931637283,1195749.4489510022
11775484756,106.7226213,10.8180686,Chung cư Thanh Đa,bus_stop,platform,,,,yes,,,,688326.7809167132,1196394.7969554297
11775484757,106.7269284,10.8204165,Trung tâm TDTT Thanh Đa,bus_stop,platform,,,,yes,,,,688796.321095123,1196657.1747415694
11775484758,106.7287066,10.821388,Hồ bơi Misha,bus_stop,platform,,,,yes,,,,688990.1689608884,1196765.7396730115
11775484759,106.7308336,10.8225999,Trung tâm Cai nghiện Ma túy - 330 Bình Quới,bus_stop,platform,,,,yes,,,,689222.0079726839,1196901.114518455
11775484760,106.7332612,10.8242336,"UBND Phường 28, Quận Bình Thạnh",bus_stop,platform,,,,yes,,,,689486.4522451129,1197083.3361259962
11775484761,106.7361062,10.826538,Chợ Bình Quới,bus_stop,platform,,,,yes,,,,689796.1159553656,1197340.0107627222
11775484762,106.737893,10.8283841,Khu du lịch Bình Quới,bus_stop,platform,,,,yes,,,,689990.346168258,1197545.3335195347
11775484763,106.7403332,10.8298307,Nhà hàng Hàn Quốc - 546B-546C Bình Quới,bus_stop,platform,,,,yes,,,,690256.2775393275,1197706.8741717278
11775484764,106.7427897,10.8317649,Bến đò Bình Quới,bus_stop,platform,,,,yes,,,,690523.6805929571,1197922.3644673354
11775484765,106.7395458,10.8295595,Nhà hàng Hàn Quốc - 401 Bình Quới,bus_stop,platform,,,,yes,,,,690170.34401583,1197676.383402436
11775484766,106.7373178,10.8278946,Khu du lịch Bình Quới,bus_stop,platform,,,,yes,,,,689927.7545173111,1197490.828109987
11775484767,106.7359119,10.8264657,Chợ Bình Quới,bus_stop,platform,,,,yes,,,,689774.9139657692,1197331.892211041
11775484768,106.7330169,10.8241401,"UBND Quận 28, Phường Bình Thạnh",bus_stop,platform,,,,yes,,,,689459.7956188996,1197072.841670801
11775511369,106.7301708,10.8223084,Trung tâm Cai nghiện Ma túy - 1051 Bình Quới,bus_stop,platform,,,,yes,,,,689149.710154557,1196868.4586663244
11775511370,106.7285279,10.8213776,Cư xá Thanh Đa,bus_stop,platform,,,,yes,,,,688970.6336237343,1196764.478537187
11775511371,106.7262977,10.8201682,Trung tâm TDTT Thanh Đa,bus_stop,platform,,,,yes,,,,688727.5057315498,1196629.318442204
11775511372,106.7227805,10.8183058,Chung cư Thanh Đa,bus_stop,platform,,,,yes,,,,688344.0423551868,1196421.1333352847
11775511373,106.7197775,10.8167168,Chợ Thanh Đa,bus_stop,platform,,,,yes,,,,688016.6356328117,1196243.5125477423
11775511374,106.7151731,10.8123579,CoopMart Cầu Kinh,bus_stop,platform,,,,yes,,,,687515.8224437537,1195758.5171865637
11775511375,106.7134767,10.810846,Chùa Bửu Liên,bus_stop,platform,,,,yes,,,,687331.2457100935,1195590.2361666698
11775511376,106.7168432,10.8074106,Ngã tư D2,bus_stop,platform,,,,yes,,,,687701.5380698442,1195212.295224052
11775511377,106.720868,10.8054934,Ngã ba Cảng Than,bus_stop,platform,,,,yes,,,,688142.8856110284,1195002.6993764478
11775511378,106.7206453,10.8034089,Trường Trung học phổ thông Hồng Đức,bus_stop,platform,,,,yes,,,,688119.8293623899,1194771.983691722
11775511379,106.7187263,10.8013437,Chợ Văn Thánh,bus_stop,platform,,,,yes,,,,687911.2490109099,1194542.3592719994
11775511380,106.7097892,10.7948167,Trường Khiếm thính Hy Vọng,bus_stop,platform,,,,yes,,,,686937.9061635176,1193814.8925525127
11775511381,106.7100381,10.7931279,Đại học Tôn Đức Thánh,bus_stop,platform,,,,yes,,,,686966.1713994918,1193628.2379669824
11775511382,106.7121537,10.7925488,Trường Trung học cơ sở Phú Mỹ,bus_stop,platform,,,,yes,,,,687197.9024716413,1193565.4750398837
11775511383,106.714839,10.790905,Cầu vượt Thủ Thiêm,bus_stop,platform,,,,yes,,,,687492.600392392,1193385.2906453984
11775511384,106.7043628,10.7838212,TTTM Sài Gòn,bus_stop,platform,,,,yes,,,,686351.227469648,1192595.3153152433
11775511385,106.7049261,10.780897,Chu Mạnh Trinh,bus_stop,platform,,,,yes,,,,686414.635641865,1192272.198712231
11775511386,106.7032821,10.7790053,Sở Kế hoạch và Đầu tư,bus_stop,platform,,,,yes,,,,686235.9968059383,1192061.948373031
11775511387,106.702246,10.7778204,Vincom Center Đồng Khởi - 72 Lê Thánh Tôn,bus_stop,platform,,,,yes,,,,686123.4073698138,1191930.2511410054
11775511388,106.7001378,10.7754135,Phố đi bộ Nguyễn Huệ,bus_stop,platform,,,,yes,,,,685894.3111926576,1191662.7326055611
11775511389,106.7013879,10.759287,Chùa Giác Nguyên,bus_stop,platform,,,,yes,,,,686040.934620999,1189879.6674904167
11775511390,106.7014164,10.7576123,Hồ bơi Quận 4,bus_stop,platform,,,,yes,,,,686045.0790181065,1189694.4388307962
11775511391,106.7030421,10.7560605,Nhà thuốc Hữu Nghị,bus_stop,platform,,,,yes,,,,686223.8462957295,1189523.7736286242
11775511392,106.7051247,10.7561037,Tôn Đản,bus_stop,platform,,,,yes,,,,686451.6103474838,1189529.8169479105
11775511393,106.7057003,10.7551001,Tôn Đản,bus_stop,platform,,,,yes,,,,686515.1852890251,1189419.1539554747
11775511394,106.7035671,10.7532008,Công an Phường 4,bus_stop,platform,,,,yes,,,,686283.0252925098,1189207.7680406608
11782814567,106.6721404,10.7604752,Kí túc xá Đại học Kinh tế,bus_stop,platform,,,,yes,,,,682841.2464132963,1189993.5113466848
11782827569,106.6863007,10.7620222,Nhà khách Bộ Công an,bus_stop,platform,,,,yes,,,,684389.0897617773,1190173.107870209
11782827570,106.6918772,10.7645395,Trần Hưng Đạo,bus_stop,platform,,,,yes,,,,684997.483712589,1190454.9148626027
11782827572,106.7075657,10.7999266,Đại học Hồng Bàng,bus_stop,platform,,,,yes,,,,686691.5781136106,1194378.7654557587
11782827573,106.7099161,10.8009117,Vòng xoay Hàng Xanh,bus_stop,platform,,,,yes,,,,686948.0138675058,1194489.169297316
11782827574,106.709851,10.8014918,Vòng xoay Hàng Xanh,bus_stop,platform,,,,yes,,,,686940.5354260474,1194553.2973107714
11782827577,106.7021296,10.7898169,Nguyễn Đình Chiểu,bus_stop,platform,,,,yes,,,,686103.2985048046,1193257.1685477786
11782827578,106.69179,10.7646555,Nguyễn Cư Trinh,bus_stop,platform,,,,yes,,,,684987.8754911213,1190467.693463427
11782827579,106.6896949,10.7638709,Cống Quỳnh,bus_stop,platform,,,,yes,,,,684759.2038112076,1190379.6425170654
11782827580,106.6705192,10.7603143,Trường Cao đẳng Sư phạm Trung ương Thành phố,bus_stop,platform,,,,yes,,,,682664.0251073684,1189974.7477644517
11782827583,106.7002576,10.7531151,Bệnh viện Phước An,bus_stop,platform,,,,yes,,,,685921.0883059569,1189196.2815981754
11782827584,106.6932856,10.7571189,Trạm xăng Nguyễn Khoái,bus_stop,platform,,,,yes,,,,685156.0570677298,1189634.9429029187
11782827585,106.693527,10.758249,Nguyễn Khoái,bus_stop,platform,,,,yes,,,,685181.7708162384,1189760.0934563102
11782827586,106.6978249,10.7605288,Chùa Long Bửu,bus_stop,platform,,,,yes,,,,685650.4657045715,1190014.8694879864
11782827587,106.6835342,10.7593787,Trường Đại học Sài Gòn,bus_stop,platform,,,,yes,,,,684088.1089467189,1189879.0391173926
11782827589,106.6837738,10.7555719,Chung cư 109 Nguyễn Biểu,bus_stop,platform,,,,yes,,,,684116.6257805452,1189458.0996148656
11782827590,106.6796956,10.750387,Công an Phường 8,bus_stop,platform,,,,yes,,,,683673.7024389979,1188882.1371063115
11782827591,106.6771394,10.7493803,Viện Y tế Cộng đồng,bus_stop,platform,,,,yes,,,,683394.716802363,1188769.2547377786
11782827592,106.6748016,10.7476541,Lê Quang Kim,bus_stop,platform,,,,yes,,,,683140.0519844607,1188576.91923838
11782827593,106.6642081,10.7454657,Dã Tượng,bus_stop,platform,,,,yes,,,,681982.6548215966,1188328.5571235362
11782827594,106.6609001,10.7461362,Chợ Xóm Củi,bus_stop,platform,,,,yes,,,,681620.4260380178,1188400.7644939837
11782827610,106.6752897,10.7479149,Lê Quang Kim,bus_stop,platform,,,,yes,,,,683193.2827686076,1188606.0582436381
11782827611,106.6777034,10.7495763,Viện Y tế Cộng đồng,bus_stop,platform,,,,yes,,,,683456.2881147193,1188791.2718548311
11782827612,106.6802528,10.7504022,Công an Phường 8,bus_stop,platform,,,,yes,,,,683734.639085819,1188884.15185464
11782827614,106.6841736,10.7549282,Chung cư 109 Nguyễn Biểu,bus_stop,platform,,,,yes,,,,684160.7454317,1189387.1376483291
11782827615,106.6827397,10.7586456,Trường Trung học cơ sở Ba Đình,bus_stop,platform,,,,yes,,,,684001.6546861135,1189797.4717221
11782827616,106.6879201,10.7657514,Chùa Lâm Tế,bus_stop,platform,,,,yes,,,,684563.9413022572,1190586.582722854
11782827617,106.6979578,10.760487,Chùa Long Bửu,bus_stop,platform,,,,yes,,,,685665.0273715509,1190010.326261712
11782827618,106.6935983,10.7585111,Nguyễn Khoái,bus_stop,platform,,,,yes,,,,685189.4093549177,1189789.128423485
11782827619,106.6932029,10.7571202,Trạm xăng Nguyễn Khoái,bus_stop,platform,,,,yes,,,,685147.0107937598,1189635.036792347
11782827620,106.6942525,10.7551634,Trung tâm Giáo dục Thường xuyên Quận 4,bus_stop,platform,,,,yes,,,,685263.0078242545,1189419.2209091021
11782827621,106.6951365,10.7535674,Chợ Tôn Thất Thuyết,bus_stop,platform,,,,yes,,,,685360.6727200237,1189243.2147482464
11782827622,106.7006939,10.753043,Bệnh viện Phước An,bus_stop,platform,,,,yes,,,,685968.8544839587,1189188.5706403435
11787220774,106.6854691,10.8174167,Lê Lai,bus_stop,platform,,,,yes,,,,684264.3800873228,1196300.0017258509
11787220775,106.688051,10.8185798,Phạm Văn Đồng,bus_stop,platform,,,,yes,,,,684546.0117772564,1196430.2174248314
11787220776,106.6907499,10.8194763,Nút giao Lê Quang Định,bus_stop,platform,,,,yes,,,,684840.5994104586,1196531.016982833
11787220777,106.6949627,10.8205949,Nút giao Phạm Văn Đồng - Phan Văn Trị,bus_stop,platform,,,,yes,,,,685300.6004478135,1196657.3061543105
11787220778,106.6976226,10.8212946,Cầu Rạch Lăng,bus_stop,platform,,,,yes,,,,685591.0410685531,1196736.3203528177
11787220779,106.7006967,10.8221261,Chung cư Cửu Long,bus_stop,platform,,,,yes,,,,685926.693805727,1196830.1688003885
11787220780,106.7040122,10.8230082,Cầu Bình Lợi,bus_stop,platform,,,,yes,,,,686288.711879543,1196929.7654908155
11787220782,106.7447792,10.8417907,Đường 30,bus_stop,platform,,,,yes,,,,690734.8862180918,1199032.6358135284
11787220783,106.7480552,10.8475357,Chùa Quan Âm,bus_stop,platform,,,,yes,,,,691089.4651425495,1199670.187865574
11787220784,106.7505483,10.8518437,Ngã tư Tô Ngọc Vân - Phạm Văn Đồng,bus_stop,platform,,,,yes,,,,691359.3373338936,1200148.295690451
11787220785,106.7529109,10.8602236,Đại học Cảnh sát Nhân dân,bus_stop,platform,,,,yes,,,,691612.3347837226,1201076.7496659418
11787220786,106.7554685,10.8629124,Đường số 9,bus_stop,platform,,,,yes,,,,691890.2724740632,1201375.7931235316
11787220787,106.7587018,10.8646714,Ngã tư Bình Đường,bus_stop,platform,,,,yes,,,,692242.6822186466,1201572.4144715907
11787220788,106.7609891,10.8658645,Nút giao Kha Vạn Cân - Phạm Văn Đồng,bus_stop,platform,,,,yes,,,,692492.0143923786,1201705.8416254
11787220789,106.763319,10.8686879,Nhà hàng tiệc cưới Phố Đôi,bus_stop,platform,,,,yes,,,,692744.9559174408,1202019.6393498636
11787220790,106.7638952,10.8713161,Cầu vượt Linh Xuân,bus_stop,platform,,,,yes,,,,692806.269425153,1202310.732788242
11787220791,106.7950435,10.8675271,Thư viện Trung tâm Đại học Quốc gia Thành phố Hồ Chí Minh,bus_stop,platform,,,,yes,,,,696214.5097425143,1201911.5485940194
11787220792,106.7981126,10.8717442,Hồ Câu cá,bus_stop,platform,,,,yes,,,,696547.3314251914,1202380.0307342862
11787220793,106.8000032,10.8743749,Nhà văn hóa Sinh viên,bus_stop,platform,,,,yes,,,,696752.3267571117,1202672.2649959687
11787220794,106.8056438,10.8777772,Kí túc xá Khu A Đại học Quốc gia Thành phố Hồ Chí Minh,bus_stop,platform,,,,yes,,,,697366.833744264,1203052.292894989
11789253325,106.7977164,10.8711372,Hồ Câu cá,bus_stop,platform,,,,yes,,,,696504.4079558994,1202312.6276376473
11789253327,106.7946589,10.8669003,Khu Công nghệ Phần mềm Đại học Quốc gia,bus_stop,platform,,,,yes,,,,696172.8662137766,1201841.9633640312
11789253328,106.7637062,10.8713914,Cầu vượt Linh Xuân,bus_stop,platform,,,,yes,,,,692785.5559046295,1202318.9423439563
11789253329,106.7624972,10.867785,Nhà hàng tiệc cưới Phố Đôi,bus_stop,platform,,,,yes,,,,692655.6795385319,1201919.2404638187
11789253330,106.7596539,10.8654148,Ngã tư Bình Đường,bus_stop,platform,,,,yes,,,,692346.3101158133,1201655.2507722194
11789253331,106.7554591,10.8631745,Đường số 9,bus_stop,platform,,,,yes,,,,691889.0771944904,1201404.780172917
11789253332,106.7527028,10.860351,Đại học Cảnh sát Nhân dân,bus_stop,platform,,,,yes,,,,691589.4992872395,1201090.7111842986
11789253333,106.7515421,10.8540966,Ngã tư Tô Ngọc Vân - Phạm Văn Đồng,bus_stop,platform,,,,yes,,,,691466.5702624342,1200398.1318713287
11789253334,106.7479429,10.8478311,Đình thần Bình Quới Đông,bus_stop,platform,,,,yes,,,,691076.9977831203,1199702.7937531509
11789253335,106.7038833,10.823304,Cầu Bình Lợi,bus_stop,platform,,,,yes,,,,686274.4334118061,1196962.4066566264
11789253336,106.7006057,10.8224429,Chung cư Cửu Long,bus_stop,platform,,,,yes,,,,685916.5472487434,1196865.1560861554
11789253337,106.6968492,10.8214364,Cầu Rạch Lăng,bus_stop,platform,,,,yes,,,,685506.3794371447,1196751.5349990088
11789253338,106.6932432,10.8204822,Chùa Phổ Minh,bus_stop,platform,,,,yes,,,,685112.6352577485,1196643.795850365
11789253339,106.6893271,10.819403,Nút giao Lê Quang Định,bus_stop,platform,,,,yes,,,,684685.0550136061,1196522.047214851
11789253340,106.685244,10.8175831,Lê Lợi,bus_stop,platform,,,,yes,,,,684239.6626865913,1196318.2719491888
11789253341,106.6720816,10.8084537,Trường Đại học Kỹ thuật Công nghệ,bus_stop,platform,,,,yes,,,,682805.826938054,1195300.5227583922
11789253342,106.66844,10.8075109,Cây xăng Quân đội,bus_stop,platform,,,,yes,,,,682408.1611778341,1195194.059191354
11789253343,106.6665876,10.8053564,Bãi xe buýt Phổ Quang,bus_stop,platform,,,,yes,,,,682206.8874949518,1194954.6379609548
11789253344,106.6658298,10.8024864,Rạp Tân Sơn Nhất,bus_stop,platform,,,,yes,,,,682125.7464981618,1194636.7272574306
11789253345,106.7670251,10.836959,Ngã tư Bình Thái,bus_stop,platform,,,,yes,,,,693170.5699669597,1198512.1873965515
11789253350,106.7740717,10.8505595,Đầu đường Lê Văn Chí,bus_stop,platform,,,,yes,,,,693932.3650618877,1200021.1387446893
11789253353,106.7633087,10.8579777,Đại học Ngân hàng,bus_stop,platform,,,,yes,,,,692750.7036556008,1200834.8868896915
11789253354,106.7740327,10.8507602,Đầu đường Lê Văn Chí,bus_stop,platform,,,,yes,,,,693927.9710614018,1200043.3151097987
11789253360,106.7822827,10.843995,Trạm y tế Phường Hiệp Phú,bus_stop,platform,,,,yes,,,,694834.4718371928,1199300.2247693054
11789253361,106.7842525,10.8441461,Chợ Hiệp Phú,bus_stop,platform,,,,yes,,,,695049.7723477229,1199318.20106088
11789253366,106.8076236,10.8485968,Công ty FILIED,bus_stop,platform,,,,yes,,,,697602.50345009,1199825.6175197584
11789253367,106.8128376,10.8498655,Ngã ba Mỹ Thành,bus_stop,platform,,,,yes,,,,698171.8196112869,1199969.3541785432
11789253368,106.8137444,10.8514079,Ngã ba Mỹ Thành,bus_stop,platform,,,,yes,,,,698269.961050484,1200140.567280109
11789305169,106.8136593,10.8546215,Đường Cầu Xây,bus_stop,platform,,,,yes,,,,698258.5358874473,1200496.0042235681
11789305170,106.8136283,10.856936,Cầu Xây,bus_stop,platform,,,,yes,,,,698253.6192073313,1200752.016908716
11789305171,106.813553,10.8628252,Học viện Thanh Thiếu niên Việt Nam,bus_stop,platform,,,,yes,,,,698241.4989307678,1201403.4386365083
11789305172,106.8138659,10.868327,Sân Golf Thủ Đức,bus_stop,platform,,,,yes,,,,698272.0797944191,1202012.2592696713
11789305173,106.8122134,10.8708173,Ngã ba Lâm Viên 1,bus_stop,platform,,,,yes,,,,698089.7464689492,1202286.6609600554
11789305174,106.8093221,10.8715041,Nghĩa trang Liệt sĩ Thành phố Hồ Chí Minh,bus_stop,platform,,,,yes,,,,697773.1527459519,1202360.7505911982
11793308574,106.8142267,10.8710847,Đường Hoàng Hữu Nam,bus_stop,platform,,,,yes,,,,698309.7086781408,1202317.5554459505
11793308575,106.8137583,10.8680812,Sân Golf Thủ Đức,bus_stop,platform,,,,yes,,,,698260.4768084963,1201984.9982919265
11793308576,106.8134412,10.86218,Học viện Thanh Thiếu niên Việt Nam,bus_stop,platform,,,,yes,,,,698229.6999878965,1201331.992834985
11793308577,106.8134893,10.8574287,Cầu Xây,bus_stop,platform,,,,yes,,,,698238.0948645099,1200806.4293535156
11793308578,106.8135539,10.8548293,Đường Cầu Xây,bus_stop,platform,,,,yes,,,,698246.8735134429,1200518.9225938797
11793308579,106.8136434,10.8507024,Ngã ba Mỹ Thành,bus_stop,platform,,,,yes,,,,698259.3819822993,1200062.458164192
11793308580,106.8128636,10.8501006,Ngã ba Mỹ Thành,bus_stop,platform,,,,yes,,,,698174.5077609234,1199995.3781557041
11793308581,106.8074275,10.8487781,Công ty FILIED,bus_stop,platform,,,,yes,,,,697580.9407760404,1199845.5457137271
11793308582,106.8001504,10.8470045,Chung cư C7,bus_stop,platform,,,,yes,,,,696786.3516161528,1199644.632523012
11793308583,106.7944394,10.8455719,Đại học Giao thông Vận tải,bus_stop,platform,,,,yes,,,,696162.7873837545,1199482.470397837
11793308584,106.79052,10.8446338,Bệnh viện Quận 9,bus_stop,platform,,,,yes,,,,695734.8099356601,1199376.1741276297
11793308585,106.7882355,10.8449127,Chợ Tăng Nhơn Phú A,bus_stop,platform,,,,yes,,,,695484.8174109324,1199405.557617932
11793308586,106.7841145,10.8442234,Chợ Hiệp Phú,bus_stop,platform,,,,yes,,,,695034.6318784803,1199326.6635113799
11793308587,106.7816787,10.8443491,Trạm y tế Phường Hiệp Phú,bus_stop,platform,,,,yes,,,,694768.1949859998,1199339.0084981997
11793308588,106.7776189,10.8467007,Bệnh viện 7C - Trường Quận y 2,bus_stop,platform,,,,yes,,,,694322.7363747382,1199596.545344753
11793308589,106.7750467,10.8483836,Siêu thi CoopMart - Xa lộ Hà Nội,bus_stop,platform,,,,yes,,,,694040.3829848578,1199781.0645940488
11793308590,106.7104745,10.8029749,Chợ Hàng Xanh,bus_stop,platform,,,,yes,,,,687007.8043836677,1194717.7322156949
11793308592,106.707092,10.7772275,Bảo tàng Tôn Đức Thắng,bus_stop,platform,,,,yes,,,,686653.7806631764,1191867.6172815023
11793308599,106.7748613,10.8169042,Trường Trung học phổ thông Phước Long,bus_stop,platform,,,,yes,,,,694040.3894530592,1196298.7293090746
11793308600,106.7766625,10.8184883,Đường 359,bus_stop,platform,,,,yes,,,,694236.3482744333,1196475.1068338144
11793308601,106.7779701,10.8192468,Chung cư Khang Điền,bus_stop,platform,,,,yes,,,,694378.857700992,1196559.8442108382
11793308602,106.7787666,10.8203908,Đường 185,bus_stop,platform,,,,yes,,,,694465.2245172734,1196686.900063444
11793308603,106.7807712,10.8245175,Ngã ba Bằng Lăng,bus_stop,platform,,,,yes,,,,694681.7803059297,1197144.6710254645
11793308604,106.7830633,10.8297456,Trường Trung học cơ sở Tăng Nhơn Phú B,bus_stop,platform,,,,yes,,,,694929.0565463966,1197724.464487401
11793308605,106.7837044,10.8311097,Đình Phong Phú,bus_stop,platform,,,,yes,,,,694998.281444266,1197875.7705514065
11793308606,106.7824352,10.8356163,UBND Phường Tăng Nhơn Phú B,bus_stop,platform,,,,yes,,,,694856.5721077975,1198373.4757553032
11793308607,106.7807755,10.8400264,Trung tâm Giáo dục Thường xuyên Quận 9,bus_stop,platform,,,,yes,,,,694672.2263965758,1198860.2565519316
11793308608,106.7812423,10.8438331,Cổng Đình,bus_stop,platform,,,,yes,,,,694720.8085229236,1199281.6496708007
11793308611,106.7321969,10.8392106,Chợ Hiệp Bình,bus_stop,platform,,,,yes,,,,689360.6504766715,1198739.3789770617
11793308612,106.7309204,10.8430988,Đường 38,bus_stop,platform,,,,yes,,,,689218.621404032,1199168.6846717435
11793308613,106.728076,10.8451708,Đường Tam Bình,bus_stop,platform,,,,yes,,,,688906.2915477285,1199396.1151413429
11793308614,106.7215963,10.8474312,Trường Trung học phổ thông Hiệp Bình,bus_stop,platform,,,,yes,,,,688196.3428717108,1199642.1371448105
11793308615,106.7288957,10.8449278,Đường Tam Bình,bus_stop,platform,,,,yes,,,,688996.0759418779,1199369.744270966
11793308616,106.7309681,10.8426651,Đường 38,bus_stop,platform,,,,yes,,,,689224.1100310462,1199120.7399244925
11793308617,106.732271,10.8386256,Chợ Hiệp Bình,bus_stop,platform,,,,yes,,,,689369.1212873178,1198674.714348621
11793308618,106.7811532,10.8434396,Cổng Đình,bus_stop,platform,,,,yes,,,,694711.3200607424,1199238.0639587622
11793308619,106.7803737,10.8398721,Trung tâm Giáo dục Thường xuyên Quận 9,bus_stop,platform,,,,yes,,,,694628.3886539517,1198842.9311191123
11793308620,106.7824099,10.8351316,UBND Phường Tăng Nhơn Phú B,bus_stop,platform,,,,yes,,,,694854.1191277091,1198319.8423685215
11793308621,106.7835309,10.8309255,Đình Phong Phú,bus_stop,platform,,,,yes,,,,694979.4275569537,1197855.2834346318
11793308622,106.782758,10.8293558,Trường Trung học cơ sở Tăng Nhơn Phú B,bus_stop,platform,,,,yes,,,,694895.922449839,1197681.1498049516
11793308623,106.7809212,10.8242347,Ngã ba Bằng Lăng,bus_stop,platform,,,,yes,,,,694698.3665824449,1197113.483697849
11793308624,106.7785656,10.8201762,Đường 185,bus_stop,platform,,,,yes,,,,694443.381790478,1196663.0330727967
11793308625,106.7777704,10.8192329,Chung cư Khang Điền,bus_stop,platform,,,,yes,,,,694357.0276425282,1196558.1793612286
11793308626,106.7762355,10.8181753,Đường 359,bus_stop,platform,,,,yes,,,,694189.8533785717,1196440.2112770246
11793308627,106.7748801,10.8170175,Trường Trung học phổ thông Phước Long,bus_stop,platform,,,,yes,,,,694042.3725310274,1196311.2743770152
11793308628,106.7714677,10.8174764,84-86 Đại lộ 2,bus_stop,platform,,,,yes,,,,693668.8989336668,1196359.869115184
11793308632,106.6886438,10.9000886,Cầu Võng,bus_stop,platform,,,,yes,,,,684560.7602979533,1205446.6214970984
11793308633,106.6868502,10.903887,Trường Trung học cơ sở Đặng Công Bỉnh,bus_stop,platform,,,,yes,,,,684362.335132525,1205865.6873098738
11793308634,106.6841275,10.9105884,Cầu Bà Hồng,bus_stop,platform,,,,yes,,,,684060.556565664,1206605.3021897993
11793308635,106.6811021,10.9133371,Công ty Hải Hưng Thịnh,bus_stop,platform,,,,yes,,,,683728.1285249752,1206907.508827485
11793308636,106.67679,10.9119484,Xã Nhị Bình,bus_stop,platform,,,,yes,,,,683257.5832458731,1206751.2830529865
11793308637,106.6742684,10.9112706,Trường Tiểu học Võ Văn Thặng,bus_stop,platform,,,,yes,,,,682982.337224685,1206674.7824623582
11793308638,106.6689694,10.9099152,Nhị Bình 6,bus_stop,platform,,,,yes,,,,682403.8781092567,1206521.656628517
11793308639,106.6640321,10.908822,Phà An Sơn,bus_stop,platform,,,,yes,,,,681864.7968509077,1206397.7619156877
11793312773,106.6636793,10.908593,Phà An Sơn,bus_stop,platform,,,,yes,,,,681826.3678604546,1206372.2194309896
11793312774,106.6689677,10.9097868,Nhị Bình 6,bus_stop,platform,,,,yes,,,,682403.7705885337,1206507.4528082204
11793312775,106.6732532,10.9108213,Trường Tiểu học Võ Văn Thặng,bus_stop,platform,,,,yes,,,,682871.6303912716,1206624.4697707372
11793312776,106.6766673,10.9117664,Xã Nhị Bình,bus_stop,platform,,,,yes,,,,683244.2812489378,1206731.0769590086
11793312777,106.6810338,10.913169,Công ty Hải Hưng Thịnh,bus_stop,platform,,,,yes,,,,683720.7653109675,1206888.8730713273
11793312778,106.6845354,10.9090927,Trung tâm học tập cộng đồng xã Nhị Bình,bus_stop,platform,,,,yes,,,,684106.0694054244,1206440.1042828825
11793312779,106.6868288,10.9035294,Văn phòng Ấp 2 xã Nhị Bình,bus_stop,platform,,,,yes,,,,684360.2159626047,1205826.1185049596
11793312780,106.6885916,10.8997093,Cầu Võng,bus_stop,platform,,,,yes,,,,684555.2874262251,1205404.6335492677
11799114419,106.6648669,10.7424617,Quận ủy Quận 8,bus_stop,platform,,,,yes,,,,682056.5146295568,1187996.6679916673
11799114424,106.6696219,10.7541432,Siêu thị Điện máy,bus_stop,platform,,,,yes,,,,682569.5969643441,1189291.6114503946
11799114427,106.6787945,10.8218589,Xóm Cháy,bus_stop,platform,,,,yes,,,,683531.778298452,1196787.3464990759
11799114428,106.6691677,10.7582578,Trường Trung học phổ thông Trần Khải Nguyên,bus_stop,platform,,,,yes,,,,682517.4427567398,1189746.4681973138
11799114431,106.6688117,10.7408961,Sân vận động Quận 8,bus_stop,platform,,,,yes,,,,682488.9409069149,1187825.8333973945
11799114433,106.6661825,10.7410956,Tòa án Quận 8,bus_stop,platform,,,,yes,,,,682201.2353489002,1187846.3402818767
11799114453,106.8167261,10.8838605,Công ty Nam Hàn,bus_stop,platform,,,,yes,,,,698574.539636205,1203732.468287064
11799114454,106.8194693,10.8877103,Khu tưởng niệm các Vua Hùng,bus_stop,platform,,,,yes,,,,698871.9203329738,1204160.1377315642
11799114455,106.823737,10.8935331,Trạm xăng Hiệp Phú,bus_stop,platform,,,,yes,,,,699334.6612794693,1204807.070958707
11799114456,106.8297319,10.8978317,Ngã ba Tân Vạn,bus_stop,platform,,,,yes,,,,699987.2410614546,1205286.5432340838
11799114459,106.8336652,10.8997597,Chung cư Samsora Riverside,bus_stop,platform,,,,yes,,,,700415.991544272,1205502.423862037
11799114460,106.8228292,10.8927182,Công ty TNHH Thuận Thành Tâm,bus_stop,platform,,,,yes,,,,699235.9494866914,1204716.3279592474
11799114461,106.8129235,10.8792472,Công ty Cổ phần Đức Khải,bus_stop,platform,,,,yes,,,,698161.8216143493,1203219.65120275
11799344237,106.7212107,10.8938645,Khu công nghiệp Đồng An,bus_stop,platform,,,,yes,,,,688125.0708250272,1204778.1740806205
11799344238,106.7241098,10.8920647,Chợ Đồng An,bus_stop,platform,,,,yes,,,,688443.1587845007,1204580.8880475326
11799344239,106.72766,10.8899468,Ngã ba Linh Trung 2,bus_stop,platform,,,,yes,,,,688832.6364236455,1204348.8229161943
11799344240,106.7287458,10.8846308,Nhà hàng Song Sinh,bus_stop,platform,,,,yes,,,,688954.699844906,1203761.4610976235
11799344241,106.7292434,10.8819382,UBND Phường Bình Chiểu,bus_stop,platform,,,,yes,,,,689010.8015544213,1203463.9246140008
11799344242,106.7305142,10.8791271,Chợ Bình Chiểu,bus_stop,platform,,,,yes,,,,689151.516153013,1203153.761985519
11799344243,106.7319028,10.8761601,Cây xăng Bình Chiểu,bus_stop,platform,,,,yes,,,,689305.2111439689,1202826.4279202472
11799344244,106.7320572,10.8738384,Ngã tư Gò Dưa,bus_stop,platform,,,,yes,,,,689323.5578083968,1202569.7051598714
11799344246,106.732088,10.8741831,Ngã tư Gò Dưa,bus_stop,platform,,,,yes,,,,689326.707859118,1202607.8539879418
11799344247,106.7320392,10.8769637,Cây xăng Bình Chiểu,bus_stop,platform,,,,yes,,,,689319.6173492469,1202915.4046953428
11799344248,106.7302546,10.8794886,Chợ Bình Chiểu,bus_stop,platform,,,,yes,,,,689122.9048673274,1203193.5881053708
11799344249,106.7293976,10.8816673,UBND Phường Bình Chiểu,bus_stop,platform,,,,yes,,,,689027.8316072196,1203434.0546375923
11799344250,106.7288714,10.8844212,Nhà hàng Song Sinh,bus_stop,platform,,,,yes,,,,688968.5641707366,1203738.3541009752
11799344251,106.7280119,10.8897399,Ngã ba Linh Trung,bus_stop,platform,,,,yes,,,,688871.2403181515,1204326.1555815348
11799344252,106.7244628,10.8919771,Chợ Đồng An,bus_stop,platform,,,,yes,,,,688481.8072851363,1204571.4175742771
11799344253,106.7216355,10.8937267,Khu công nghiệp Đồng An,bus_stop,platform,,,,yes,,,,688171.6003135134,1204763.1949328005
11799344257,106.8036064,10.8676846,Xa lộ Hà Nội,bus_stop,platform,,,,yes,,,,697150.6973355194,1201934.5169092785
11799722413,106.7182555,10.8678284,Cầu Vĩnh Bình,bus_stop,platform,,,,yes,,,,687818.291110587,1201896.3286595116
11799722414,106.722574,10.8670592,Xây dựng Ngọc Đào,bus_stop,platform,,,,yes,,,,688290.9510576539,1201813.9166357578
11809731180,106.7092208,10.8137281,Ngã tư Đinh Bộ Lĩnh,bus_stop,platform,,,,yes,,,,686864.0420291636,1195906.4319170043
11809731181,106.7073398,10.8158273,Nhà sách Miền Đông,bus_stop,platform,,,,yes,,,,686657.0421636945,1196137.4841133703
11809731182,106.7047586,10.8186921,Ngã tư Nơ Trang Long,bus_stop,platform,,,,yes,,,,686373.0011906456,1196452.796186692
11809731183,106.7006504,10.8162668,Cầu Rạch Lăng,bus_stop,platform,,,,yes,,,,685925.2429020957,1196182.015513464
11809731184,106.7010906,10.8125978,Học viện Cán bộ Thành phố,bus_stop,platform,,,,yes,,,,685975.6429174138,1195776.4382400706
11809731205,106.7047121,10.8185784,Ngã tư Nơ Trang Long,bus_stop,platform,,,,yes,,,,686367.986425315,1196440.1908570789
11809731207,106.7091373,10.8136658,Ngã tư Đinh Bộ Lĩnh,bus_stop,platform,,,,yes,,,,686854.949266653,1195899.4894699384
11811380950,106.6889316,10.773994,Võ Văn Tần,bus_stop,platform,,,,yes,,,,684669.5491185421,1191498.9372864575
11811380956,106.8090956,10.8713269,Nghĩa trang Liệt sĩ Thành phố Hồ Chí Minh,bus_stop,platform,,,,yes,,,,697748.5035887874,1202341.0009870545
11811380957,106.8129463,10.8704038,Ngã ba Lâm Viên 1,bus_stop,platform,,,,yes,,,,698170.1564902419,1202241.3973309523
11811380958,106.8145223,10.8718787,Đường Hoàng Hữu Nam,bus_stop,platform,,,,yes,,,,698341.505449049,1202405.581946642
11811380965,106.6701618,10.7546862,Bệnh viện Nguyễn Tri Phương,bus_stop,platform,,,,yes,,,,682628.3227458228,1189351.9953957582
11811380968,106.6866007,10.7505297,Cầu Nguyễn Văn Cừ,bus_stop,platform,,,,yes,,,,684428.8881884175,1188902.0614765016
11811394770,106.695357,10.7516593,Bệnh viện Tân Hưng,bus_stop,platform,,,,yes,,,,685385.9561776047,1189032.285278066
11811394771,106.6979435,10.7516854,Chùa Kiều Đàm,bus_stop,platform,,,,yes,,,,685668.8494682794,1189036.7356258205
11811394772,106.7013157,10.7517077,UBND Phường Tân Hưng,bus_stop,platform,,,,yes,,,,686037.6847810193,1189041.244121057
11811394774,106.7014092,10.7435983,Ngã ba Tân Quy,bus_stop,platform,,,,yes,,,,686052.8806244542,1188144.2848991854
11811394783,106.7263143,10.7527507,Khu chế xuất Tân Thuận,bus_stop,platform,,,,yes,,,,688771.3849256295,1189171.8789690435
11811394784,106.7203918,10.7514426,Đại học Tài chính - Marketing,bus_stop,platform,,,,yes,,,,688124.3914039959,1189023.5465620952
11811394793,106.7016785,10.7441755,Ngã ba Tân Quy,bus_stop,platform,,,,yes,,,,686081.983690239,1188208.2946102035
11811394794,106.704609,10.7518454,Ngã ba Tân Quy,bus_stop,platform,,,,yes,,,,686397.8197253025,1189058.4736847777
11811394796,106.6977776,10.7517814,Chùa Kiều Đàm,bus_stop,platform,,,,yes,,,,685650.6447344557,1189047.2542416507
11811394797,106.6947441,10.7517569,Bệnh viện Tân Hưng,bus_stop,platform,,,,yes,,,,685318.8581383856,1189042.7111091036
11811394798,106.6930016,10.7515194,Cầu Rạch Ông,bus_stop,platform,,,,yes,,,,685128.4100861186,1189015.3888306508
11811394800,106.6795125,10.7578375,Trường Tiểu học Bầu Sen,bus_stop,platform,,,,yes,,,,683649.1662066224,1189706.1512762276
11811394801,106.6752905,10.7560518,Bệnh viện Nguyễn Trãi,bus_stop,platform,,,,yes,,,,683188.459241496,1189506.105408211
11811394802,106.6732582,10.755405,Trần Phú,bus_stop,platform,,,,yes,,,,682966.5635785807,1189433.3483912342
11813095032,106.6625977,10.813892,Ga Quốc nội Sân bay Tân Sơn Nhất,bus_stop,platform,,,,yes,,,,681765.4200005098,1195896.406363343
11813095034,106.6773431,10.7712061,Cao Thắng,bus_stop,platform,,,,yes,,,,683403.7980852189,1191183.5965637474
11813095035,106.6813376,10.7746603,Bệnh viện Bình Dân,bus_stop,platform,,,,yes,,,,683838.5850429677,1191568.0712723183
11813897493,106.8463216,10.8113835,Phim trường - Đối diện 168 Long Thuận,bus_stop,platform,,,,yes,,,,701859.1109910551,1195734.3767807067
11813897494,106.8430073,10.8119672,Cầu Trường Phước,bus_stop,platform,,,,yes,,,,701496.2503403228,1195796.7574580328
11813897495,106.8353728,10.8145763,Ngã ba Long Thuận,bus_stop,platform,,,,yes,,,,700659.5663790692,1196080.352515952
11813897496,106.8339407,10.8149816,Long Thuận - Nguyễn Xiển,bus_stop,platform,,,,yes,,,,700502.6768024084,1196124.2463599427
11813897497,106.8322501,10.8192233,Đường số 9,bus_stop,platform,,,,yes,,,,700314.9693091009,1196592.361707545
11813897498,106.8305114,10.8235834,Cây xăng Trường Thạnh,bus_stop,platform,,,,yes,,,,700121.927246836,1197073.543445245
11813897499,106.8287661,10.8249871,Lò Lu,bus_stop,platform,,,,yes,,,,699930.1293471023,1197227.6784906033
11813897500,106.8259275,10.8242173,Cầu Chùm Chụp,bus_stop,platform,,,,yes,,,,699620.2104027283,1197140.6617923665
11813897501,106.8207974,10.8264427,Chợ Trường Thạnh,bus_stop,platform,,,,yes,,,,699057.7134941554,1197383.4847529056
11813897502,106.8160649,10.8260175,Trường Mầm non Trường Thạnh,bus_stop,platform,,,,yes,,,,698540.4531795989,1197333.3622830852
11813897503,106.8130765,10.8254188,Kho bạc nhà nước Quận 9,bus_stop,platform,,,,yes,,,,698214.0393464488,1197265.1887823818
11813897504,106.8086909,10.8245711,Ngã ba Lò Lu,bus_stop,platform,,,,yes,,,,697734.991849783,1197168.5675970437
11813897505,106.803401,10.8317924,Ngã tư Samsung,bus_stop,platform,,,,yes,,,,697151.7698221374,1197963.9656342464
11813897506,106.7993848,10.8364886,Dốc Xóm Bến,bus_stop,platform,,,,yes,,,,696709.5070740021,1198480.864881119
11813897507,106.7967187,10.8399529,Ngã ba Xóm Bến,bus_stop,platform,,,,yes,,,,696415.6979726515,1198862.3656565691
11813897508,106.7984041,10.8425684,Khu phố 4,bus_stop,platform,,,,yes,,,,696598.2923192142,1199152.7808424118
11813897509,106.7987763,10.8460915,Ngã ba Nghêu Sò,bus_stop,platform,,,,yes,,,,696636.6903247096,1199542.7477723628
11813897510,106.7985875,10.8481205,Chung cư C5,bus_stop,platform,,,,yes,,,,696614.7185741,1199767.0744525632
11813897511,106.7955991,10.8506264,Trường Mầm non Tuổi Hồng,bus_stop,platform,,,,yes,,,,696286.302205316,1200042.3479138461
11813897512,106.7909487,10.853238,Chung cư C3,bus_stop,platform,,,,yes,,,,695776.0869075969,1200328.245831164
11813897513,106.7877216,10.850832,Học viện Chính trị - Hành chính,bus_stop,platform,,,,yes,,,,695424.7759204154,1200060.018957375
11813897514,106.7871293,10.8481341,Học viện Bưu chính,bus_stop,platform,,,,yes,,,,695361.7617627367,1199761.197546468
11813897515,106.786624,10.8456092,Ngã ba Lê Văn Việt,bus_stop,platform,,,,yes,,,,695308.1471660002,1199481.5695251822
11813897516,106.7867235,10.8458851,Ngã ba Lê Văn Việt,bus_stop,platform,,,,yes,,,,695318.8483498027,1199512.1533527563
11813897517,106.7873331,10.8485738,Học viện Bưu chính,bus_stop,platform,,,,yes,,,,695383.7614514767,1199809.967910353
11813897518,106.7877128,10.8502049,Học viện Chính trị - Hành chính,bus_stop,platform,,,,yes,,,,695424.22124033,1199990.6436572133
11813897519,106.7910507,10.853084,Chung cư C3,bus_stop,platform,,,,yes,,,,695787.3406554805,1200311.2760271048
11813897520,106.7956035,10.8504404,Trường Mầm non Tuổi Hồng,bus_stop,platform,,,,yes,,,,696286.9047649896,1200021.7753965768
11813897521,106.7986764,10.8478112,Chung cư C5,bus_stop,platform,,,,yes,,,,696624.6419872236,1199732.9170306078
11813897522,106.7987849,10.8458104,Ngã ba Nghêu Sò,bus_stop,platform,,,,yes,,,,696637.8144971807,1199511.6579499748
11813897523,106.7983796,10.8428108,Khu phố 4,bus_stop,platform,,,,yes,,,,696595.4548238866,1199179.5793801928
11813897524,106.797247,10.8403657,Ngã ba Xóm Bến,bus_stop,platform,,,,yes,,,,696473.1995061362,1198908.3705535515
11813897525,106.7993857,10.8362188,Dốc Xóm Bến,bus_stop,platform,,,,yes,,,,696709.7817683001,1198451.0201000506
11813897526,106.8036934,10.8310984,Ngã tư Samsung,bus_stop,platform,,,,yes,,,,697184.1998293872,1197887.3842005876
11813897527,106.8085137,10.8244402,Ngã ba Lò Lu,bus_stop,platform,,,,yes,,,,697715.6993173887,1197153.9724214918
11813897528,106.8124721,10.8252142,Kho bạc nhà nước Quận 9,bus_stop,platform,,,,yes,,,,698148.0773814605,1197242.162826791
11813897529,106.8156796,10.825813,Trường Mầm non Trường Thạnh,bus_stop,platform,,,,yes,,,,698498.4519316112,1197310.4893388865
11813897530,106.8211701,10.8262375,Chợ Trường Thạnh,bus_stop,platform,,,,yes,,,,699098.607137243,1197361.028621924
11813897531,106.8260627,10.8240282,Cầu Chùm Chụp,bus_stop,platform,,,,yes,,,,699635.1211221713,1197119.8317379954
11813897532,106.8289756,10.8249607,Lò Lu,bus_stop,platform,,,,yes,,,,699953.0577618908,1197224.895466369
11813897533,106.8304806,10.8233977,Cây xăng Trường Thạnh,bus_stop,platform,,,,yes,,,,700118.6822267433,1197052.9807218236
11813897534,106.832219,10.818983,Đường số 9,bus_stop,platform,,,,yes,,,,700311.7277644338,1196565.7587961468
11813897535,106.8338226,10.8150514,Long Thuận - Nguyễn Xiển,bus_stop,platform,,,,yes,,,,700489.7145465758,1196131.8901894887
11813897536,106.8351892,10.8144568,Ngã ba Long Thuận,bus_stop,platform,,,,yes,,,,700639.5666125214,1196067.0124380242
11813897537,106.8430332,10.8118824,Cầu Trường Phước,bus_stop,platform,,,,yes,,,,701499.1395296375,1195787.3937534494
11813897538,106.8463406,10.8113178,Phim trường - Đường Long Thuận,bus_stop,platform,,,,yes,,,,701861.2328891761,1195727.121423619
11816034710,106.7057283,10.7917813,Bên Thuyên Nội Dô City Boat Station,,station,ferry_terminal,,,,,,,686495.6616361642,1193476.6521895565
11816043135,106.6836529,10.7876526,,,station,ferry_terminal,,,,,,,684083.9078541915,1193006.5869426169
11838346581,106.7621019,10.7877483,Nhà thiếu nhi Quận 2,bus_stop,platform,,,,yes,,,,692663.6244026741,1193065.476362045
11838346582,106.7646237,10.7875189,Công ty Bình An,bus_stop,platform,,,,yes,,,,692939.5793443497,1193041.6898806544
11838346583,106.7821147,10.790373,Ngã ba Đỗ Xuân Hợp,bus_stop,platform,,,,yes,,,,694850.737784493,1193368.4933578507
11838346584,106.7846835,10.7905371,Công ty Thành Công,bus_stop,platform,,,,yes,,,,695131.5812905871,1193388.2836907753
11838346586,106.7909941,10.7908557,Vành đai trong - 36 Nguyễn Duy Trinh,bus_stop,platform,,,,yes,,,,695821.5658436748,1193427.560455512
11838346587,106.7942398,10.7910208,Trường Hoa Hồng Đỏ,bus_stop,platform,,,,yes,,,,696176.4417152121,1193447.9038518036
11838346588,106.7978543,10.7912089,UBND Phường Phú Hữu,bus_stop,platform,,,,yes,,,,696571.6386386809,1193471.032367568
11838346589,106.8006236,10.7913787,Nhà thờ Phú Hữu,bus_stop,platform,,,,yes,,,,696874.407755903,1193491.5970491343
11838346590,106.8039066,10.7919933,Cầu Huyện Thanh,bus_stop,platform,,,,yes,,,,697233.0704833708,1193561.699701113
11838346591,106.8071289,10.793303,Cao tốc Dầu Giây,bus_stop,platform,,,,yes,,,,697584.639248935,1193708.6595184356
11838346592,106.8088942,10.7991908,Đường số 1,bus_stop,platform,,,,yes,,,,697773.8574516729,1194361.1128136478
11838346593,106.8115701,10.801434,Trường Trung học cơ sở Long Trường,bus_stop,platform,,,,yes,,,,698065.045145578,1194610.990413427
11838346594,106.8147691,10.8037947,Đường số 6,bus_stop,platform,,,,yes,,,,698413.3611794405,1194874.2089885778
11838346595,106.8166418,10.8050653,UBND Phường Long Trường,bus_stop,platform,,,,yes,,,,698617.336791367,1195015.9811882288
11838346597,106.8265746,10.807594,Ngã ba Tam Đa,bus_stop,platform,,,,yes,,,,699701.9820347265,1195302.1871150248
11838346598,106.8299719,10.8095565,Trạm y tế - 1786 Nguyễn Duy Trinh,bus_stop,platform,,,,yes,,,,700072.231040664,1195521.506469613
11838346599,106.831935,10.8105959,Cầu Võ Khế,bus_stop,platform,,,,yes,,,,700286.2369575594,1195637.7741577262
11838346601,106.8316358,10.8105999,Cầu Võ Khế,bus_stop,platform,,,,yes,,,,700253.5122064567,1195638.0203589783
11838346602,106.8295533,10.8094728,Trạm y tế - Nguyễn Duy Trinh,bus_stop,platform,,,,yes,,,,700026.5060857404,1195511.9731298736
11838346603,106.826537,10.8077047,Ngã ba Tam Đa,bus_stop,platform,,,,yes,,,,699697.7966423775,1195314.408345876
11838346604,106.8210729,10.8061433,Chợ Long Trường,bus_stop,platform,,,,yes,,,,699101.2401686283,1195138.1160314858
11838346605,106.816765,10.8052889,UBND Phường Long Trường,bus_stop,platform,,,,yes,,,,698630.6636532035,1195040.796186901
11838346606,106.8146068,10.8037838,Đường số 6,bus_stop,platform,,,,yes,,,,698395.6181096453,1194872.8978034756
11838346607,106.8119187,10.8018297,Trường Trung học cơ sở Long Trường,bus_stop,platform,,,,yes,,,,698102.911137593,1194654.989074449
11838346608,106.8090747,10.7994581,Đường số 1,bus_stop,platform,,,,yes,,,,697793.4234098516,1194390.798530007
11838346609,106.8042459,10.7921918,Cầu Huyện Thanh,bus_stop,platform,,,,yes,,,,697270.0503669449,1193583.876694978
11838346610,106.8002297,10.7914715,Nhà thờ Phú Hữu,bus_stop,platform,,,,yes,,,,696831.2663094887,1193501.6090397674
11838346611,106.7979274,10.7913569,UBND Phường Phú Hữu,bus_stop,platform,,,,yes,,,,696579.5373944545,1193487.4511069797
11838346612,106.7946444,10.7911504,Trường Hoa Hồng Đỏ,bus_stop,platform,,,,yes,,,,696220.6088284552,1193462.4997376334
11838346613,106.790745,10.790944,Vành đai trong - 817 Nguyễn Duy Trinh,bus_stop,platform,,,,yes,,,,695794.2645655652,1193437.1686753845
11838346614,106.788041,10.7908018,Cầu Xây Dựng,bus_stop,platform,,,,yes,,,,695498.6199493129,1193419.7087892455
11838346615,106.7845192,10.7906238,Công ty Thành Công,bus_stop,platform,,,,yes,,,,695113.5558721281,1193397.7695533482
11838346616,106.7822253,10.7905033,Ngã ba Đỗ Xuân Hợp,bus_stop,platform,,,,yes,,,,694862.750121916,1193382.977484387
11838346617,106.7655598,10.7878413,Công ty Bình An,bus_stop,platform,,,,yes,,,,693041.7547681093,1193077.9436777586
11838346618,106.7618731,10.7878674,Nhà thiếu nhi Quận 2,bus_stop,platform,,,,yes,,,,692638.5247704872,1193078.5068712176
11838346619,106.7584572,10.7882279,Trường Trung học cơ sở Giồng Ông Tố,bus_stop,platform,,,,yes,,,,692264.7002619975,1193116.2356602054
11845929806,106.787525,10.8648435,Đường 17,bus_stop,platform,,,,yes,,,,695394.1661726937,1201609.8418124034
11845929807,106.7859747,10.8622118,Ngã ba Đường 17,bus_stop,platform,,,,yes,,,,695226.3625142884,1201317.7270980466
11845929808,106.7839321,10.8611919,Hẻm 64,bus_stop,platform,,,,yes,,,,695003.6788486178,1201203.594511826
11845929809,106.7796737,10.860995,Bệnh viện Đa khoa Thủ Đức,bus_stop,platform,,,,yes,,,,694538.1755314386,1201179.084127003
11845929810,106.7771431,10.8577915,Công ty Dệt Việt Thắng,bus_stop,platform,,,,yes,,,,694263.5411529322,1200823.096600504
11845929811,106.7750456,10.8560771,Trường Tiểu học Hoàng Diệu,bus_stop,platform,,,,yes,,,,694035.2970196462,1200632.1115626649
11845929813,106.7448876,10.8649577,Đường Tam Châu,bus_stop,platform,,,,yes,,,,690732.039687176,1201595.3766983845
11845929814,106.7446783,10.8677077,Rửa xe Ba Lực,bus_stop,platform,,,,yes,,,,690707.4078980415,1201899.4433049678
11845929815,106.7434499,10.8700837,Giáo xứ Tam Hải,bus_stop,platform,,,,yes,,,,690571.5865818074,1202161.4991801514
11845929816,106.7386648,10.8701311,Chợ Tam Bình,bus_stop,platform,,,,yes,,,,690048.3604141395,1202163.7433185698
11845929817,106.735473,10.8689405,Nhà sách Tam Bình,bus_stop,platform,,,,yes,,,,689700.1266895229,1202030.0468343643
11845929818,106.7289267,10.8304323,Trường Mầm non Hiệp Bình Chánh,bus_stop,platform,,,,yes,,,,689008.566131502,1197766.3233640692
11845929819,106.7310825,10.8274596,Bến tàu Hiệp Bình Chánh,bus_stop,platform,,,,yes,,,,689246.1752607404,1197438.8317031045
11845929824,106.7292654,10.8320505,Trường Tiểu học Hiệp Bình Chánh,bus_stop,platform,,,,yes,,,,689044.5882614404,1197945.5328906972
11845929825,106.7352998,10.8687745,Nhà sách Tam Bình,bus_stop,platform,,,,yes,,,,689681.2941231106,1202011.5762288817
11845929826,106.7385424,10.869966,Chợ Tam Bình,bus_stop,platform,,,,yes,,,,690035.0819240578,1202145.4038202486
11845929827,106.7416223,10.8711957,Khu phố 2 Gò Dưa,bus_stop,platform,,,,yes,,,,690371.053829022,1202283.3591951074
11845929828,106.7432304,10.8703285,Giáo xứ Tam Hải,bus_stop,platform,,,,yes,,,,690547.4313098742,1202188.4405658748
11845929829,106.74463,10.8646889,Đường Tam Châu,bus_stop,platform,,,,yes,,,,690704.0442417434,1201565.4810041937
11845929830,106.7564545,10.8511323,Bãi xe Phường Bình Thọ,bus_stop,platform,,,,yes,,,,692005.6105763955,1200073.324356929
11845929831,106.7731842,10.853871,Nhà máy Nước Thủ Đức,bus_stop,platform,,,,yes,,,,693833.1840311565,1200386.8876839273
11845929832,106.7753195,10.8561191,Trường Tiểu học Hoàng Diệu,bus_stop,platform,,,,yes,,,,694065.2196515418,1200636.932389647
11845929833,106.777512,10.8582637,Công ty Dệt Việt Thắng,bus_stop,platform,,,,yes,,,,694303.5731889242,1200875.5667816417
11845929834,106.7800866,10.8609389,Bệnh viện Đa khoa Thủ Đức,bus_stop,platform,,,,yes,,,,694583.3600294649,1201173.142737822
11845929835,106.7830568,10.8610598,Hẻm 64,bus_stop,platform,,,,yes,,,,694908.0556086776,1201188.4201092084
11845929836,106.7865234,10.8624017,Ngã ba Đường 17,bus_stop,platform,,,,yes,,,,695286.2360678725,1201339.0863916148
11845929837,106.7875739,10.8638144,Đường 17,bus_stop,platform,,,,yes,,,,695400.1827024007,1201496.034396043
11845929847,106.6728514,10.7559597,Cây xăng dầu - 309 Trần Phú,bus_stop,platform,,,,yes,,,,682921.734766531,1189494.462816248
11845929848,106.6767711,10.7617237,Thanh tra Sở Giao thông Vận tải,bus_stop,platform,,,,yes,,,,683346.973621942,1190134.37616892
11845929849,106.6748694,10.7667526,Ngã bảy Lý Thái Tổ,bus_stop,platform,,,,yes,,,,683135.9383715646,1190689.5017336183
11845929851,106.6969147,10.8058426,Bệnh viện Ung Bướu,bus_stop,platform,,,,yes,,,,685523.1294749649,1195026.6740858476
11845929852,106.6733463,10.7700566,Công an Phường 10,bus_stop,platform,,,,yes,,,,682967.358221843,1191054.0574545774
11845929853,106.6746194,10.7668474,Ngã bảy Lý Thái Tổ,bus_stop,platform,,,,yes,,,,683108.5379546564,1190699.838499665
11845929854,106.6760128,10.7619894,Ngã tư Trần Nhân Tông,bus_stop,platform,,,,yes,,,,683263.8743726021,1190163.312811493
11845929856,106.6709804,10.7587259,Bệnh viện 30/4,bus_stop,platform,,,,yes,,,,682715.4255907456,1189799.3251095028
11845929858,106.7548198,10.8520669,Trường Tiểu học Nguyễn Trung Trực,bus_stop,platform,,,,yes,,,,691826.2658635891,1200175.676421837
11845929860,106.7589588,10.8585338,Phòng khám Đa khoa Á Châu,bus_stop,platform,,,,yes,,,,692274.7118352577,1200893.6467569713
11845929867,106.7607008,10.8605876,Ngã ba Hoàng Diệu 2,bus_stop,platform,,,,yes,,,,692463.8730506374,1201121.937111832
11845929868,106.7586574,10.858364,Phòng khám Đa khoa Á Châu,bus_stop,platform,,,,yes,,,,692241.8642628978,1200874.6731485385
11846011869,106.7547707,10.8517334,Trường Tiểu học Nguyễn Trung Trực,bus_stop,platform,,,,yes,,,,691821.109763967,1200138.7543769898
11846011870,106.7527988,10.848432,BXB Linh Đông,bus_stop,platform,,,,yes,,,,691607.5941099306,1199772.317813738
11846011871,106.6998278,10.7888191,UBND Phường Đakao,bus_stop,platform,,,,yes,,,,685852.1738703711,1193145.397868305
11846011872,106.6980755,10.7869617,Mạc Đĩnh Chi,bus_stop,platform,,,,yes,,,,685661.6721021318,1192938.8786033283
11846011873,106.6964717,10.7852597,Hai Bà Trưng,bus_stop,platform,,,,yes,,,,685487.3136892453,1192749.6402808833
11847376736,106.7704719,10.770673,Khu dân cư Thạnh Mỹ Lợi,bus_stop,platform,,,,yes,,,,693589.9699737318,1191181.9190398648
11847376737,106.7576053,10.7739726,Trường Tiểu học Lương Thế Vinh,bus_stop,platform,,,,yes,,,,692180.5799156857,1191538.81302438
11847376738,106.7567301,10.7774667,UBND Thành phố Thủ Đức,bus_stop,platform,,,,yes,,,,692082.6390908143,1191924.772794649
11847376739,106.7623735,10.8261208,Chợ Nam Hòa,bus_stop,platform,,,,yes,,,,692668.8406767261,1197310.3385897921
11847376740,106.7658413,10.8257566,Đường 122,bus_stop,platform,,,,yes,,,,693048.2982378122,1197272.2452020205
11847376741,106.7682083,10.8246352,Trường Mầm non Thỏ Ngọc,bus_stop,platform,,,,yes,,,,693307.863493492,1197149.6974812988
11847376742,106.7698408,10.8272267,Ngã ba Đỗ Xuân Hợp,bus_stop,platform,,,,yes,,,,693484.7245223118,1197437.4010674164
11847376743,106.7727124,10.8286624,Đường 61,bus_stop,platform,,,,yes,,,,693797.8274201227,1197598.0406472485
11847376744,106.7746012,10.8304181,Trường Cao đẳng Công Thương,bus_stop,platform,,,,yes,,,,694003.2474603378,1197793.4558650774
11847376745,106.7776366,10.8326538,Dệt Phong Phú,bus_stop,platform,,,,yes,,,,694333.7411369408,1198042.7010022644
11847376746,106.7796657,10.8333999,92 Tăng Nhơn Phú,bus_stop,platform,,,,yes,,,,694555.1499650726,1198126.5289816228
11847376747,106.7819011,10.8349193,Chùa Kim Linh,bus_stop,platform,,,,yes,,,,694798.6173627272,1198296.0324498615
11847376748,106.8128041,10.855779,Hoa cảnh Sài Gòn,bus_stop,platform,,,,yes,,,,698164.2580563218,1200623.4907640896
11847376749,106.8091678,10.8544745,Đường số 100,bus_stop,platform,,,,yes,,,,697767.4954704475,1200476.8178672506
11847376750,106.8056495,10.8535517,Trạm cuối đường Cầu Xây,bus_stop,platform,,,,yes,,,,697383.3825314187,1200372.4508277536
11847376751,106.8031881,10.8556307,Trạm đầu Nam Cao,bus_stop,platform,,,,yes,,,,697112.8695768502,1200600.8345404179
11847376752,106.8010365,10.8583179,Trường Trung học cơ sở Tân Phú,bus_stop,platform,,,,yes,,,,696875.8374301817,1200896.6999371105
11847376753,106.7995915,10.8602003,Trạm y tế Phường Tân Phú,bus_stop,platform,,,,yes,,,,696716.5996353182,1201103.9963505177
11847376755,106.7996588,10.8600187,Trạm y tế Phường Tân Phú,bus_stop,platform,,,,yes,,,,696724.0775080959,1201083.9512341556
11847376756,106.8010179,10.8582024,Trường Trung học cơ sở Tân Phú,bus_stop,platform,,,,yes,,,,696873.8792730358,1200883.911215588
11847376757,106.8027641,10.8559949,Trạm đầu Nam Cao,bus_stop,platform,,,,yes,,,,697066.2675021884,1200640.8477123757
11847376758,106.8063931,10.8535477,Trạm cuối đường Cầu Xây,bus_stop,platform,,,,yes,,,,697464.6964953194,1200372.491121575
11847376759,106.8096828,10.854579,Đường số 100,bus_stop,platform,,,,yes,,,,697823.7409482654,1200488.7127826882
11847376760,106.8127488,10.8556967,Hoa cảnh Sài Gòn,bus_stop,platform,,,,yes,,,,698158.2653906131,1200614.3505941338
11847376761,106.7816152,10.8346222,Chùa Kim Linh,bus_stop,platform,,,,yes,,,,694767.5453203921,1198262.9846322057
11847376762,106.7774216,10.832516,Dệt Phong Phú,bus_stop,platform,,,,yes,,,,694310.3188781117,1198027.320566379
11847376763,106.7741782,10.8301882,Trường Cao đẳng Công Thương,bus_stop,platform,,,,yes,,,,693957.1383669458,1197767.7553242152
11847376764,106.7724287,10.8284257,Đường 61,bus_stop,platform,,,,yes,,,,693766.9555110205,1197571.6768100448
11847376765,106.7690645,10.8272474,Ngã ba Đỗ Xuân Hợp,bus_stop,platform,,,,yes,,,,693399.8183614635,1197439.1982254507
11847376766,106.7680064,10.8247964,Trường Mầm non Thỏ Ngọc,bus_stop,platform,,,,yes,,,,693285.6810189595,1197167.4011796576
11847376767,106.7662053,10.8257485,Đường 122,bus_stop,platform,,,,yes,,,,693088.1090491182,1197271.579712158
11847376768,106.7625964,10.8261796,Chợ Nam Hòa,bus_stop,platform,,,,yes,,,,692693.1784837805,1197316.9838217539
11847381469,106.7576703,10.7735621,Trường Tiểu học Lương Thế Vinh,bus_stop,platform,,,,yes,,,,692187.949731929,1191493.445291245
11861137467,106.6623519,10.7777253,Thành Thái nối dài,bus_stop,platform,,,,yes,,,,681760.2874843483,1191895.7681540325
11861142570,106.6662336,10.7852335,Công viên Lê Thị Riềng,bus_stop,platform,,,,yes,,,,682180.3022530805,1192728.576986224
11861142572,106.6725889,10.8129939,Ngã tư Bạch Đằng,bus_stop,platform,,,,yes,,,,682858.5533340065,1195803.0326008566
11861142573,106.6741609,10.8136509,Ngã tư Kênh Nhật Bản - Hồng Hà,bus_stop,platform,,,,yes,,,,683030.0621034579,1195876.6477245355
11861142574,106.6776269,10.8140201,Vòng xoay Nguyễn Thái Sơn,bus_stop,platform,,,,yes,,,,683408.8644191613,1195919.5668265738
11861142585,106.6778013,10.8146535,Chợ Tân Sơn Nhất,bus_stop,platform,,,,yes,,,,683427.550981925,1195989.7342316615
11861142586,106.6754198,10.8154468,Ngân hàng Quận đội - 179 Bạch Đằng,bus_stop,platform,,,,yes,,,,683166.6396375075,1196076.053508808
11861142587,106.6690536,10.8141976,Ngã tư Hồng Hà,bus_stop,platform,,,,yes,,,,682471.2204662567,1195934.0618781406
11861142588,106.666384,10.8140454,Công ty Satsco,bus_stop,platform,,,,yes,,,,682179.3781497836,1195915.631815757
11861142589,106.6657766,10.7845764,Công viên Lê Thị Riềng,bus_stop,platform,,,,yes,,,,682130.7177768814,1192655.6213632694
11861142590,106.6637133,10.7820214,Ngã tư Nguyễn Giản Thanh,bus_stop,platform,,,,yes,,,,681906.5995118172,1192371.77908586
11861142591,106.6617582,10.7812618,Ngã tư Đồng Nai,bus_stop,platform,,,,yes,,,,681693.2331812268,1192286.596715085
11861142592,106.6623777,10.7792461,Trường Trung học phổ thông Nguyễn Du,bus_stop,platform,,,,yes,,,,681762.1961628707,1192064.002902679
11861142593,106.6620525,10.7777484,Thành Thái nối dài,bus_stop,platform,,,,yes,,,,681727.5288519288,1191898.1456095683
11861142599,106.7709291,10.8608685,Ngã ba Đường 14,bus_stop,platform,,,,yes,,,,693582.0893173914,1201159.5065468543
11861142600,106.7722823,10.8617386,Đường số 14,bus_stop,platform,,,,yes,,,,693729.4919407093,1201256.618440822
11861142601,106.7721121,10.8616606,Đường số 14,bus_stop,platform,,,,yes,,,,693710.9320066369,1201247.8816565706
11861142602,106.7707788,10.8609497,Ngã ba Đường 14,bus_stop,platform,,,,yes,,,,693565.6026504614,1201168.3930594812
11861142603,106.767858,10.8605445,Ngã ba Linh Trung - Đường số 6,bus_stop,platform,,,,yes,,,,693246.4928885677,1201121.7114435926
11861142604,106.7722664,10.8541347,Ngã ba Lê Văn Chí,bus_stop,platform,,,,yes,,,,693732.6560832463,1200415.4730008775
11866556388,106.6962379,10.7676443,Trường Nguyễn Thái Học,bus_stop,platform,,,,yes,,,,685472.5328117693,1190800.9844014486
11866556389,106.6848655,10.7575307,Nhà sách Nguyễn Văn Cừ,bus_stop,platform,,,,yes,,,,684234.8432819981,1189675.424620243
11866556390,106.6848361,10.7499574,Cầu Chữ Y,bus_stop,platform,,,,yes,,,,684236.2253091113,1188837.6978277857
11866556392,106.6788754,10.7468166,Cầu Mật,bus_stop,platform,,,,yes,,,,683586.148870294,1188486.7133493803
11866556425,106.6673025,10.7428613,Cong an Quận 8,bus_stop,platform,,,,yes,,,,682322.6829161886,1188042.31311877
11866556426,106.672357,10.7438041,Chợ Phạm Thế Hiển,bus_stop,platform,,,,yes,,,,682874.9813305202,1188149.6031370747
11866556427,106.6749125,10.744632,Cao Lỗ,bus_stop,platform,,,,yes,,,,683154.0047674,1188242.7020963698
11866556428,106.6770432,10.7457084,Ngân hàng Sacombank - 657-659 Phạm Thế Hiển,bus_stop,platform,,,,yes,,,,683386.4121383844,1188363.0372714745
11866556429,106.6789662,10.7467532,Cầu Mật,bus_stop,platform,,,,yes,,,,683596.118904712,1188479.754760025
11866556430,106.7018379,10.7404,Lotte Mart,bus_stop,platform,,,,yes,,,,686101.7320068266,1187790.7668008916
11868138070,106.8389238,10.8036087,Khu du lịch BCR,bus_stop,platform,,,,yes,,,,701055.2237628079,1194869.4273783423
11868138074,106.8313722,10.8080002,Đường số 10,bus_stop,platform,,,,yes,,,,700226.4080259189,1195350.2634986725
11868138075,106.8170084,10.8060892,Ngã ba Long Trường,bus_stop,platform,,,,yes,,,,698656.7568955476,1195129.484580354
11868138076,106.8157984,10.8089638,Câu cá Lan Anh,bus_stop,platform,,,,yes,,,,698522.5336533285,1195446.6890912987
11868138077,106.8138631,10.8131168,Quán Tây Tăng Long,bus_stop,platform,,,,yes,,,,698308.1507734043,1195904.840349533
11868138078,106.8108697,10.8170406,Trường Trung học phổ thông Long Trường,bus_stop,platform,,,,yes,,,,697978.2077125176,1196336.951023955
11868138079,106.8096004,10.8199013,Trạm xăng số 5 - 365B Lã Xuân Oai,bus_stop,platform,,,,yes,,,,697837.5182449372,1196652.5805425495
11868138080,106.8082249,10.8239098,Ngã ba Lò Lu,bus_stop,platform,,,,yes,,,,697684.4643134566,1197095.111912511
11868138081,106.7176706,10.8912222,Khu chế xuất Linh Trung II,bus_stop,platform,,,,yes,,,,687739.6923926494,1204483.6972420295
11868138082,106.7338367,10.8673467,Cầu vượt Gò Dưa,bus_stop,platform,,,,yes,,,,689522.2220560794,1201852.7239681177
11868138083,106.7477354,10.8596175,Chợ Tam Hà,bus_stop,platform,,,,yes,,,,691046.8170686518,1201006.4460719086
11868138084,106.8081009,10.823951,Ngã ba Lò Lu,bus_stop,platform,,,,yes,,,,697670.8767639786,1197099.5890946416
11868138085,106.8096236,10.8196535,Trạm xăng số 5 - 106 Lã Xuân Oai,bus_stop,platform,,,,yes,,,,697840.217990451,1196625.183757203
11868138086,106.8107887,10.8169864,Trường Trung học phổ thông Long Trường,bus_stop,platform,,,,yes,,,,697969.3849831265,1196330.9028141429
11868138087,106.8137924,10.8130272,Quán Tây Tăng Long,bus_stop,platform,,,,yes,,,,698300.477668593,1195894.882772048
11868138088,106.8155938,10.8091287,Câu cá Lan Anh,bus_stop,platform,,,,yes,,,,698500.0491398494,1195464.7974799632
11868138089,106.8169608,10.8059686,Ngã ba Long Trường,bus_stop,platform,,,,yes,,,,698651.6304151814,1195116.112709998
11868138090,106.8309716,10.8078388,Đường số 10,bus_stop,platform,,,,yes,,,,700182.702951997,1195332.1464558244
11868138115,106.6847779,10.8338233,Ngã ba Phạm Huy Thông,bus_stop,platform,,,,yes,,,,684178.7682608253,1198114.383281029
11868138118,106.6792935,10.8386051,UBND Phường 17,bus_stop,platform,,,,yes,,,,683576.141105301,1198640.0058565813
11868138119,106.6763147,10.8386326,Đài liệt sĩ,bus_stop,platform,,,,yes,,,,683250.4024194228,1198641.2536181048
11868138120,106.6741676,10.8386444,Ngã sáu Gò Vấp,bus_stop,platform,,,,yes,,,,683015.617258088,1198641.2676475488
11868138121,106.6707729,10.8386837,Lotte Mart,bus_stop,platform,,,,yes,,,,682644.3951702388,1198643.5766459107
11868138122,106.66667,10.8387182,Điện lực Gò Vấp,bus_stop,platform,,,,yes,,,,682195.737780953,1198644.9350255723
11868138123,106.6668946,10.8579301,Cầu Bến Phân,bus_stop,platform,,,,yes,,,,682208.6575394187,1200770.1583399705
11868138124,106.6688912,10.8601691,Tịnh xá Ngọc Phước,bus_stop,platform,,,,yes,,,,682425.6046489519,1201019.0190478924
11868138135,106.667052,10.8584164,Cầu Bến Phân,bus_stop,platform,,,,yes,,,,682225.5726006702,1200824.0439021527
11868138137,106.6711251,10.8385223,Lotte Mart,bus_stop,platform,,,,yes,,,,682683.0048859315,1198625.934917961
11868138138,106.6744936,10.8384638,Ngã sáu Gò Vấp,bus_stop,platform,,,,yes,,,,683051.3740346534,1198621.4867918566
11868138141,106.6806436,10.8373157,Trường Văn thư lưu trữ,bus_stop,platform,,,,yes,,,,683724.5571166924,1198498.1946099377
11868138142,106.6834944,10.8361415,XP Garden,bus_stop,platform,,,,yes,,,,684037.0023725608,1198370.032894023
11868138143,106.684658,10.8338835,Ngã ba Phạm Huy Thông,bus_stop,platform,,,,yes,,,,684165.6205275113,1198120.9697613837
11868497848,106.6727801,10.7653925,Đài Tưởng niệm - 105 Ngô Gia Tự,bus_stop,platform,,,,yes,,,,682908.2470572253,1190537.809630356
11868497849,106.8154992,10.8802354,Bến xe Miền Đông mới,,station,bus_station,,,yes,,,,698442.7928604578,1203330.651023223
11868497850,106.8319201,10.9039186,Bến xe buýt Ngã ba Tân Vạn,bus_stop,platform,,,,yes,,,,700222.4117708476,1205961.3377395745
11868497851,106.6734569,10.7664506,Đài tưởng niệm - 66 Ngô Gia Tự,bus_stop,platform,,,,yes,,,,682981.6319606333,1190655.2530858663
11868497861,106.6889852,10.7440256,Trường Tiểu học Rạch Ông,bus_stop,platform,,,,yes,,,,684693.6586805517,1188184.052665751
11868700590,106.8429272,10.8456143,Vinhomes Grand Park,bus_stop,platform,,,,yes,,,,701464.9893102378,1199518.8400599759
11868700593,106.8384672,10.8420317,Tòa nhà S6.01,bus_stop,platform,,,,yes,,,,700979.6678387788,1199119.5742403693
11868700594,106.8331494,10.8377218,Tòa nhà S2.05,bus_stop,platform,,,,yes,,,,700401.0143306416,1198639.2972547272
11868700595,106.825426,10.8411687,UBND Phường Long Thạnh Mỹ,bus_stop,platform,,,,yes,,,,699554.1342621107,1199015.5276185912
11868700596,106.820468,10.8423293,Cao đẳng Cảnh sát Nhân dân 2,bus_stop,platform,,,,yes,,,,699011.1911292977,1199140.6693642207
11868700597,106.818411,10.8440179,Trường Trung học phổ thông Nguyễn Huệ,bus_stop,platform,,,,yes,,,,698785.136241665,1199326.1206363726
11868700598,106.8165179,10.8465556,Trạm y tế Phường Long Thạnh Mỹ,bus_stop,platform,,,,yes,,,,698576.4461328709,1199605.6085994553
11868700599,106.8146628,10.8489316,Ngã ba Mỹ Thạnh,bus_stop,platform,,,,yes,,,,698372.0213189577,1199867.2346631864
11868700600,106.8124292,10.8401034,Saigon Hi-tech Park,bus_stop,platform,,,,yes,,,,698133.5905990552,1198889.193720049
11868700601,106.8091949,10.8368265,Trường Đại học Nguyễn Tất Thành,bus_stop,platform,,,,yes,,,,697782.0620341777,1198524.5971770235
11868700602,106.8048761,10.8307437,Công ty Platel Vina,bus_stop,platform,,,,yes,,,,697313.7678549986,1197848.912684249
11868700603,106.7968521,10.8246545,Công ty Samsung,bus_stop,platform,,,,yes,,,,696440.2631446,1197170.1404116678
11868700604,106.788569,10.806914,Vòng xoay Liên Phường,bus_stop,platform,,,,yes,,,,695545.9394842262,1195202.3693178373
11868700605,106.7834746,10.8068697,Trường Cao đẳng Sư phạm Trung ương 2,bus_stop,platform,,,,yes,,,,694988.8238711145,1195194.2114488308
11868700606,106.7507743,10.7896506,Đường Đồng Văn Cống,bus_stop,platform,,,,yes,,,,691423.528025853,1193268.7927818089
11868700607,106.7564259,10.7777592,Tòa nhà Somerset,bus_stop,platform,,,,yes,,,,692049.1822595119,1191956.9376205408
11868700608,106.7504031,10.7767631,Tòa nhà One Verandah,bus_stop,platform,,,,yes,,,,691391.0813467217,1191842.980892146
11868700609,106.7465606,10.7774852,Diamond Island,bus_stop,platform,,,,yes,,,,690970.3605301827,1191920.4585747444
11868700610,106.7364532,10.78071,Chung cư NEWCITY,bus_stop,platform,,,,yes,,,,689862.8688204149,1192270.8893134838
11868700611,106.721597,10.7731932,Khu đô thị Sala,bus_stop,platform,,,,yes,,,,688242.7130643289,1191430.2394088025
11868700612,106.7178287,10.7718399,Trung tâm Quản lý Điều hành Giao thông Đô thị,bus_stop,platform,,,,yes,,,,687831.4032975605,1191278.230587633
11868700613,106.6994332,10.7662108,Chợ Dân Sinh,bus_stop,platform,,,,yes,,,,685822.8927562854,1190644.3540981805
11868700614,106.70154,10.7687202,Sở Giao dịch Chứng khoán,bus_stop,platform,,,,yes,,,,686051.7816746759,1190923.2079606769
11868700617,106.7176945,10.7710461,Trung tâm Quản lý Điều hành Giao thông Đô thị,bus_stop,platform,,,,yes,,,,687817.2175599299,1191190.3418382304
11868700618,106.7234936,10.7733,Khu đô thị Sala,bus_stop,platform,,,,yes,,,,688450.0830471771,1191443.2192391318
11868700619,106.7364027,10.7799196,Chung cư NEWCITY,bus_stop,platform,,,,yes,,,,689857.841356169,1192183.4267549922
11868700620,106.7468431,10.7770153,Diamond Island,bus_stop,platform,,,,yes,,,,691001.5547001798,1191868.6558405259
11868700621,106.7516356,10.7765879,Tòa nhà One Verandah,bus_stop,platform,,,,yes,,,,691525.994437615,1191824.3713060075
11868700622,106.7515529,10.7897134,Đường Đồng Văn Cống,bus_stop,platform,,,,yes,,,,691508.6424815404,1193276.22692541
11868700623,106.7875685,10.8072454,Vòng xoay Liên Phường,bus_stop,platform,,,,yes,,,,695436.3061130355,1195238.3881385105
11868700624,106.7933986,10.8217469,Công ty Transimex,bus_stop,platform,,,,yes,,,,696064.4859737742,1196846.2790387839
11868700625,106.7974116,10.8246482,Công ty NEWHANAM,bus_stop,platform,,,,yes,,,,696501.4531828951,1197169.804049283
11868700626,106.8049941,10.8304162,Công ty Mekophar,bus_stop,platform,,,,yes,,,,697326.8864462775,1197812.7608485788
11868700627,106.8099421,10.8371934,Trường Đại học Nguyễn Tất Thành,bus_stop,platform,,,,yes,,,,697863.5305823401,1198565.6693501528
11868700628,106.812697,10.8401819,Saigon Hi-tech Park,bus_stop,platform,,,,yes,,,,698162.8237757467,1198898.051768874
11868700629,106.8143563,10.8491951,Ngã ba Mỹ Thạnh,bus_stop,platform,,,,yes,,,,698338.3316316942,1199896.183515126
11868700630,106.8164994,10.8464238,Trạm y tế Phường Long Thạnh Mỹ,bus_stop,platform,,,,yes,,,,698574.5101458599,1199591.0166306181
11868700631,106.8179835,10.84441,Trường Trung học phổ thông Nguyễn Huệ,bus_stop,platform,,,,yes,,,,698738.1290809164,1199369.2161076467
11868700632,106.8199362,10.8425593,Cao đẳng Cảnh sát Nhân dân 2,bus_stop,platform,,,,yes,,,,698952.8850715468,1199165.764676224
11868700633,106.8243738,10.8411497,UBND Phường Long Thạnh Mỹ,bus_stop,platform,,,,yes,,,,699439.0847898542,1199012.7362684181
11868700634,106.8330247,10.8374707,Tòa nhà S2.05,bus_stop,platform,,,,yes,,,,700387.5448465489,1198611.4379447536
11868700635,106.8409795,10.8432342,Phân khu Masteri,bus_stop,platform,,,,yes,,,,701253.594405824,1199254.2579971678
11868700637,106.8453742,10.8396491,Công viên Ánh Sáng,bus_stop,platform,,,,yes,,,,701736.5762511151,1198860.5728858353
11868700638,106.8439392,10.8398678,Vòng xoay Công viên Ánh Sáng,bus_stop,platform,,,,yes,,,,701579.5046603894,1198883.815647278
11868700639,106.8424918,10.8426087,TTTM Vincom,bus_stop,platform,,,,yes,,,,701419.3892016711,1199186.063804802
11868700640,106.845056,10.8468021,Đối diện tòa nhà BS11,bus_stop,platform,,,,yes,,,,701696.9840486313,1199651.6483007553
11868700641,106.8438575,10.8477863,Đối diện tòa nhà BS16,bus_stop,platform,,,,yes,,,,701565.265030726,1199759.7291686726
11868700642,106.8400432,10.845684,Đối diện tòa nhà S10.07,bus_stop,platform,,,,yes,,,,701149.5682862133,1199524.6425467588
11868700643,106.8395208,10.8474052,Đối diện tòa nhà S10.05,bus_stop,platform,,,,yes,,,,701091.2915265928,1199714.7010412295
11868700644,106.8387593,10.8467004,Tòa nhà S10.03,bus_stop,platform,,,,yes,,,,701008.4907581685,1199636.2309908874
11868700645,106.8365429,10.8453436,Tòa nhà S9.01,bus_stop,platform,,,,yes,,,,700767.0274619204,1199484.6750203636
11868700646,106.8359571,10.8433825,Đối diện tòa nhà S8.01,bus_stop,platform,,,,yes,,,,700704.2768564562,1199267.346874183
11868700647,106.831622,10.8376481,Tòa nhà S1.07,bus_stop,platform,,,,yes,,,,700234.0337977901,1198630.1396436463
11868700648,106.8395175,10.8370274,Tòa nhà Văn phòng,bus_stop,platform,,,,yes,,,,701097.8662498253,1198566.6790152662
11868700652,106.8432847,10.8370104,Đại lộ Ánh sáng,bus_stop,platform,,,,yes,,,,701509.8444776252,1198567.2886336874
11868700653,106.8445618,10.8374813,Công viên Thể chất Sáng tạo,bus_stop,platform,,,,yes,,,,701649.188103341,1198620.226317154
11868700654,106.8458425,10.8386286,Công viên Ánh Sáng,bus_stop,platform,,,,yes,,,,701788.471614649,1198747.9924431434
11868700658,106.8389421,10.8374881,Tòa nhà Văn phòng,bus_stop,platform,,,,yes,,,,701034.6350830519,1198617.2629413141
11868700659,106.7406138,10.8020001,Vincom Mega Mall Thảo Điền,bus_stop,platform,,,,yes,,,,690304.5177581203,1194628.5144673123
11868700660,106.7225902,10.795827,Vinhomes Central Park - Tòa nhà Landmark 81,bus_stop,platform,,,,yes,,,,688337.2531843965,1193934.5039478138
11868700661,106.7233192,10.7916164,Đối diện Tòa nhà Park 3 VInhomes Central Park,bus_stop,platform,,,,yes,,,,688419.6042978099,1193469.194193813
11868700662,106.7089584,10.7834393,Vinhomes Golden River - Khu phức hợp Ba Son,bus_stop,platform,,,,yes,,,,686854.0753012657,1192555.8734761782
11868700665,106.7090633,10.7835393,Vinhomes Golden River - Khu phúc hợp Ba Son,bus_stop,platform,,,,yes,,,,686865.486290032,1192566.9990196184
11869153634,106.8467318,10.9040026,Bến xe Ngã tư Vũng Tàu,bus_stop,platform,,,,yes,,,,701841.7437566126,1205980.4673792257
11870716292,106.849794,10.9039645,Ngã tư Vũng Tàu,bus_stop,platform,,,,yes,,,,702176.5665801706,1205978.296307266
11873794174,106.8467644,10.9050806,Bến xe Ngã tư Vũng Tàu,,station,bus_station,,,yes,,,,701844.5805924598,1206099.7412327218
11874238101,106.849837,10.9063873,Big C Đồng Nai,bus_stop,platform,,,,yes,,,,702179.6302424438,1206246.34404652
11898041250,106.8426804,10.8419018,Đối diện TTTM Vincom,bus_stop,platform,,,,yes,,,,701440.4866630227,1199107.9893267157
11898041251,106.8437277,10.8398975,Vòng xoay Công viên Ánh Sáng,bus_stop,platform,,,,yes,,,,701556.3561133605,1198886.961120777
11898041252,106.8431641,10.837075,Đại lộ Ánh sáng,bus_stop,platform,,,,yes,,,,701496.6128628906,1198574.355070727
11898041253,106.7068992,10.7764276,Bến Bạch Đằng,bus_stop,platform,,,,yes,,,,686633.1870572278,1191779.0189787922
11962967606,106.689974,10.7678577,,,station,bus_station,,,yes,,,,684787.2997565112,1190820.8059755901
12212047737,106.7663693,10.8392972,Tu viện Quảng Đức,bus_stop,platform,,,,yes,,,,693097.3570327881,1198770.4196333701
12212047744,106.66422,10.7972677,Nhà thờ Tân Xa Châu,bus_stop,platform,,,,yes,,,,681952.8428347819,1194058.5136348903
12212047745,106.7670136,10.7772674,Chợ Cây Xoài,bus_stop,platform,,,,yes,,,,693207.5074286229,1191909.1961487052
12212047748,106.72134,10.7523747,Trường Mầm non Tân Thuận Tây,bus_stop,platform,,,,yes,,,,688227.5279926066,1189127.2324996607
12212047751,106.7157936,10.8026872,Hẻm 36 Nguyễn Gia Tri,bus_stop,platform,,,,yes,,,,687589.6878280488,1194689.169122021
12212047752,106.715966,10.8047304,Đường Võ Oanh,bus_stop,platform,,,,yes,,,,687607.272627237,1194915.284539226
12212047753,106.713867,10.8064002,Đại học Ngoại thương - Cơ sở 2,bus_stop,platform,,,,yes,,,,687376.6878406585,1195098.7017325175
12212047754,106.6850186,10.7599004,Báo An ninh Thế giới,bus_stop,platform,,,,yes,,,,684250.1493747316,1189937.6374491323
12212047755,106.6926828,10.7648329,Rạp Trần Hưng Đạo,bus_stop,platform,,,,yes,,,,685085.4165185814,1190487.855218405
12216140078,106.7060535,10.7532191,Tôn Đản,bus_stop,platform,,,,yes,,,,686554.9741374303,1189211.3025485196
12216140079,106.7090071,10.7532515,Trường Đại học Nguyễn Tất Thành,bus_stop,platform,,,,yes,,,,686878.0165853563,1189216.6833783009
12216140080,106.7135143,10.7532724,Khu vui chơi thiếu nhi,bus_stop,platform,,,,yes,,,,687370.9984474474,1189221.743329316
12216140081,106.7152474,10.7533118,Nguyễn Thần Hiến,bus_stop,platform,,,,yes,,,,687560.5397855565,1189227.1601894468
12216140082,106.7166144,10.7535461,Nguyễn Thần Hiến,bus_stop,platform,,,,yes,,,,687709.9167928363,1189253.913088854
12216140083,106.7135757,10.7533675,Khu vui chơi thiếu nhi,bus_stop,platform,,,,yes,,,,687377.6556302942,1189232.30030495
12216140084,106.709307,10.7533118,Trường Đại học Nguyễn Tất Thành,bus_stop,platform,,,,yes,,,,686910.7822907988,1189223.5360782961
12216140085,106.7063085,10.7533095,Tôn Đản,bus_stop,platform,,,,yes,,,,686582.8102354517,1189221.4571256642
12216140086,106.7963688,10.8458454,Ký túc xá Đại học Sư phạm Kỹ thuật,bus_stop,platform,,,,yes,,,,696373.5897499938,1199513.9694274017
12216140087,106.6672618,10.9095555,Công ty Vĩnh Nam Anh,bus_stop,platform,,,,yes,,,,682217.4221616132,1206480.8399925195
12216140088,106.6612862,10.9079981,Sala,bus_stop,platform,,,,yes,,,,681565.114446139,1206304.9786596652
12237338975,106.8071752,10.7939209,Cao tốc Dầu Giây,bus_stop,platform,,,,yes,,,,697589.299209445,1193777.041837791
12237338976,106.7611983,10.8642067,UBND Phường Linh Trung,bus_stop,platform,,,,yes,,,,692515.9514654293,1201522.5910847655
12241385886,106.7697857,10.7699608,UBND Phường Thạnh Mỹ Lợi,bus_stop,platform,,,,yes,,,,693515.3708588027,1191102.7032706554
12241385887,106.767489,10.769255,Chợ Thạnh Mỹ Lợi,bus_stop,platform,,,,yes,,,,693264.6161206821,1191023.1795269218
12241385888,106.7558717,10.7757754,Chung cư Vista Verde,bus_stop,platform,,,,yes,,,,691989.8256254697,1191737.1471007161
12241385889,106.752966,10.7972424,Ban điều hành KP3,bus_stop,platform,,,,yes,,,,691658.4177178461,1194109.9507570504
12241385890,106.756391,10.808049,Ga Metro Rạch Chiếc,bus_stop,platform,,,,yes,,,,692026.1252703356,1195307.5015723873
12241385891,106.7554086,10.8092999,Ga Metro Rạch Chiếc,bus_stop,platform,,,,yes,,,,691917.8927998794,1195445.2556103198
12241385892,106.752375,10.7980708,Lexington Residence,bus_stop,platform,,,,yes,,,,691593.2573616036,1194201.2157307176
12241385893,106.7525294,10.7802244,Đường số 52 - BTT,bus_stop,platform,,,,yes,,,,691621.450437071,1192227.190327686
12241385894,106.7535314,10.7779604,Ban bồi thường GPMB Thành phố Thủ Đức,bus_stop,platform,,,,yes,,,,691732.4749944359,1191977.3799394695
12241385895,106.7669788,10.7696401,Chợ Thạnh Mỹ Lợi,bus_stop,platform,,,,yes,,,,693208.5665957626,1191065.4568228316
12241385899,106.7662114,10.8569434,Hoàng Diệu 2,bus_stop,platform,,,,yes,,,,693068.7619549792,1200722.3162303208
12241394109,106.7455391,10.8609204,Nhà thờ Tam Hà,bus_stop,platform,,,,yes,,,,690805.8400994737,1201149.1898601295
12241505431,106.8421464,10.8475561,Đối diện tòa nhà BS9,bus_stop,platform,,,,yes,,,,701378.3062429373,1199733.1306573376
12241505432,106.8412578,10.8455506,Đối diện tòa nhà BS8 và GH3,bus_stop,platform,,,,yes,,,,701282.4777685389,1199510.6886287695
12241505433,106.8403265,10.8436708,Phân khu Masteri,bus_stop,platform,,,,yes,,,,701181.8943346094,1199302.1241668696
12241505434,106.8418111,10.8362158,Đối diện bãi xe nổi P01,bus_stop,platform,,,,yes,,,,701349.2284384783,1198478.4131004962
12241505436,106.8457615,10.839435,Công viên 36 hecta Vinhome Grand Park,bus_stop,platform,,,,yes,,,,701779.0731850313,1198837.1451539327
12247628813,106.6762845,10.7825046,,,stop_position,,,,,yes,,,683281.1789842444,1192432.7262065103
12345973822,106.7754162,10.8887737,Siêu thị GO! Dĩ An,bus_stop,platform,,,,yes,,,,694054.6735981292,1204249.2199467465
12345973827,106.7629927,10.8920239,UBND Thành phố Dĩ An,bus_stop,platform,,,,yes,,,,692694.2803177689,1204600.8270203522
12345973828,106.7641508,10.8937349,Chi cục Thuế Thành phố Dĩ An,bus_stop,platform,,,,yes,,,,692819.7958797001,1204790.8322938872
12345973829,106.7677615,10.8969428,Công Viên Dĩ An,bus_stop,platform,,,,yes,,,,693212.4884139027,1205147.9869538525
12345973830,106.7701138,10.9084646,Ga Dĩ An,bus_stop,platform,,,,yes,,,,693462.216105181,1206424.0196391405
12345973831,106.7697497,10.9114901,Trường Tiểu học Dĩ An,bus_stop,platform,,,,yes,,,,693420.45327001,1206758.4650455748
12345973832,106.7682049,10.9196953,UBND P. Tân Đông Hiệp,bus_stop,platform,,,,yes,,,,693246.2620518564,1207665.1293946793
12345973846,106.768499,10.9184785,UBND P. Tân Đông Hiệp,bus_stop,platform,,,,yes,,,,693279.200873777,1207530.7160865285
12345973847,106.7695889,10.9116105,Trường Tiểu học Dĩ An,bus_stop,platform,,,,yes,,,,693402.7959140029,1206771.68077584
12345973848,106.7698383,10.9082619,Ga Dĩ An,bus_stop,platform,,,,yes,,,,693432.2278609022,1206401.4210076013
12345973849,106.7677386,10.8984291,Công Viên Dĩ An,bus_stop,platform,,,,yes,,,,693209.0254348931,1205312.38527475
12345973850,106.7640489,10.8938746,Chi cục Thuế Thành phố Dĩ An,bus_stop,platform,,,,yes,,,,692808.565080142,1204806.2208799021
12345973851,106.7627987,10.8919999,UBND Thành phố Dĩ An,bus_stop,platform,,,,yes,,,,692673.0853907543,1204598.048817724
12422921828,106.6964944,10.7710029,,bus_stop,platform,,,,yes,,,,685498.5310367299,1191172.6485211405
12435161715,106.7287739,10.7973649,Ga tàu thuỷ Bình An,bus_stop,platform,,,,yes,,,,689012.5702792245,1194108.4369384968
12435161718,106.7285652,10.8015991,Công viên bờ sông Sài Gòn - Thảo Điền,bus_stop,platform,,,,yes,,,,688987.097477995,1194576.6787579083
12435161719,106.726876,10.8041985,Căn hộ Hoàng Anh,bus_stop,platform,,,,yes,,,,688800.7370434416,1194863.169873183
12435161720,106.7250772,10.8108131,Khu biệt thự cao cấp Thảo Điền,bus_stop,platform,,,,yes,,,,688599.8850816196,1195593.7393004203
12435161721,106.7272161,10.8154284,Toà nhà River Garden,bus_stop,platform,,,,yes,,,,688830.9056343398,1196105.588227755
12435161722,106.7307157,10.8173991,Chung cư XI Riverview Palace,bus_stop,platform,,,,yes,,,,689212.3782084957,1196325.7476357648
12435161723,106.7325433,10.8130896,"BIS HCMC, Junior Campus",bus_stop,platform,,,,yes,,,,689414.9452119153,1195850.1799982535
12435161724,106.731961,10.8093576,Ban điều hành khu phố 4,bus_stop,platform,,,,yes,,,,689353.6069893903,1195436.9982813548
12435161725,106.7342038,10.807217,Làng báo chí,bus_stop,platform,,,,yes,,,,689600.2245651104,1195201.6043967856
12435161726,106.7420687,10.8019861,Ga An Phú,bus_stop,platform,,,,yes,,,,690463.6393601994,1194627.872415337
12435161727,106.7480658,10.8000113,The Estella,bus_stop,platform,,,,yes,,,,691120.7530540619,1194413.170474758
12435161728,106.7516045,10.7992416,Chung cư Lexington - Block C,bus_stop,platform,,,,yes,,,,691508.2492915415,1194330.243692549
12435161729,106.7770702,10.7896928,Trường Tiểu học Nguyễn Văn Trỗi,bus_stop,platform,,,,yes,,,,694299.4594290969,1193290.0412596483
12435161730,106.8000027,10.8045624,Liên Phường,bus_stop,platform,,,,yes,,,,696797.91318366,1194949.5797183646
12435161731,106.7768926,10.7897391,Chung cư Thủ Thiêm Xanh,bus_stop,platform,,,,yes,,,,694280.0056098439,1193295.050094834
12435161732,106.7518106,10.7994408,Lexington,bus_stop,platform,,,,yes,,,,691530.6631312062,1194352.4078422387
12435161733,106.7485636,10.8006927,The Estella,bus_stop,platform,,,,yes,,,,691174.7635072104,1194488.8564457428
12435161734,106.7342179,10.8073445,Làng báo chí,bus_stop,platform,,,,yes,,,,689601.6864880673,1195215.7167546619
12435161735,106.7325052,10.8090283,Nhà văn hoá Thảo Điền,bus_stop,platform,,,,yes,,,,689413.3274460497,1195400.9098415794
12435161736,106.7315731,10.8116138,"BIS HCMC, Junior Campus",bus_stop,platform,,,,yes,,,,689309.7710539959,1195686.330415448
12435161737,106.7316192,10.8174353,Chung cư XI Riverview Palace,bus_stop,platform,,,,yes,,,,689311.1597534781,1196330.312409379
12435161738,106.7278637,10.8161316,Trường Quốc tế Á Châu - Nguyen Van Huong Campus,bus_stop,platform,,,,yes,,,,688901.2853954805,1196183.7743523873
12435161739,106.7252553,10.8114723,Khu biệt thự cao cấp Thảo Điền,bus_stop,platform,,,,yes,,,,688618.9500010022,1195666.767423344
12435161740,106.7264148,10.8048623,Khu nhà biệt thự 38 Nguyễn Văn Hưởng,bus_stop,platform,,,,yes,,,,688749.8845130459,1194936.311800115
12435161741,106.7281821,10.8019403,Công viên bờ sông Sài Gòn - Thảo Điền,bus_stop,platform,,,,yes,,,,688944.9871669454,1194614.1840527514
12435161742,106.7422907,10.8010189,Siêu thị Mega Market An Phú,bus_stop,platform,,,,yes,,,,690488.527940109,1194521.02214436
12435161743,106.7390462,10.7982123,Chung cư cao ốc An Cư,bus_stop,platform,,,,yes,,,,690135.4636207158,1194208.5444989968
12435161744,106.7433276,10.7964648,Trường Trung học phổ thông Thủ Thiêm,bus_stop,platform,,,,yes,,,,690604.7999965104,1194017.908123407
12435161745,106.7451428,10.7953762,Chung cư Bình Khánh,bus_stop,platform,,,,yes,,,,690804.0075481806,1193898.6228545178
12435161746,106.7457908,10.792051,Công an phường An Phú,bus_stop,platform,,,,yes,,,,690876.9762495663,1193531.2035534123
12435161747,106.7022438,10.776776,Trung tâm VinCom,bus_stop,platform,,,,yes,,,,686123.8087509944,1191814.7239442368
12435161748,106.7038026,10.7753669,Nhà hát Thành phố,bus_stop,platform,,,,yes,,,,686295.1622806943,1191659.8046528718
12435161749,106.6965283,10.778308,Dinh Độc Lập,bus_stop,platform,,,,yes,,,,685497.7644749165,1191980.7171936468
12435545036,106.7459013,10.7919597,Công an phường An Phú,bus_stop,platform,,,,yes,,,,690889.1189694447,1193521.1731905406
12435545037,106.7453541,10.794889,Chung cư Bình Khánh,bus_stop,platform,,,,yes,,,,690827.4241627629,1193844.8621211278
12435545038,106.7432701,10.7967282,Trường Trung học phổ thông Thủ Thiêm,bus_stop,platform,,,,yes,,,,690598.3453666779,1194047.008769682
12435545039,106.7395019,10.7984468,Chung cư cao ốc An Cư,bus_stop,platform,,,,yes,,,,690185.1534935879,1194234.7676484194
12435545040,106.7427442,10.8010239,Siêu thị Mega Market An Phú,bus_stop,platform,,,,yes,,,,690538.1212674604,1194521.8579828895
12435545041,106.7506792,10.8048503,The Vista,bus_stop,platform,,,,yes,,,,691403.499962883,1194950.0836574687
12435545044,106.6783643,10.7733719,Cao Thắng,bus_stop,platform,,,,yes,,,,683514.1758709687,1191423.7742131585
12435545045,106.687763,10.7773857,Hồ Xuân Hương,bus_stop,platform,,,,yes,,,,684539.671723558,1191873.4018214392
12435545046,106.6893957,10.7758788,Võ Văn Tần,bus_stop,platform,,,,yes,,,,684719.1584853234,1191707.7021297666
12435545047,106.6943088,10.7762661,Sân vận động Tao Đàn,bus_stop,platform,,,,yes,,,,685256.2681886058,1191753.5104789266
12435545048,106.6967129,10.7743451,Thủ Khoa Huân,bus_stop,platform,,,,yes,,,,685520.381956473,1191542.475740982
12435545049,106.695901,10.772314,Chùa Bà Ấn,bus_stop,platform,,,,yes,,,,685432.8270750858,1191317.3156150435
12435545051,106.7345236,10.7994437,Cầu Đen,bus_stop,platform,,,,yes,,,,689640.0788857369,1194341.9477891896
12435545052,106.736848,10.7985933,Khu đô thị An Phú,bus_stop,platform,,,,yes,,,,689894.8190041187,1194249.322795611
12435545053,106.7411188,10.795769,Cục thuế Thành phố Hồ Chí Minh,bus_stop,platform,,,,yes,,,,690363.6718842322,1193939.5645648113
12435545054,106.7396969,10.7918932,Chung cư Screc II,bus_stop,platform,,,,yes,,,,690210.60361627,1193509.9512468262
12435545055,106.7447128,10.7890689,Đường H,bus_stop,platform,,,,yes,,,,690760.959607709,1193200.6600436398
12435545056,106.7437579,10.7881205,Trường An Khánh,bus_stop,platform,,,,yes,,,,690657.1217386761,1193095.1556399788
12435545057,106.741684,10.7870602,Công viên lô E,bus_stop,platform,,,,yes,,,,690430.9699740307,1192976.5769239492
12435545058,106.7355239,10.7896262,Chung cư Bình Minh,bus_stop,platform,,,,yes,,,,689755.6383848172,1193256.5913117449
12435545059,106.7355893,10.7946494,Chung cư Bộ Công An - Lô A,bus_stop,platform,,,,yes,,,,689759.6383867131,1193812.280573782
12435545060,106.7334422,10.7962298,Đường số 2,bus_stop,platform,,,,yes,,,,689523.828405656,1193985.7669067832
12435545062,106.7341337,10.7952492,Công ty TNHH MTV Tài nguyên và Môi trường Miền Nam,bus_stop,platform,,,,yes,,,,689600.0694677677,1193877.7252451077
12435545063,106.7352895,10.7938107,Trụ sở Ban điều hành Khu phố 4,bus_stop,platform,,,,yes,,,,689727.3769347077,1193719.3204784188
12435545064,106.7355241,10.7894528,Chung cư Bình Minh,bus_stop,platform,,,,yes,,,,689755.7690567612,1193237.4105421635
12435545065,106.7340244,10.7865722,Khu cư xá Thời báo Kinh tế Sài Gòn,bus_stop,platform,,,,yes,,,,689593.556112348,1192917.8390997075
12435545066,106.7343288,10.78131,New City Thủ Thiêm,bus_stop,platform,,,,yes,,,,689630.1456615321,1192335.9423551706
12435545068,106.7292857,10.7770572,Nút giao Trần Não - Mai Chí Thọ,bus_stop,platform,,,,yes,,,,689081.2362983422,1191862.3948726861
12435545069,106.7376599,10.784139,Trường chuyên Trần Đại Nghĩa,bus_stop,platform,,,,yes,,,,689992.6938826661,1192650.9420520994
12435545070,106.7420246,10.7871363,Công viên lô E,bus_stop,platform,,,,yes,,,,690468.1730756606,1192985.2068816205
12435545071,106.7434497,10.7878633,Trường An Khánh,bus_stop,platform,,,,yes,,,,690623.5764520494,1193066.5129162092
12435545072,106.7446235,10.7894659,Đường H,bus_stop,platform,,,,yes,,,,690750.9426276397,1193244.5192867639
12435545073,106.73994,10.7918571,Chung cư Screc II,bus_stop,platform,,,,yes,,,,690237.2134361321,1193506.109197595
12435545074,106.7412141,10.7955453,Cục thuế Thành phố Hồ Chí Minh,bus_stop,platform,,,,yes,,,,690374.2353267488,1193914.8789299154
12435545075,106.7369968,10.7983945,Khu đô thị An Phú,bus_stop,platform,,,,yes,,,,689911.2173663208,1194227.4246739622
12435545076,106.7207757,10.8155308,UBND Phường 27,bus_stop,platform,,,,yes,,,,688126.5353012251,1196112.937443972
12435545077,106.7205418,10.8131577,Cư xá Thanh Đa - Lô P,bus_stop,platform,,,,yes,,,,688102.4360818242,1195850.2908989915
12435545078,106.7171803,10.8040685,Trường Đại học Giao thông Vận tải Thành phố Hồ Chí Minh,bus_stop,platform,,,,yes,,,,687740.4812174599,1194842.8141659044
12435545079,106.7228432,10.8016108,Chung cư Thế kỷ 21,bus_stop,platform,,,,yes,,,,688361.3169553111,1194574.4396319997
12435545080,106.7222115,10.7990721,Công viên Cầu Sài Gòn,bus_stop,platform,,,,yes,,,,688293.8148792228,1194293.2299425693
12435545081,106.7174307,10.7974491,Ga Văn Thánh,bus_stop,platform,,,,yes,,,,687771.9794465422,1194110.7595340023
12435545083,106.7180798,10.795123,113 Nguyễn Hữu Cảnh,bus_stop,platform,,,,yes,,,,687844.4131528011,1193853.8555261623
12435545084,106.7082888,10.7953967,Trần Văn Khê,bus_stop,platform,,,,yes,,,,686773.4576780314,1193878.1322731506
12435545085,106.7059388,10.7963278,Nhà thờ Giáo xứ Mông Triệu,bus_stop,platform,,,,yes,,,,686515.8778784516,1193979.6911154687
12437015523,106.706254,10.8108906,Đường số 8,bus_stop,platform,,,,yes,,,,686541.3546970547,1195590.7469750463
12437015524,106.7023217,10.8110266,Học viện cán bộ Thành phố Hồ Chí Minh - Cổng 6,bus_stop,platform,,,,yes,,,,686111.2417407536,1195603.390607995
12437015525,106.700862,10.8159023,Chung cư 1050,bus_stop,platform,,,,yes,,,,685948.6073099824,1196141.8253745472
12437015527,106.7008542,10.8129722,Học viện cán bộ Thành phố Hồ Chí Minh - Cổng 2,bus_stop,platform,,,,yes,,,,685949.5601311558,1195817.7083732185
12437015528,106.7032511,10.8109977,Học viện cán bộ Thành phố Hồ Chí Minh - Cổng 6,bus_stop,platform,,,,yes,,,,686212.8969255836,1195600.7605809418
12437015529,106.7068417,10.810721,Đường số 8,bus_stop,platform,,,,yes,,,,686605.7294155344,1195572.345828725
12437015530,106.7642344,10.8311255,Bến xe buýt Ga Metro Bình Thái,bus_stop,platform,,,,yes,,,,692869.1373088692,1197865.1266878983
12437015533,106.7648448,10.8321746,Ga Metro Bình Thái,bus_stop,platform,,,,yes,,,,692935.2150639951,1197981.5628171917
12437015534,106.7687115,10.8395491,Trung tâm Xúc tiến Thương mại và Đầu tư Thành phố Thủ Đức,bus_stop,platform,,,,yes,,,,693353.3177505978,1198799.7708078008
12437015535,106.7723865,10.8460297,Ga Metro Thủ Đức,bus_stop,platform,,,,yes,,,,693751.0109622411,1199518.983430143
12437015536,106.7770431,10.8511132,Chợ Chiều,bus_stop,platform,,,,yes,,,,694256.9228113329,1200084.2846414594
12437015537,106.7821894,10.8532936,Đầu đường 904,bus_stop,platform,,,,yes,,,,694818.2455489917,1200328.7708622592
12437015538,106.7855331,10.8525504,Trụ sở Khu phố 6,bus_stop,platform,,,,yes,,,,695184.351919747,1200248.702489325
12437015539,106.7878162,10.8533002,Chung cư C3,bus_stop,platform,,,,yes,,,,695433.515732077,1200333.1114493285
12437015540,106.7792947,10.8442442,Đường sách Thành phố Thủ Đức,bus_stop,platform,,,,yes,,,,694507.5720644754,1199325.8798942845
12437015541,106.7769377,10.8398928,Kho SAM - Công ty Gilimex,bus_stop,platform,,,,yes,,,,694252.6429540825,1198843.0266258111
12437015542,106.7735893,10.8389121,Trường Trung học phổ thông Hoa Lư,bus_stop,platform,,,,yes,,,,693887.1221971055,1198732.408399566
12437015543,106.7710411,10.841915,Chung cư Centum Weath Complex,bus_stop,platform,,,,yes,,,,693606.5405480235,1199062.9640541459
12437015544,106.7690892,10.8405209,Trung tâm Xúc tiến Thương mại và Đầu tư Thành phố Thủ Đức,bus_stop,platform,,,,yes,,,,693393.9952825336,1198907.5098775846
12437015545,106.764756,10.8321214,Ga Metro Bình Thái,bus_stop,platform,,,,yes,,,,692925.5385305631,1197975.6216919033
12437015546,106.7708394,10.8418419,Chung cư Centum Weath Complex,bus_stop,platform,,,,yes,,,,693584.5315772676,1199054.74954997
12437015547,106.7737293,10.8388537,Trường Trung học phổ thông Hoa Lư,bus_stop,platform,,,,yes,,,,693902.4690609641,1198726.0374044713
12437015548,106.7771349,10.8400355,Kho SAM - Công ty Gilimex,bus_stop,platform,,,,yes,,,,694274.1149747086,1198858.937791593
12437015549,106.7791933,10.8439606,Đường sách Thành phố Thủ Đức,bus_stop,platform,,,,yes,,,,694496.6673019992,1199294.4434777123
12437015550,106.7876317,10.8528845,Chùa Liên Hải,bus_stop,platform,,,,yes,,,,695413.6113931829,1200287.0082463755
12437015551,106.7851526,10.8527596,Trụ sở Khu phố 6,bus_stop,platform,,,,yes,,,,695142.609422654,1200271.5999314946
12437015552,106.7821531,10.8535815,Đầu đường 904,bus_stop,platform,,,,yes,,,,694814.0896661008,1200360.5949488052
12437015553,106.7765447,10.8509667,Chợ Chiều,bus_stop,platform,,,,yes,,,,694202.5186557337,1200067.7606694766
12437015554,106.7721622,10.845912,Ga Metro Thủ Đức,bus_stop,platform,,,,yes,,,,693726.5597655916,1199505.8207859956
12437015555,106.7776063,10.8281938,Trạm y tế phường Phước Long B,bus_stop,platform,,,,yes,,,,694333.3047918042,1197549.3206972573
12437015556,106.780075,10.8268849,Đường Dương Đình Hội,bus_stop,platform,,,,yes,,,,694604.1170746284,1197406.1063766058
12437015557,106.773375,10.8147872,Trường Mẫu giáo Phước Bình,bus_stop,platform,,,,yes,,,,693879.2086138639,1196063.6046241468
12437015558,106.7714152,10.8186717,Đường số 3,bus_stop,platform,,,,yes,,,,693662.3900480384,1196492.0582343156
12437015559,106.7698597,10.8212308,Đại học Văn hoá,bus_stop,platform,,,,yes,,,,693490.6401643623,1196774.155120304
12437015560,106.7624649,10.8277357,Đường Nam Hoà,bus_stop,platform,,,,yes,,,,692677.8032600394,1197489.0336643166
12437015561,106.7620865,10.8273635,Đường Nam Hoà,bus_stop,platform,,,,yes,,,,692636.661199827,1197447.6224111542
12437015562,106.7698237,10.8214992,Đại học Văn hoá,bus_stop,platform,,,,yes,,,,693486.5310382573,1196803.8223028036
12437015563,106.7712438,10.8190952,Đường số 3,bus_stop,platform,,,,yes,,,,693643.3739923756,1196538.79641563
12437015564,106.7728959,10.8145788,Trường Trung học cơ sở Phước Bình,bus_stop,platform,,,,yes,,,,693826.9478947393,1196040.24734849
12437015565,106.7799639,10.8271175,Đường Dương Đình Hội,bus_stop,platform,,,,yes,,,,694591.8173714314,1197431.765469555
12437015566,106.777285,10.8284657,Trạm y tế phường Phước Long B,bus_stop,platform,,,,yes,,,,694297.9934234697,1197579.1931699042
12437015567,106.7678423,10.8312722,Đường 98,bus_stop,platform,,,,yes,,,,693263.5820405451,1197883.640383952
12437015569,106.8072934,10.8674476,Nhà thờ Giáo xứ Minh Đức,bus_stop,platform,,,,yes,,,,697554.0010802443,1201910.6957053973
12437015570,106.8105152,10.8652241,Chung cư Topaz,bus_stop,platform,,,,yes,,,,697907.7491165601,1201666.8272136338
12437015573,106.8003934,10.8660308,Ga Metro Đại học Quốc gia,bus_stop,platform,,,,yes,,,,696800.4629191395,1201749.4886581842
12437015577,106.7880468,10.8588061,Ga Metro Khu Công nghệ cao,bus_stop,platform,,,,yes,,,,695455.1501821018,1200942.3212502096
12437015578,106.7941651,10.8539462,Nidec Vietnam Corporation,bus_stop,platform,,,,yes,,,,696127.3303723644,1200408.6595866114
12437015579,106.7994708,10.8502249,FPT Software HCM,bus_stop,platform,,,,yes,,,,696709.9306594749,1200000.4350190253
12437015580,106.8087903,10.8413381,Đại học Công nghệ Thành phố Hồ Chí Minh - HUTECH,bus_stop,platform,,,,yes,,,,697734.8533608274,1199023.4115758252
12437015581,106.8075217,10.8324502,Đường D7,bus_stop,platform,,,,yes,,,,697601.9619715716,1198039.4013678145
12437015582,106.8015241,10.8295601,Cổng số 7 Công ty SAMSUNG,bus_stop,platform,,,,yes,,,,696947.9791307099,1197715.8138662365
12437015583,106.7959331,10.8326133,Cổng số 6 Công ty SAMSUNG,bus_stop,platform,,,,yes,,,,696334.5766802932,1198049.951497161
12437015584,106.7939612,10.8327961,Trạm cấp khí CNG,bus_stop,platform,,,,yes,,,,696118.8200930646,1198068.9027882668
12437015585,106.7899396,10.8331666,Cổng 5 - Công ty Techtronic Tools VIệt Nam,bus_stop,platform,,,,yes,,,,695678.7973685875,1198107.301505937
12437015586,106.787726,10.8320621,Công ty TNHH Techtronic Industries Việt Nam Manufacturing,bus_stop,platform,,,,yes,,,,695437.4465644124,1197983.7011977881
12437015587,106.7893542,10.8299037,Công ty TNHH Techtronic Tools (Cổng 3),bus_stop,platform,,,,yes,,,,695616.9001172386,1197745.9844749838
12437015588,106.7900561,10.8282764,Bưng Ông Thoàn,bus_stop,platform,,,,yes,,,,695694.7140154492,1197566.423607166
12437015589,106.7886762,10.8267944,Besi Vietnam,bus_stop,platform,,,,yes,,,,695544.7747337973,1197401.5996274427
12437015590,106.7923289,10.8218561,Đường D2,bus_stop,platform,,,,yes,,,,695947.4336263284,1196857.6712196623
12437015591,106.7947019,10.8222406,Kho Transimex,bus_stop,platform,,,,yes,,,,696206.6924100264,1196901.7303098987
12437015592,106.7962633,10.8214105,Công ty TNHH Daihan Vina,bus_stop,platform,,,,yes,,,,696377.9862702108,1196810.9096422016
12437015593,106.8001547,10.8242572,Schneider Electric Manufacturing,bus_stop,platform,,,,yes,,,,696801.6893049127,1197128.320809536
12437015594,106.8022174,10.8277464,Công ty TNHH MTV Daeyoung Electronics Vina,bus_stop,platform,,,,yes,,,,697024.9821688099,1197515.629729122
12437015595,106.810965,10.8337982,"Nipro Vietnam Co., Ltd.",bus_stop,platform,,,,yes,,,,697977.6216222445,1198190.7538081137
12437015596,106.8132781,10.8361742,Jabil Vietnam,bus_stop,platform,,,,yes,,,,698229.0082285068,1198455.0937820484
12437015597,106.8089656,10.8415805,Trường Đại học FPT Thành phố Hồ Chí Minh,bus_stop,platform,,,,yes,,,,697753.8636190351,1199050.3399520225
12437015598,106.8050246,10.8453585,Công ty Geneworld,bus_stop,platform,,,,yes,,,,697320.4271563293,1199465.7075447366
12437015599,106.7996597,10.850458,FPT Software HCM,bus_stop,platform,,,,yes,,,,696730.4341834605,1200026.3428075665
12437015600,106.7943674,10.8542308,Nidec Vietnam Corporation,bus_stop,platform,,,,yes,,,,696149.2656287855,1200440.272571551
12437038501,106.7882257,10.8601065,Sân Tennis Lâm Viên,bus_stop,platform,,,,yes,,,,695473.8659299735,1201086.2863384152
12437038503,106.8072998,10.8799439,Đại học Bách khoa - ĐHQG,bus_stop,platform,,,,yes,,,,697546.4724307787,1203293.0532121093
12437183240,106.7806159,10.8597776,Sân Tennis Lâm Viên,bus_stop,platform,,,,yes,,,,694641.9883186675,1201045.0193816782
12437183241,106.7766992,10.8595117,Tổng Công ty Việt Thắng,bus_stop,platform,,,,yes,,,,694213.8909154823,1201013.100069741
12437183242,106.7708647,10.8656309,Công ty TNHH Latek (Việt Nam),bus_stop,platform,,,,yes,,,,693571.9779257417,1201686.2769205444
12437183243,106.766017,10.8801722,Nhà thờ Xuân Hiệp,bus_stop,platform,,,,yes,,,,693032.5667584334,1203291.7313460684
12437183244,106.7625581,10.8789672,Đường Suối Cái,bus_stop,platform,,,,yes,,,,692655.1580056923,1203156.237200653
12437183245,106.7710133,10.8868939,Happy One Linh Xuân,bus_stop,platform,,,,yes,,,,693574.5034126446,1204038.4630308577
12437183246,106.7725887,10.8809557,Sân bóng Linh Xuân,bus_stop,platform,,,,yes,,,,693750.5869128963,1203382.5909156613
12437183247,106.7778305,10.8757693,Nghĩa trang Bộng Dầu 2,bus_stop,platform,,,,yes,,,,694327.0677579204,1202812.2276693608
12437183249,106.7779783,10.8756435,Nghĩa trang Bộng Dầu 2,bus_stop,platform,,,,yes,,,,694343.309499942,1202798.406398802
12437183250,106.7712174,10.8817793,Quốc lộ 1K,bus_stop,platform,,,,yes,,,,693600.1221688995,1203472.8211852955
12437183251,106.7706608,10.8873155,Công ty Bao bì Carton Gấp nếp Vina Toyo,bus_stop,platform,,,,yes,,,,693535.6908376482,1204084.8749662985
12437183252,106.7631012,10.8790809,Đường Suối Cái,bus_stop,platform,,,,yes,,,,692714.4656165247,1203169.1594560023
12437183253,106.7659417,10.8800726,Nhà thờ Xuân Hiệp,bus_stop,platform,,,,yes,,,,693024.3978542489,1203280.6658071512
12437183254,106.7704671,10.8647762,Công ty TNHH Latek (Việt Nam),bus_stop,platform,,,,yes,,,,693529.0544887868,1201591.4776184633
12437183255,106.776052,10.8596463,Tổng Công ty Việt Thắng,bus_stop,platform,,,,yes,,,,694143.0362404694,1201027.5759100905
12437183256,106.7803019,10.859636,Trường Mầm non Hạnh Phúc,bus_stop,platform,,,,yes,,,,694607.745866095,1201029.1545934076
12437183259,106.7670111,10.8413383,Ngã tư Lê Quý Đôn - Thống Nhất,bus_stop,platform,,,,yes,,,,693166.22863556,1198996.6101914758
12437183260,106.7663995,10.8443625,Ngã tư Công Lý - Einstein,bus_stop,platform,,,,yes,,,,693097.4091306676,1199330.7546789497
12437183261,106.7677078,10.8477529,Trường Trung học phổ thông Nguyễn Hữu Huân,bus_stop,platform,,,,yes,,,,693238.2929354035,1199706.6263642437
12437183262,106.7667958,10.8492301,Ngã ba đường Dân Chủ - Võ Văn Ngân,bus_stop,platform,,,,yes,,,,693137.6187214572,1199869.4530258481
12437183263,106.7663661,10.8517342,Trường Trung học cơ sở Lê Quý Đôn,bus_stop,platform,,,,yes,,,,693089.0239871382,1200146.1801757491
12437183264,106.7687917,10.8527143,Đường số 6,bus_stop,platform,,,,yes,,,,693353.6250802919,1200256.1385507858
12437183265,106.7684956,10.8514294,Nhà thiếu nhi Thủ Đức,bus_stop,platform,,,,yes,,,,693322.0738457831,1200113.8163611493
12437183266,106.7707064,10.8471152,Đường Chu Mạnh Trinh,bus_stop,platform,,,,yes,,,,693566.5950978019,1199637.9908741359
12437183267,106.7696368,10.8452113,Công viên Bình Thọ,bus_stop,platform,,,,yes,,,,693450.8602952012,1199426.7036727245
12437183268,106.7685816,10.8433073,Trường Mầm non Bình Thọ,bus_stop,platform,,,,yes,,,,693336.6985632165,1199215.4152185055
12437183272,106.7681883,10.8424335,Cơm niêu Thiên Lý,bus_stop,platform,,,,yes,,,,693294.2525891298,1199118.5068861865
12437183273,106.7695766,10.8449262,Công viên Bình Thọ,bus_stop,platform,,,,yes,,,,693444.460798738,1199395.1280144565
12437183274,106.7712816,10.8478952,Đường Nguyễn Công Trứ,bus_stop,platform,,,,yes,,,,693628.9902621917,1199724.6395297777
12437183275,106.7684777,10.8510869,Nhà thiếu nhi Thủ Đức,bus_stop,platform,,,,yes,,,,693320.3367602369,1200075.9180865083
12437183276,106.7681257,10.8531878,Đường Tô Vĩnh Diện,bus_stop,platform,,,,yes,,,,693280.4959143016,1200308.093133127
12437183277,106.7661156,10.8515862,Trường Trung học cơ sở Lê Quý Đôn,bus_stop,platform,,,,yes,,,,693061.7276856428,1200129.649608323
12437183278,106.7668064,10.8494473,Ngã ba đường Dân Chủ - Võ Văn Ngân,bus_stop,platform,,,,yes,,,,693138.6383053297,1199893.4861095166
12437183279,106.7673605,10.8478116,Trường Trung học phổ thông Nguyễn Hữu Huân,bus_stop,platform,,,,yes,,,,693200.278602005,1199712.8991183706
12437183280,106.7662876,10.8443385,Ngã tư Công Lý - Einstein,bus_stop,platform,,,,yes,,,,693085.1883405854,1199328.02884023
12437183281,106.7676083,10.840928,Ngã tư Lê Quý Đôn - Thống Nhất,bus_stop,platform,,,,yes,,,,693231.7962057649,1198951.6023924868
12437183286,106.7603986,10.8341464,Chùa Sùng Đức,bus_stop,platform,,,,yes,,,,692447.7471904042,1198196.8677020369
12437183287,106.7512794,10.840553,Hẻm 116,bus_stop,platform,,,,yes,,,,691446.4658215152,1198899.8046148275
12437183288,106.7533675,10.8447972,Cầu Nhà Trà,bus_stop,platform,,,,yes,,,,691672.0959926649,1199370.6024259764
12437183289,106.7581647,10.8474473,Trung tâm Sát hạch Loại III,bus_stop,platform,,,,yes,,,,692194.9699394435,1199666.7768006336
12437183290,106.7655331,10.8471304,Đường Lương Khải SIêu,bus_stop,platform,,,,yes,,,,693000.8929948935,1199636.385998775
12437183291,106.7646693,10.844892,Trường Đoàn Lý Tự Trọng,bus_stop,platform,,,,yes,,,,692907.8734275246,1199388.229919884
12437183292,106.7644898,10.8447136,Trường Đoàn Lý Tự Trọng,bus_stop,platform,,,,yes,,,,692888.3596530391,1199368.3818204717
12437183293,106.7657569,10.8473677,Đường Lương Khải SIêu,bus_stop,platform,,,,yes,,,,693025.2128561031,1199662.7777360706
12437183294,106.7572471,10.8470784,Trung tâm Sát hạch Loại III,bus_stop,platform,,,,yes,,,,692094.8680399184,1199625.3903372972
12437183295,106.753576,10.8450326,Cầu Nhà Trà,bus_stop,platform,,,,yes,,,,691694.7451575882,1199396.7731797846
12437183296,106.7512503,10.8406419,Hẻm 116,bus_stop,platform,,,,yes,,,,691443.2271898285,1198909.620225775
12437183297,106.7600808,10.8342835,Chùa Sùng Đức,bus_stop,platform,,,,yes,,,,692412.9072921127,1198211.8326948353
12450644865,106.7712066,10.7710727,Chung cư Thạnh Mỹ Lợi - Lô A6,bus_stop,platform,,,,yes,,,,693670.0732493986,1191226.5974696465
12450644866,106.7551365,10.8078508,Ga Metro Rạch Chiếc,bus_stop,platform,,,,yes,,,,691889.0566594606,1195284.7885380683
12450644867,106.6902105,10.7773732,Nguyễn Thị Diệu,bus_stop,platform,,,,yes,,,,684807.3611690359,1191873.4951169495
12450644868,106.6841665,10.7821527,Sở Xây dựng,bus_stop,platform,,,,yes,,,,684143.4251593287,1192398.5319706434
12450644872,106.7346524,10.7995718,Cầu Đen,bus_stop,platform,,,,yes,,,,689654.0845523853,1194356.197688262
12450644875,106.8128073,10.864827,Trường Mầm non Tân Phú,bus_stop,platform,,,,yes,,,,698158.6392189795,1201624.3938202446
12450644876,106.8100217,10.8662213,Chung cư Topaz,bus_stop,platform,,,,yes,,,,697853.1306107132,1201776.817104571
12450644877,106.8074385,10.8675205,Trường Mầm non Mai Hoa,bus_stop,platform,,,,yes,,,,697569.8188039089,1201918.8543650683
12450644878,106.8071284,10.8800484,Đại học Bách khoa - ĐHQG,bus_stop,platform,,,,yes,,,,697527.6629410988,1203304.501499464
12451337728,106.7880707,10.8586408,Ga Metro Khu Công nghệ cao,bus_stop,platform,,,,yes,,,,695457.8710734507,1200924.051162587
12451337729,106.6972392,10.7814708,Nhà Văn hóa Thanh niên,bus_stop,platform,,,,yes,,,,685573.5763838999,1192330.9989199669
12451337730,106.7713827,10.8455853,Ga Metro Thủ Đức,bus_stop,platform,,,,yes,,,,693641.5324531633,1199469.1854825034
12451337731,106.697177,10.7814056,Nhà Văn hóa Thanh niên,bus_stop,platform,,,,yes,,,,685566.8136410979,1192323.7491595207
12451337732,106.7720973,10.8459044,Ga Metro Thủ Đức,bus_stop,platform,,,,yes,,,,693719.4679025977,1199504.9387665477
12453092961,106.7880527,10.7589718,Phà Cát Lái,bus_stop,platform,,,,yes,,,,695520.4488322614,1189898.7044913995
12453092962,106.7840083,10.7625192,Trường Hải Quân,bus_stop,platform,,,,yes,,,,695075.7846645794,1190288.5390694393
12521886847,106.7728574,10.798295,The Global City - City Park (Start),bus_stop,platform,,,,yes,,,,693833.1909349492,1194238.9312077123
12521886852,106.7753638,10.799767,The Global City - Soho Art Avenue,bus_stop,platform,,,,yes,,,,694106.3615171211,1194403.3526874469
12521886853,106.7786082,10.8015217,The Global City - Đỗ Xuân Hợp,bus_stop,platform,,,,yes,,,,694460.0595293073,1194599.518408855
12521886854,106.7018991,10.7838463,Techcombank Lê Duẩn,bus_stop,platform,,,,yes,,,,686081.7623240653,1192596.5926906043
12521886855,106.7085218,10.7839399,Grand Marina SaiGon,bus_stop,platform,,,,yes,,,,686806.016045074,1192610.9808024026
12521886857,106.7748005,10.8032397,The Global City - Global Fountain,bus_stop,platform,,,,yes,,,,694042.52488246,1194787.140532052
12521886858,106.7732076,10.7997629,The Global City - City Park (End),bus_stop,platform,,,,yes,,,,693870.549198315,1194401.5303802653
12542241193,106.7783157,10.806143,Chung cư Flora Anh Đào,bus_stop,platform,,,,yes,,,,694425.0950028294,1195110.5354829868
12542241194,106.7807932,10.8077908,Đường 49,bus_stop,platform,,,,yes,,,,694694.9816391377,1195294.3919030055
12542241195,106.7843806,10.8090176,Chung cư Phố Đông,bus_stop,platform,,,,yes,,,,695086.519593901,1195432.3892468626
12542241196,106.7839025,10.8094464,Chung cư Phố Đông,bus_stop,platform,,,,yes,,,,695033.9559982294,1195479.5173512222
12542241197,106.7805421,10.8074907,Đường 49,bus_stop,platform,,,,yes,,,,694667.7139880074,1195261.0350323322
12542241198,106.7783957,10.8060667,Chung cư Flora Anh Đào,bus_stop,platform,,,,yes,,,,694433.8932479295,1195102.1461876729
12592904945,106.7609788,10.874451,Linh Xuân,bus_stop,platform,,,,yes,,,,692485.3811265428,1202655.6598487312
12592904946,106.6812113,10.7786023,Vòng xoay Dân Chủ,bus_stop,platform,,,,yes,,,,683822.3785748844,1192004.033675007
12592904947,106.6794287,10.7813722,Nguyễn Thông,bus_stop,platform,,,,yes,,,,683625.7379000689,1192309.3520644926
12679325320,106.6986479,10.7662302,Chợ Dân sinh,bus_stop,platform,,,,yes,,,,685736.9894221176,1190646.0240866363
12679325321,106.6966362,10.7700679,Ga Bến Thành,bus_stop,platform,,,,yes,,,,685514.6125090622,1191069.3100666127
12679325324,106.6829188,10.7694224,Nguyễn Đình Chiểu,bus_stop,platform,,,,yes,,,,684014.7026721116,1190989.63822798
12679325325,106.6806114,10.7714322,Điện Biên Phủ,bus_stop,platform,,,,yes,,,,683761.1188171858,1191210.5644364501
12679325326,106.6937052,10.774328,Công viên Tao Đàn,bus_stop,platform,,,,yes,,,,685191.4375155895,1191538.764238321
12684839320,106.6825219,10.7801153,Hội trường Thành ủy,bus_stop,platform,,,,yes,,,,683964.797727192,1192172.1790579206
12684839321,106.696688,10.769969,Ga Bến Thành,bus_stop,platform,,,,yes,,,,685520.338561347,1191058.4016794835
12691098997,106.8399696,10.8711788,Long Bình,bus_stop,platform,,,,yes,,,,701124.4520851895,1202344.8998237953
12767882490,106.7777796,10.8738053,Đại học Kinh tế - Luật (cổng 2),bus_stop,platform,,,,yes,,,,694322.7746318836,1202594.9386720834
12767882491,106.7741299,10.8798773,Trường Trung học phổ thông Đào Sơn Tây,bus_stop,platform,,,,yes,,,,693919.7936469633,1203264.284038652
12767882492,106.7684073,10.8904348,Trung tâm Nghiên cứu & Triển khai Công nghệ Bức xạ,bus_stop,platform,,,,yes,,,,693287.2944891948,1204428.490850321
12767882493,106.7837003,10.8574787,Công ty Cocacola,bus_stop,platform,,,,yes,,,,694980.7427696981,1200792.6931364643
12767882494,106.7839907,10.8571695,Công ty Cocacola,bus_stop,platform,,,,yes,,,,695012.6973869936,1200758.6758460929
12767882495,106.7617977,10.8791521,Ranh tỉnh Bình Dương - Thành phố Hồ Chí Minh,bus_stop,platform,,,,yes,,,,692571.8997809098,1203176.2078043523
12767882496,106.7680825,10.890858,Trung tâm Nghiên cứu & Triển khai Công nghệ Bức xạ,bus_stop,platform,,,,yes,,,,693251.5102127237,1204475.0976497342
12767882497,106.7746106,10.8792357,Trường Trung học phổ thông Đào Sơn Tây,bus_stop,platform,,,,yes,,,,693972.7669150499,1203193.618078132
12767882498,106.7776789,10.8740784,Đại học Kinh tế - Luật (cổng 2),bus_stop,platform,,,,yes,,,,694311.5872884498,1202625.0843464106
12767882499,106.7662567,10.8371103,Trạm biến áp Bình Thái,bus_stop,platform,,,,yes,,,,693086.446803206,1198528.4366966367
12767882500,106.7663886,10.8374881,Trạm biến áp Bình Thái,bus_stop,platform,,,,yes,,,,693100.6280056242,1198570.3119841074
12767885201,106.7521042,10.8371044,Đường số 11,bus_stop,platform,,,,yes,,,,691538.8520169641,1198518.847223776
12767885202,106.7537326,10.8356293,Cảng Phúc Long,bus_stop,platform,,,,yes,,,,691717.858887653,1198356.6995756498
12767885203,106.7568531,10.8343011,Công ty Cổ phần Tư vấn Xây dựng Điện 2,bus_stop,platform,,,,yes,,,,692059.9387126839,1198211.7427199634
12767885204,106.7623922,10.83436,Chung cư Lavita Garden,bus_stop,platform,,,,yes,,,,692665.6162762239,1198221.755906466
12767885205,106.7621583,10.8346117,Chung cư Lavita Garden,bus_stop,platform,,,,yes,,,,692639.8776481581,1198249.4505873318
12767885206,106.756528,10.834365,Công ty Cổ phần Tư vấn Xây dựng Điện 2,bus_stop,platform,,,,yes,,,,692024.3474733412,1198218.6062559008
12767885207,106.7539427,10.8355805,Cảng Phúc Long,bus_stop,platform,,,,yes,,,,691740.8647859861,1198351.4336788477
12767885208,106.7516304,10.8374374,Đường số 11,bus_stop,platform,,,,yes,,,,691486.8296144292,1198555.3849590132
12803901811,106.7172585,10.7765402,,,platform,,,,yes,,,,687766.1248315499,1191797.8064651233
12817058901,106.671423,10.775234,,bus_stop,,,,,,,,,682753.880946057,1191625.5970021086
12871231499,106.6865035,10.7875383,Sacombank Head Office,bus_stop,platform,,,,yes,,,,684395.7350107263,1192995.6604178548
12871242805,106.8356766,10.8063732,Trụ sở Khu phố Tam Đa,bus_stop,platform,,,,yes,,,,700698.2460939738,1195173.1070497057
12871242806,106.8275372,10.807332,Tam Đa 1,bus_stop,platform,,,,yes,,,,699807.4312623448,1195273.8339210297
12871242807,106.8350119,10.8066553,Trụ sở Khu phố Tam Đa,bus_stop,platform,,,,yes,,,,700625.3623717921,1195203.87680896
12871242808,106.754286,10.7901098,Thân Văn Nhiếp,bus_stop,platform,,,,yes,,,,691807.3059935045,1193321.788245923
12871242809,106.7933683,10.8043955,Verosa Park Khang Điền,bus_stop,platform,,,,yes,,,,696072.4470742288,1194926.8506574673
12871242810,106.7975538,10.8042395,Chung Cư The Eastern,bus_stop,platform,,,,yes,,,,696530.2978627378,1194912.2837780884
12871242811,106.797703,10.8044577,Chung Cư The Eastern,bus_stop,platform,,,,yes,,,,696546.473207701,1194936.5170651784
12871242812,106.7939909,10.8045739,Verosa Park Khang Điền,bus_stop,platform,,,,yes,,,,696140.4220964821,1194946.9849521946
12871242813,106.7540388,10.7908651,Thân Văn Nhiếp,bus_stop,platform,,,,yes,,,,691779.7911176676,1193405.1826207647
12871242814,106.7510068,10.7995825,Chung cư Imperia An Phú-Block B,bus_stop,platform,,,,yes,,,,691442.6658789252,1194367.578669708
12871242815,106.696703,10.7685607,Chùa Trường Thạnh,bus_stop,platform,,,,yes,,,,685522.8413776364,1190902.632750097
12871242817,106.6824728,10.8328643,Vòng xoay Nguyễn Huy Điển,bus_stop,platform,,,,yes,,,,683927.2941145367,1198006.9119823833
12871242818,106.6813698,10.8354326,Doanh trại quân đội nhân dân VN,bus_stop,platform,,,,yes,,,,683805.114679673,1198290.3358530458
12871242819,106.6781053,10.8411025,Chợ An Nhơn,bus_stop,platform,,,,yes,,,,683444.6932590496,1198915.5364670455
12871242820,106.678968,10.83999,Chợ An Nhơn,bus_stop,platform,,,,yes,,,,683539.7043117309,1198792.9986170947
12871242821,106.6813195,10.8353409,Doanh trại quân đội nhân dân VN,bus_stop,platform,,,,yes,,,,683799.6704444417,1198280.1622134945
12871242822,106.6825229,10.8325623,Vòng xoay Nguyễn Huy Điển,bus_stop,platform,,,,yes,,,,683932.9569202735,1197973.5368345568
12871242823,106.6820205,10.8302392,Coop Mart,bus_stop,platform,,,,yes,,,,683879.4379474034,1197716.266571723
12871242824,106.7672861,10.8371059,Ngã tư Bình Thái,bus_stop,platform,,,,yes,,,,693199.0165945278,1198528.602815895
12871242825,106.7670712,10.8369277,Ngã tư Bình Thái,bus_stop,platform,,,,yes,,,,693175.6311815679,1198508.7542778943
12871242826,106.7797625,10.8527262,Đường Trương Văn Thành,bus_stop,platform,,,,yes,,,,694553.2387463892,1200264.4517319167
12871242827,106.7727483,10.8403151,Công ty May Việt Thắng,bus_stop,platform,,,,yes,,,,693794.2540668567,1198887.0712561046
12871242828,106.77269,10.8398634,Công ty May Việt Thắng,bus_stop,platform,,,,yes,,,,693788.1697280961,1198837.0676170327
12871242829,106.7796586,10.8528229,Đường Trương Văn Thành,bus_stop,platform,,,,yes,,,,694541.8150083933,1200275.0821522304
12871242830,106.7796643,10.8217106,Khu nhà ở công nhân Lilama 18,bus_stop,platform,,,,yes,,,,694562.5442522177,1196833.4676537323
12883866029,106.7510959,10.8079928,Trường Trung học cơ sở An Phú,bus_stop,platform,,,,yes,,,,691447.0789354767,1195297.9600561003
12886584086,106.7655082,10.85668,UBND Phường Linh Chiểu,bus_stop,platform,,,,yes,,,,692992.0398917679,1200692.7327923821
12886584087,106.7651089,10.8566359,UBND Phường Linh Chiểu,bus_stop,platform,,,,yes,,,,692948.4068229857,1200687.6010562594
12886584089,106.7701388,10.8153717,Công viên Phước Bình,bus_stop,platform,,,,yes,,,,693524.9215350725,1196126.2070118967
12886584090,106.770685,10.8128951,Trường Trung cấp nghề Suleco,bus_stop,platform,,,,yes,,,,693586.2430568173,1195852.5955336033
12886584091,106.771878,10.8173859,Chợ Phước Bình,bus_stop,platform,,,,yes,,,,693713.8272277368,1196350.1186107297
12886584092,106.7222798,10.8470476,Trường Trung học phổ thông Hiệp Bình,bus_stop,platform,,,,yes,,,,688271.3208538124,1199600.1276446765
12886584093,106.7797232,10.8219607,Khu nhà ở công nhân Lilama 18,bus_stop,platform,,,,yes,,,,694568.8240557553,1196861.171071646
12886584094,106.7701044,10.8156999,Công viên Phước Bình,bus_stop,platform,,,,yes,,,,693520.9490114384,1196162.4901998835
12886584095,106.7707735,10.8126923,Trường Trung cấp nghề Suleco,bus_stop,platform,,,,yes,,,,693596.0516185393,1195830.2182227601
12887009909,106.6917232,10.7864053,Phạm Ngọc Thạch,bus_stop,platform,,,,yes,,,,684967.2845390346,1192873.4854852562
12965924815,106.7919897,10.8938368,Bcons Plaza,bus_stop,platform,,,,yes,,,,695863.4117624392,1204819.9612374343
12965924816,106.7988476,10.8886396,TTGD Quốc phòng và An ninh,bus_stop,platform,,,,yes,,,,696616.61762882,1204249.485520091
12965924818,106.8001091,10.8849886,TTGD Quốc phòng và An ninh,bus_stop,platform,,,,yes,,,,696756.941147177,1203846.4279488057
12965924819,106.7926126,10.8938616,Bcons Plaza,bus_stop,platform,,,,yes,,,,695931.4989055647,1204823.1073749585
12965924820,106.7755289,10.8889044,Siêu thị GO! Dĩ An,bus_stop,platform,,,,yes,,,,694066.9108389973,1204263.75004356
13041428598,106.7401637,10.8593998,Chung cư Đạt Gia,bus_stop,platform,,,,yes,,,,690219.0457198988,1200977.6155288739
13041428599,106.735607,10.8553419,Cầu rạch Gò Dưa,bus_stop,platform,,,,yes,,,,689723.3675838795,1200525.8951170144
13041428600,106.7294099,10.8505735,Đường số 44,bus_stop,platform,,,,yes,,,,689048.7535537635,1199994.5712193856
13041497601,106.7293284,10.8496795,Đường số 44,bus_stop,platform,,,,yes,,,,689040.4039603441,1199895.6294066908
13041497602,106.7336852,10.8544536,Cầu rạch Gò Dưa,bus_stop,platform,,,,yes,,,,689513.7910956017,1200426.435712107
13041497603,106.7398954,10.8613322,Trạm đúc bê tông,bus_stop,platform,,,,yes,,,,690188.485726424,1201191.2042188807
13095375522,106.7963749,10.775289,Trường Đại học Quản lý và Công nghệ Thành phố Hồ Chí Minh,bus_stop,platform,,,,yes,,,,696420.1697495168,1191709.025577736
13095375523,106.795641,10.7748778,Trường Đại học Quản lý và Công nghệ Thành phố Hồ Chí Minh,bus_stop,platform,,,,yes,,,,696340.1652583687,1191663.068172113
13095375526,106.791693,10.7707786,Trường Trung học cơ sở Cát Lái,bus_stop,platform,,,,yes,,,,695910.9998063757,1191207.0887426573
13095375527,106.7900404,10.770198,Trường mầm non Sơn Ca,bus_stop,platform,,,,yes,,,,695730.6178028992,1191141.8069442338
13095375528,106.7877729,10.7703933,Chung cư Citisoho,bus_stop,platform,,,,yes,,,,695482.4782955172,1191161.96336124
13095375529,106.783336,10.7665246,Chung cư Citihomes,bus_stop,platform,,,,yes,,,,694999.6719210664,1190731.184581269
13095375530,106.7532067,10.7881651,Đường số 1,bus_stop,platform,,,,yes,,,,691690.4973150555,1193105.9939071885
13095375531,106.7528623,10.7854579,Cầu Giồng Ông Tố 2,bus_stop,platform,,,,yes,,,,691654.5457999631,1192806.314715157
13095375532,106.7492075,10.7851907,The Sun Avenue SAV6,bus_stop,platform,,,,yes,,,,691254.9896183236,1192774.4710501921
13095375533,106.7471488,10.7845472,The Sun Avenue SAV3,bus_stop,platform,,,,yes,,,,691030.2362306007,1192702.0030055686
13095375534,106.74162,10.8018341,Ga An Phú,bus_stop,platform,,,,yes,,,,690414.6638143423,1194610.7789741126
13095375535,106.7298134,10.798384,Bến xe buýt dạ cầu Sài Gòn,bus_stop,platform,,,,yes,,,,689125.6167703185,1194221.8088943048
13095375537,106.7326541,10.7983733,,bus_stop,platform,,,,yes,,,,689436.294186245,1194222.3845597615
13095375538,106.7471336,10.7844668,Đường số 56,bus_stop,platform,,,,yes,,,,691028.6245672838,1192693.0999052813
13095375539,106.749349,10.7851647,Đường số 59,bus_stop,platform,,,,yes,,,,691270.4818956548,1192771.683446682
13095375540,106.7527534,10.7852774,Cầu Giồng Ông Tố 2,bus_stop,platform,,,,yes,,,,691642.7497433828,1192786.280072174
13095375541,106.7532796,10.7887959,Đường số 1,bus_stop,platform,,,,yes,,,,691698.0705109085,1193175.8170614315
13095375542,106.7839296,10.7666406,Chung cư Citihomes,bus_stop,platform,,,,yes,,,,695064.5243634083,1190744.3940839337
13095375543,106.7873518,10.7697892,Chung cư Citisoho,bus_stop,platform,,,,yes,,,,695436.8091674882,1191094.8696720041
13095375544,106.7888498,10.769609,Ventura,bus_stop,platform,,,,yes,,,,695600.773158605,1191075.8918980141
13095375545,106.7899965,10.770036,Trường mầm non Sơn Ca,bus_stop,platform,,,,yes,,,,695725.9207819017,1191123.8585653808
13095375546,106.7915949,10.7705164,Trường Trung học cơ sở Cát Lái,bus_stop,platform,,,,yes,,,,695900.4394231916,1191178.0215973523
13095375547,106.7955899,10.7746404,Trường Đại học Quản lý và Công nghệ Thành phố Hồ Chí Minh,bus_stop,platform,,,,yes,,,,696334.7300443471,1191636.7742961938
13095375548,106.8058612,10.8777851,KTX Khu A ĐHQG,bus_stop,platform,,,,yes,,,,697390.5989237246,1203053.3082247186
13095375549,106.7617422,10.856501,Trường Đại học Ngân hàng cơ sở Thủ Đức,bus_stop,platform,,,,yes,,,,692580.3623804618,1200670.5438916187
13095375550,106.7622286,10.8562111,Trường ĐH Ngân Hàng Thành phố Hồ Chí Minh,bus_stop,platform,,,,yes,,,,692633.7334704776,1200638.783787805
13095375551,106.7601203,10.8522427,Trường Cao đẳng Công Nghệ Thủ Đức,bus_stop,platform,,,,yes,,,,692405.7421673298,1200198.4713262145
13095375552,106.7597192,10.8541709,Ký túc xá Cao đẳng nghề Thành phố Hồ Chí Minh,bus_stop,platform,,,,yes,,,,692360.6495503738,1200411.5116216775
13095375553,106.7594934,10.8540899,Ký túc xá Cao đẳng nghề Thành phố Hồ Chí Minh,bus_stop,platform,,,,yes,,,,692336.0111863157,1200402.4087143133
13095375554,106.7600205,10.8521794,Trường Cao đẳng Công Nghệ Thủ Đức,bus_stop,platform,,,,yes,,,,692394.8699320796,1200191.4060571957
13095375555,106.7623971,10.8563952,Trường ĐH Ngân Hàng Thành phố Hồ Chí Minh,bus_stop,platform,,,,yes,,,,692652.0400517633,1200659.2554008183
13271612090,106.7068262,10.8706767,Đối diện khu phố Vĩnh Phú - Cổng chào Bình Dương,bus_stop,platform,,,,yes,,,,686566.865151517,1202204.3500053138
13271612092,106.7127803,10.9048358,LOTTE Mart Bình Dương,bus_stop,platform,,,,yes,,,,687196.5249197865,1205986.55313755
13272778122,106.6909237,10.7676983,Giant Ibis Transport Ho Chi Minh,,station,bus_station,,,yes,,,,684891.2685470112,1190803.7468513579
13398685107,106.6712259,10.7592422,Nhà Xe An Anh,,,bus_station,,,,,,,682741.9661681633,1189856.5807371917
13423562481,106.6995267,10.7636562,,bus_stop,platform,,,,yes,,,,685834.6852628774,1190361.8353688826
13423562482,106.7026384,10.766244,,bus_stop,platform,,,,yes,,,,686173.4384281366,1190649.971288207
13423562483,106.7048232,10.7678902,,bus_stop,platform,,,,yes,,,,686411.3868764436,1190833.3928734555
13423562484,106.7053936,10.7663418,,bus_stop,platform,,,,yes,,,,686474.7263539645,1190662.4640867643
13423562485,106.7048574,10.765257,,bus_stop,platform,,,,yes,,,,686416.7469870666,1190542.1431950268
13423562486,106.7842823,10.8552535,Trường Đại học Công nghệ TP.HCM cơ sở Khu Công nghệ cao,bus_stop,platform,,,,yes,,,,695045.8261429798,1200546.915782582
13423562488,106.7651851,10.8918345,Đầu đường số 9,bus_stop,platform,,,,yes,,,,692934.1014720093,1204581.2708176675
13423562489,106.761594,10.893916,Trung tâm hành chính Dĩ An,bus_stop,platform,,,,yes,,,,692540.1415333003,1204809.2393454649
13423562490,106.758703,10.8934281,Vạn An Tịnh Xá,bus_stop,platform,,,,yes,,,,692224.378962133,1204753.4329361042
13423562491,106.7596209,10.8889111,Đường số 5,bus_stop,platform,,,,yes,,,,692327.6342729304,1204254.3519033748
13423562492,106.7597286,10.8842786,Chợ Dĩ An 2,bus_stop,platform,,,,yes,,,,692342.382842863,1203741.9804047933
13423562493,106.7610995,10.8802154,Ranh tỉnh Bình Dương - TPHCM,bus_stop,platform,,,,yes,,,,692494.8785040147,1203293.3853155093
13423562497,106.7598792,10.8839568,Chợ Dĩ An 2,bus_stop,platform,,,,yes,,,,692359.0551332325,1203706.4789260195
13423562498,106.7596846,10.8893316,Đường số 5,bus_stop,platform,,,,yes,,,,692334.3288099365,1204300.907373626
13423562499,106.7588075,10.8936231,Vạn An Tịnh Xá,bus_stop,platform,,,,yes,,,,692235.6788797614,1204775.0698256083
13423562500,106.7614081,10.8938537,Trung tâm hành chính Dĩ An,bus_stop,platform,,,,yes,,,,692519.8569501257,1204802.229678026
13423568901,106.7648331,10.891831,Đầu đường số 9,bus_stop,platform,,,,yes,,,,692895.61887265,1204580.6595666169
13423568902,106.7708623,10.8458212,Ga Thủ Đức,bus_stop,platform,,,,yes,,,,693584.4753332564,1199494.949355899
13423568905,106.7700946,10.840249,Ban Quản lý Đường sắt đô thị TP. HCM,bus_stop,platform,,,,yes,,,,693504.1115265258,1198878.0714845438
