Timestamp,GioiTinh,NamSinh,Q1.2_DCTT_Phuong,Q1.3_DCTT_Quan,Q1.5_DCLV_Quan,Q1.6_TonGiao,Q1.7_NgheNghiep,Q1.8_TrinhDo,Q1.9_ThuNhapHoGD,Q1.10_PTDiChuyen,Q2.1_MucDo_ONKK,Q2.2_MucDo_NgapLut,Q2.3_MucDo_ONTiengOn,Q2.4_MucDo_ONNuoc,Q2.5_MucDo_UnTacGT,Q2.6_MucDoTX_TaiNanGT,Q2.7_TG_DiChuyenDiLam,Q2.8_LyDo_KSD_PTCC,Q2.9_MucDo_TiepCan_KGCC,Q2.10_CoThuongXuyen_KhamBenhGanNha,Q2.11_LyDo_ChonTruongHoc,Q2.12_MucDo_PLRac,Q2.13_MucDo_HTCTN,Q2.14_MucDich_SDN,Q2.15_MucDo_HT_CSCC,Q2.16_MucDo_HTDuongXa,Q2.17_MucDo_KGTonGiao,Q2.18_MucDo_CuaHang,Q3.1_LyDo_ChonNoiSong,Q3.2_MucDo_DeDangTimNha,Q3.3_MucDo_DeDangTimViec,Q3.4_MucDo_AnNinh,Q3.5_MucDo_CongDongDanCu,Q3.6_MucDo_PhuHop_NGTE,Q4.1_ThamGia_HDCD,Q4.2_LyDo_Tgia_HDCD,Q4.3_LyDo_KTGia_HDCD,Q4.4_MongMuon_Tgia_PTDT,Q4.5_MongMuon_Tgia_CS,Q4.6_ThachThuc_Tgia,Q4.7_MucDo_LoiThe,Q4.8_MucDo_TiepTuc,Q4.9_MucDo_ThayDoiTot,Q4.10_MongMuon_ThayDoi,Q4.11_DongY_TGiaPVSau,rid,reason_en,reason_class,income,education,commute_min,female,age,self_employed,moto,geo_ok,d_bus_m_osm2023,d_metro_m_osm2023,poi_1000m_osm2023,d_bus_m_osm2026,d_metro_m_osm2026,poi_1000m_osm2026,delta_access_m,delta_poi,treated,road_density,net_dist_bus_m_osm2023,detour_ratio_osm2023,net_dist_bus_m_osm2026,detour_ratio_osm2026,net_dist_bus_m,detour_ratio,pop_dens_2020,pop_dens_2025,built_s_2020,built_s_2025,ndbi_2023,ndbi_2026,d_ndbi,pop_growth_pct
2023-03-19 18:47:41.241,Nữ,1948,Linh Chiểu,TP. Thủ Đức,Không có,Đạo phật,Khác,Trung cấp nghề,<5 triệu/tháng,Xe máy cá nhân;,2,1,1,2,1,1,Khác:,Thói quen sử dụng xe máy để di chuyển,4,Có,Gần nhà,2,4,Nước sinh hoạt,4,4,4,4,xây nhà,4,4,4,4,4,Không,không phù hợp do lớn tuổi,Không Bắt buộc,Tham gia vào phát triển khu vực nơi tôi sinh sống,Tham gia vào phát triển khu vực nơi tôi sinh sống,Thiếu thông tin,4,4,4,"quán ăn, uống",Có,C001,Motorcycle habit,Behavioural,1,4,,1,75,0,1,True,321.573535646689,1159.6446458815838,178.0,313.310630395277,1146.2573904981723,187.0,8.262905251412008,9.0,0.0,23769.82098173405,435.48595190893934,1.3542344242761484,436.67296712673743,1.3937381140749194,436.67296712673743,1.3937381140749194,190.4390563964844,216.20001220703125,4242.0,4242.0,0.1449861675500869,0.1539984196424484,0.0090122548863291,13.527138969284684
2023-03-19 19:54:46.053,Nam,1985,Bình Thọ,TP. Thủ Đức,TP Thủ Đức,Không có,Kĩ sư,Đại học,15-25 triệu/tháng,Xe máy cá nhân;,3,2,3,3,3,3,10-20 phút,Chất lượng xe buýt và thái độ phục vụ chưa tốt,3,Có,Gần nhà,2,3,Nước sinh hoạt,4,4,4,4,An ninh và An toàn,4,4,4,4,3,Có,Không có thời gian,Không Có điều kiện tham gia,Tham gia vào phát triển khu vực nơi tôi sinh sống,Tham gia vào phát triển khu vực nơi tôi sinh sống,Thiếu thông tin,3,4,4,"Thêm sân chơi cộng đồng (công viên, sân chơi thể thao,hồ bơi..)",Không,C002,Bus quality / staff,Service,3,6,2.0,0,38,0,1,True,320.71397376469844,904.1066815190784,167.0,234.89497913178815,902.9691339178016,176.0,85.81899463291026,9.0,1.0,21756.36198190661,593.6972201354126,1.8511735337450452,314.6141449564976,1.3393821618468176,314.6141449564976,1.3393821618468176,288.0965576171875,327.0677795410156,6390.0,6390.0,0.1311175674200058,0.1241398304700851,-0.0069777355529367,13.5271390419082
2023-03-19 20:00:15.045,Nam,1970,Trường Thọ,TP. Thủ Đức,Nghĩ Hưu,Đạo phật,Nghỉ hưu,Trung học cơ sở,5-15 triệu/tháng,Xe máy cá nhân;,1,1,1,1,1,1,Khác:,Thói quen sử dụng xe máy để di chuyển,1,Có,Gần nhà,3,5,Nước sinh hoạt,3,5,4,5,Gia đình/họ hàng tôi sống ở đây,4,5,5,5,5,Có,Được mời,có tham gia,Tham gia vào phát triển khu vực nơi tôi sinh sống,Tham gia vào phát triển khu vực nơi tôi sinh sống,tuổi tác,3,4,3,"Thêm sân chơi cộng đồng (công viên, sân chơi thể thao,hồ bơi..)",Có,C003,Motorcycle habit,Behavioural,2,2,,0,53,0,1,True,325.8003536404902,1578.3795971009283,82.0,19.53708963795709,1580.7263289397936,85.0,306.2632640025331,3.0,0.0,21212.644883917557,389.7479370938639,1.1962784347494533,30.21527037444356,1.5465594381949632,30.21527037444356,1.5465594381949632,165.5373077392578,187.9297637939453,4505.0,4505.0,0.1008403375744819,0.0970249250531196,-0.0038154097273945,13.527135580795148
2023-03-19 20:04:55.235,Nữ,1952,Trường Thọ,TP. Thủ Đức,Nghĩ Hưu ,Đạo phật,Nghỉ hưu,Trung học phổ thông,<5 triệu/tháng,Xe máy cá nhân;,4,2,4,1,1,2,Khác:,Thói quen sử dụng xe máy để di chuyển,2,Có,Gần nhà,1,4,Nước sinh hoạt,4,3,4,5,Gia đình/họ hàng tôi sống ở đây,3,3,5,4,4,Có,Có điều kiện tham gia,tham gia,Tham gia vào phát triển khu vực nơi tôi sinh sống,Tham gia vào phát triển khu vực nơi tôi sinh sống,Ý kiến của tôi không được lắng nghe,3,4,4,Thêm dịch vụ tiện ích,Có,C004,Motorcycle habit,Behavioural,1,3,,1,71,0,1,True,246.90274845985743,1317.6737105185423,79.0,261.1445040459745,1325.2418337288705,82.0,-14.241755586117025,3.0,0.0,20297.355785898424,449.30092570886336,1.819748579193774,452.3838353718261,1.7323122959240371,452.3838353718261,1.7323122959240371,226.0206298828125,256.5947570800781,4841.0,4841.0,0.1143088415265083,0.1372333616018295,0.0229245200753211,13.527140072619806
2023-03-19 20:09:25.144,Nam,1968,Bình Thọ,TP. Thủ Đức,Nghĩ Hưu ,Không có,Nghỉ hưu,Trung học cơ sở,<5 triệu/tháng,Xe máy cá nhân;,1,1,1,1,1,1,Khác:,Thói quen sử dụng xe máy để di chuyển,4,Có,Gần nhà,4,4,Nước sinh hoạt,1,4,3,5,Gia đình/họ hàng tôi sống ở đây,3,3,5,4,4,Không,không tham gia,Không Thích tham gia,Không tham gia,Không tham gia,Thiếu thông tin,3,4,4,"Thêm sân chơi cộng đồng (công viên, sân chơi thể thao,hồ bơi..)",Có,C005,Motorcycle habit,Behavioural,1,2,,0,55,0,1,True,103.38521755054364,1531.874879701628,95.0,94.76443015407024,1530.281913197275,98.0,8.620787396473375,3.0,0.0,22006.45346647768,198.98979007526748,1.924741223066867,197.39177216846036,2.082973240566488,197.39177216846036,2.082973240566488,136.61611938476562,155.09637451171875,2743.0,2743.0,0.0431121587753295,0.0947402045130729,0.051628042012453,13.527141021262166
2023-03-19 20:13:30.481,Nam,1955,Bình Thọ,TP. Thủ Đức,Nghĩ Hưu ,Đạo phật,Kinh doanh,Trung học phổ thông,5-15 triệu/tháng,Xe máy cá nhân;,1,1,2,1,1,1,Khác:,Thói quen sử dụng xe máy để di chuyển,1,Không,Gần nhà,4,4,Nước sinh hoạt,4,4,4,5,Gia đình/họ hàng tôi sống ở đây,3,3,4,4,4,Không,không tham gia,Không Thích tham gia,Tham gia vào phát triển khu vực nơi tôi sinh sống,Tham gia vào phát triển khu vực nơi tôi sinh sống,tuổi tác,4,5,4,Thêm dịch vụ tiện ích,Có,C006,Motorcycle habit,Behavioural,2,3,,0,68,1,1,True,23.134508226496237,1041.6924757349493,88.0,19.643046488097166,1050.8560319410485,92.0,3.491461738399068,4.0,0.0,20411.033860475392,34.45545734952613,1.4893533509419437,36.279852837575945,1.8469565227349007,36.279852837575945,1.8469565227349007,201.7969665527344,229.0943298339844,4968.0,4968.0,0.0639519691467285,0.1206103190779686,0.0566583462059497,13.52714252724733
2023-03-19 20:31:15.589,Nam,1998,Trường Thọ,TP. Thủ Đức,Bình Thạnh,Không có,Kĩ sư,Đại học,15-25 triệu/tháng,Xe máy cá nhân;,1,3,1,1,2,2,20-30 phút,Thói quen sử dụng xe máy để di chuyển,4,Có,Gần nhà,2,2,Nước sinh hoạt,4,4,4,4,Nơi này rất đáng sống,4,2,4,4,4,Không,Bắt buộc tham gia,Không Bắt buộc,Không tham gia,Không tham gia,"Khá bận, không có thời gian",4,4,4,"Thêm sân chơi cộng đồng (công viên, sân chơi thể thao,hồ bơi..)",Không,C007,Motorcycle habit,Behavioural,3,6,3.0,0,25,0,1,True,172.04721797063155,1450.915564196535,88.0,39.35000882541112,1451.8502296498186,92.0,132.69720914522043,4.0,0.0,21897.4502694408,212.63733393040928,1.2359242796166947,140.40330279048024,3.5680628030713875,140.40330279048024,3.5680628030713875,186.8568115234375,212.13319396972656,5289.0,5289.0,0.0305877849459648,0.030584055930376,-3.727236617123708e-06,13.52713997429986
2023-03-19 20:56:28.156,Nữ,1983,Trường Thọ,TP. Thủ Đức,Quận 2,Đạo phật,"Giáo viên, nghiên cứu sinh",Đại học,>35 Triệu/tháng,Xe máy cá nhân;,4,4,3,1,3,2,20-30 phút,Thói quen sử dụng xe máy để di chuyển,2,Không,Gần nhà,2,1,Nước sinh hoạt,4,4,4,4,"Chi phí bất động sản (Đất đai, Nhà cửa, vv)",2,5,4,4,2,Không,Bắt buộc tham gia,Bận công việc,Không tham gia,Không tham gia,Thiếu thông tin,2,2,4,"Thêm sân chơi cộng đồng (công viên, sân chơi thể thao,hồ bơi..)",Không,C008,Motorcycle habit,Behavioural,5,6,3.0,1,40,0,1,True,212.289559761624,1491.8021851357682,86.0,29.34790703959846,1492.7833790176126,89.0,182.9416527220255,3.0,0.0,21829.825617224174,440.2799679538866,2.073959588254217,188.74851234614567,6.431413050732089,188.74851234614567,6.431413050732089,186.8568115234375,212.13319396972656,5289.0,5289.0,0.0780792534351348,0.077856421470642,-0.0002228298108093,13.52713997429986
2023-03-19 22:40:43.855,Nữ,1980,Linh Trung,TP. Thủ Đức,TP. Thủ Đức,Đạo phật,"Giáo viên, nghiên cứu sinh",Thạc sĩ,5-15 triệu/tháng,Xe máy cá nhân;,2,1,3,4,2,3,20-30 phút,Thói quen sử dụng xe máy để di chuyển,4,Có,Gần nhà,4,4,Nước sinh hoạt,3,3,3,4,An ninh và An toàn,4,2,4,4,4,Không,không tham gia,Không Thích tham gia,Tham gia vào phát triển khu vực nơi tôi sinh sống,Tham gia vào phát triển khu vực nơi tôi sinh sống,Công việc khá bận rộn,4,4,3,Thêm nơi làm việc,Có,C009,Motorcycle habit,Behavioural,2,7,3.0,1,43,0,1,True,69.43598551764126,1999.711886991312,98.0,36.37883274070507,1983.6517040404292,99.0,33.057152776936185,1.0,0.0,18797.66124120393,82.71640104906986,1.1912612809110992,51.34526369929944,1.4114049250911809,51.34526369929944,1.4114049250911809,228.8444976806641,259.8006286621094,4864.0,4864.0,0.183904618024826,0.1642960757017135,-0.0196085385978221,13.527146728536316
2023-03-19 23:43:21.251,Nữ,1964,Linh Tây,TP. Thủ Đức,Nghỉ Hưu,Không có,Nghỉ hưu,Trung học phổ thông,>35 Triệu/tháng,Xe máy cá nhân;,1,3,1,2,3,1,<10 phút,Thói quen sử dụng xe máy để di chuyển,3,Có,Gần nhà,3,5,Nước sinh hoạt,4,4,3,2,Gia đình/họ hàng tôi sống ở đây,2,2,4,4,4,Có,Thích tham gia,Có tham gia,Tham gia vào phát triển khu vực nơi tôi sinh sống,Tham gia vào phát triển khu vực nơi tôi sinh sống,Có tham gia,4,4,4,Không ý kiến,Có,C010,Motorcycle habit,Behavioural,5,3,1.0,1,59,0,1,True,97.24032822527025,2351.325505087437,63.0,83.63026093311926,2347.9237040706475,66.0,13.610067292150973,3.0,0.0,25923.067847202565,185.66570123921505,1.909348771520964,139.8474991488496,1.672211680179838,139.8474991488496,1.672211680179838,184.8448638916016,209.84909057617188,4607.0,4607.0,0.1027518287301063,0.1032094210386276,0.0004575901257339,13.527141711242528
2023-03-19 23:52:18.864,Nữ,1980,Trường Thọ,TP. Thủ Đức,Thủ Đức,Không có,Khác,Cao Đẳng,5-15 triệu/tháng,Xe máy cá nhân;,3,1,3,5,4,2,Khác:,Thói quen sử dụng xe máy để di chuyển,4,Không,Gần nhà,2,4,Nước sinh hoạt,4,4,4,5,"Gia đình/họ hàng tôi sống ở đây, Dịch vụ giao thông công cộng ở đây rất tốt, An ninh và An toàn",2,4,4,4,5,Không,,Không Có điều kiện tham gia,Không tham gia,Không tham gia,Tôi không có đủ kiến thức,5,5,5,"Thêm sân chơi cộng đồng (công viên, sân chơi thể thao,hồ bơi..)",Có,C011,Motorcycle habit,Behavioural,2,5,,1,43,0,1,True,509.947038320424,669.3667623066983,33.0,404.6651346819723,676.3271373858764,40.0,105.28190363845177,7.0,1.0,15499.750093193928,630.6797617184639,1.236755416397139,481.7951728560759,1.1906021338722952,481.7951728560759,1.1906021338722952,306.1371765136719,347.5487670898437,3815.0,3815.0,-0.0905902981758117,0.0228758174926042,0.1134661138057708,13.527135465144156
2023-03-19 23:54:53.907,Nữ,2003,Phước Long A,TP. Thủ Đức,Thủ Đức,Đạo phật,Sinh viên/ học sinh,Đại học,15-25 triệu/tháng,Xe máy cá nhân;,2,3,4,3,4,2,20-30 phút,Không cảm thấy thoải mái khi phải đi bộ đến các trạm,4,Có,Gần nhà,4,4,Nước sinh hoạt,4,3,4,4,Gia đình/họ hàng tôi sống ở đây,3,3,4,4,4,Không,,Không Bắt buộc,Tham gia vào phát triển khu vực nơi tôi sinh sống,Tham gia vào phát triển khu vực nơi tôi sinh sống,Thiếu thông tin,4,4,4,Thêm dịch vụ tiện ích,Có,C012,Walking discomfort,Experiential,3,6,3.0,1,20,0,1,True,199.3793014653606,399.1166487257979,36.0,126.27971545511078,391.489216836914,42.0,73.09958601024984,6.0,1.0,23647.81694979761,211.232877802694,1.0594523917488636,230.8169071551745,1.8278225154634915,230.8169071551745,1.8278225154634915,123.21268463134766,138.0988006591797,3483.0,3483.0,0.1332390308380127,0.1707120835781097,0.0374730452895164,12.081642464305755
2023-03-20 00:03:04.287,Nữ,1974,Trường Thọ,TP. Thủ Đức,Thủ Đức,Đạo phật,Nhân viên văn phòng (admin/kế toán/quản lý chung),Trung học phổ thông,5-15 triệu/tháng,Xe máy cá nhân;,3,2,1,1,1,2,<10 phút,Thói quen sử dụng xe máy để di chuyển,4,Có,Gần nhà,2,5,Nước sinh hoạt,4,4,5,5,An ninh và An toàn,3,3,4,5,5,Không,,Không Có điều kiện tham gia,Không tham gia,Không tham gia,Không muốn tham gia,4,4,4,"Thêm sân chơi cộng đồng (công viên, sân chơi thể thao,hồ bơi..)",Không,C013,Motorcycle habit,Behavioural,2,3,1.0,1,49,0,1,True,628.8443449527942,1589.7683218641885,19.0,149.57964683360473,1600.4993431961236,20.0,479.2646981191895,1.0,0.0,17449.60602306052,930.5804740129664,1.479826417271547,166.85176875892685,1.1154710703691924,166.85176875892685,1.1154710703691924,200.14190673828125,227.2153778076172,4685.0,4685.0,-0.0333857014775276,0.0917262509465217,0.1251119524240493,13.527137574810354
2023-03-20 00:09:33.780,Nữ,1998,Trường Thọ,TP. Thủ Đức,Thủ Đức,Không có,Khác,Trung học phổ thông,25-35 Triệu/tháng,Xe máy cá nhân;,4,4,2,3,3,2,Khác:,Thói quen sử dụng xe máy để di chuyển,4,Có,Gần nhà,2,2,Nước sinh hoạt,4,4,4,4,Gia đình/họ hàng tôi sống ở đây,2,4,4,4,4,Không,,Không Bắt buộc,Tham gia vào phát triển khu vực nơi tôi sinh sống,Tham gia vào phát triển khu vực nơi tôi sinh sống,Thiếu thông tin,4,4,4,"Thêm sân chơi cộng đồng (công viên, sân chơi thể thao,hồ bơi..)",Có,C014,Motorcycle habit,Behavioural,4,3,,1,25,0,1,True,668.3002863495441,1407.3229185760435,9.0,68.50407938963119,1419.4859747791886,11.0,599.7962069599129,2.0,0.0,17766.870771500573,899.9091095994328,1.3465640042068594,248.1762295022938,3.622794900880865,248.1762295022938,3.622794900880865,259.8222351074219,294.96875,5475.0,5475.0,0.0644106939435005,0.0723000913858413,0.0078894002363085,13.527138998726194
2023-03-20 00:11:33.008,Nam,1996,Trường Thọ,TP. Thủ Đức ,Thủ Đức ,Không có,Khác,Cao Đẳng,5-15 triệu/tháng,Xe máy cá nhân;,4,2,2,4,1,1,10-20 phút,Thói quen sử dụng xe máy để di chuyển,2,Không,Gần nhà,4,4,Nước sinh hoạt,4,3,5,5,"Tôi có thể kiếm sống ở đây, Chi phí bất động sản (Đất đai, Nhà cửa, vv), An ninh và An toàn",5,4,4,4,4,Không,,Không Thích tham gia,Không tham gia,Không tham gia,Tôi không được cho phép tham gia,3,4,4,"Thêm sân chơi cộng đồng (công viên, sân chơi thể thao,hồ bơi..)",Có,C015,Motorcycle habit,Behavioural,2,5,2.0,0,27,0,1,True,623.5447486477689,1599.114513722598,19.0,146.43808473657845,1609.8506882760066,21.0,477.1066639111904,2.0,0.0,17226.316708384973,919.1823685015517,1.474124143447456,178.76509587700576,1.2207554899299529,178.76509587700576,1.2207554899299529,200.14190673828125,227.2153778076172,4685.0,4685.0,-0.0333857014775276,0.0917262509465217,0.1251119524240493,13.527137574810354
2023-03-20 00:14:28.304,Nữ,1968,Trường Thọ,TP. Thủ Đức,Quận 1,Đạo phật,Khác,Tiểu học,25-35 Triệu/tháng,Xe máy cá nhân;,4,4,2,4,3,1,>30 phút,Thói quen sử dụng xe máy để di chuyển,4,Không,Gần nhà,1,3,Nước sinh hoạt,4,4,4,4,Gia đình/họ hàng tôi sống ở đây,2,4,4,4,5,Không,,Không Bắt buộc,Tham gia vào phát triển khu vực nơi tôi sinh sống,Tham gia vào phát triển khu vực nơi tôi sinh sống,Thiếu thông tin,3,4,4,"Thêm sân chơi cộng đồng (công viên, sân chơi thể thao,hồ bơi..)",Có,C016,Motorcycle habit,Behavioural,4,1,4.0,1,55,0,1,True,620.6995424574854,1592.7503749010343,18.0,96.31270394315236,1603.6865783567366,20.0,524.386838514333,2.0,0.0,17526.936005951004,979.1546796703444,1.577501855074126,130.40086429151032,1.353932128917055,130.40086429151032,1.353932128917055,200.14190673828125,227.2153778076172,4685.0,4685.0,0.0487782061100006,0.0799999982118606,0.0312217958271503,13.527137574810354
2023-03-20 00:40:07.591,Nữ,2003,Phước Long A,TP. Thủ Đức,TP. Thủ Đức,Thiên Chúa Giáo,Kinh doanh,Trung học phổ thông,15-25 triệu/tháng,Xe máy cá nhân;,3,1,3,1,4,1,Khác:,Thói quen sử dụng xe máy để di chuyển,5,Không,Gần nơi làm việc,3,5,Cả hai,3,3,4,5,Tôi có thể kiếm sống ở đây,3,3,5,5,4,Không,,,Không tham gia,Không tham gia,Thiếu thông tin,5,5,4,Thêm dịch vụ tiện ích,Có,C017,Motorcycle habit,Behavioural,3,3,,1,20,1,1,True,563.4346185735102,442.0558072386443,29.0,192.8055921826401,439.4791268015383,40.0,370.6290263908701,11.0,1.0,25972.167789733045,745.3562155857081,1.3228796936063008,335.7747864001294,1.7415199559256456,335.7747864001294,1.7415199559256456,146.5019073486328,164.2017364501953,4167.0,4167.0,0.0414526760578155,0.0505487211048603,0.0090960413217544,12.081637312367508
2023-03-20 00:47:05.016,Nam,1960,Phước Long A,TP. Thủ Đức,TP. Thủ Đức,Đạo phật,Khác,Trung học cơ sở,5-15 triệu/tháng,Xe điện 2 bánh cá nhân;,1,1,1,1,1,1,Khác:,Thói quen sử dụng xe máy để di chuyển,3,Không,Gần nhà,3,5,Nước sinh hoạt,3,4,5,5,"Nơi này rất đáng sống, An ninh và An toàn",3,3,4,4,4,Có,Thích tham gia,,Tham gia vào phát triển khu vực nơi tôi sinh sống,Tham gia vào phát triển khu vực nơi tôi sinh sống,Thiếu thông tin,4,4,4,"Thêm sân chơi cộng đồng (công viên, sân chơi thể thao,hồ bơi..)",Có,C018,Motorcycle habit,Behavioural,2,2,,0,63,0,0,True,548.3295950175177,789.2122617440086,22.0,203.85174833215584,762.0105142126273,32.0,344.4778466853619,10.0,1.0,26332.67716360419,751.8770659430584,1.3712137239629347,311.1045124890786,1.526131196001151,311.1045124890786,1.526131196001151,185.7291717529297,208.16830444335935,4822.0,4822.0,0.0241147074848413,0.0139431124553084,-0.0101715959608554,12.08164149909624
2023-03-20 13:33:06.864,Nam,1949,Trường Thọ,TP. Thủ Đức,Nghĩ Hưu,Không có,Nghỉ hưu,Trung học phổ thông,<5 triệu/tháng,Xe máy cá nhân;,1,1,1,1,1,1,Khác:,Thói quen sử dụng xe máy để di chuyển,3,Có,Gần nhà,2,4,Nước sinh hoạt,3,4,4,4,"Gia đình/họ hàng tôi sống ở đây, An ninh và An toàn",3,3,4,5,5,Có,Được mời,Không Bắt buộc,Tham gia vào phát triển khu vực nơi tôi sinh sống,Tham gia vào phát triển khu vực nơi tôi sinh sống,Tuổi tác,3,4,5,"Thêm sân chơi cộng đồng (công viên, sân chơi thể thao,hồ bơi..)",Có,C019,Motorcycle habit,Behavioural,1,3,,0,74,0,1,True,100.08115023290466,1008.2363017939476,86.0,111.1063737633822,1021.2660886196172,92.0,-11.025223530477533,6.0,0.0,18753.2114607639,123.44934708139436,1.233492488786432,152.53350617236262,1.372860088991886,152.53350617236262,1.372860088991886,302.6396789550781,343.57818603515625,4828.0,4828.0,0.1908862143754959,0.1827798336744308,-0.0081063825637102,13.527144630018846
2023-03-20 21:44:45.627,Nữ,1981,Linh Chiểu,TP. Thủ Đức,Không Có,Không có,Nhân viên văn phòng (admin/kế toán/quản lý chung),Đại học,5-15 triệu/tháng,Xe điện 2 bánh cá nhân;,4,2,3,2,1,1,>30 phút,Chất lượng xe buýt và thái độ phục vụ chưa tốt,4,Có,Gần nhà,3,4,Nước sinh hoạt,4,3,3,4,Gia đình/họ hàng tôi sống ở đây,4,3,4,4,4,Không,Có điều kiện tham gia,Không Có điều kiện tham gia,Không tham gia,Không tham gia,Thiếu thông tin,2,2,3,"Thêm nơi làm việc, Thêm sân chơi cộng đồng (công viên, sân chơi thể thao,hồ bơi..)",Có,C020,Bus quality / staff,Service,2,6,4.0,1,42,0,0,True,358.7655819297312,1460.6581449805103,145.0,109.04568481558329,1447.8604262510064,151.0,249.7198971141479,6.0,0.0,22697.077044783346,520.6061907547938,1.4511040550616732,183.1675910252893,1.6797325940504673,183.1675910252893,1.6797325940504673,229.20138549804688,260.2057800292969,5783.0,5783.0,0.1142798066139221,0.1577990055084228,0.0435191914439201,13.52714097424782
2023-03-20 21:51:02.645,Nam,1990,Linh Chiểu,TP. Thủ Đức,Quận 2,Thiên Chúa Giáo,Nhân viên văn phòng (admin/kế toán/quản lý chung),Trung cấp nghề,5-15 triệu/tháng,Xe máy cá nhân;,2,1,1,1,1,1,<10 phút,Thói quen sử dụng xe máy để di chuyển,4,Có,Gần nhà,4,4,Cả hai,4,4,4,4,Gia đình/họ hàng tôi sống ở đây,4,4,4,4,4,Có,Được mời,Không Bắt buộc,Tham gia vào phát triển khu vực nơi tôi sinh sống,Tham gia vào phát triển khu vực nơi tôi sinh sống,Thiếu thông tin,4,4,4,Thêm dịch vụ tiện ích,Có,C021,Motorcycle habit,Behavioural,2,4,1.0,0,33,0,1,True,365.1414958004135,1457.3160724334125,145.0,115.4742206642804,1444.5893220510832,151.0,249.6672751361331,6.0,0.0,22520.56190930938,517.9229497886577,1.4184171225276312,180.4843500591533,1.5629839198818027,180.4843500591533,1.5629839198818027,229.20138549804688,260.2057800292969,5783.0,5783.0,0.0674157291650772,0.0727351903915405,0.0053194612264633,13.52714097424782
2023-03-20 21:56:00.130,Nam,2004,Linh Chiểu,TP. Thủ Đức,Thủ Đức,Không có,Khác,Đại học,<5 triệu/tháng,Khác,2,2,3,2,4,2,<10 phút,Không cảm thấy thoải mái khi phải đi bộ đến các trạm,4,Không,Gần nhà,5,5,Nước sinh hoạt,5,4,4,3,Nơi này rất đáng sống,4,4,4,4,4,Không,Bắt buộc tham gia,Không Bắt buộc,Không tham gia,Không tham gia,Tôi không được cho phép tham gia,4,4,4,Thêm trung tâm thương mại,Có,C022,Walking discomfort,Experiential,1,6,1.0,0,19,0,0,True,406.7085436810864,1426.7528710262818,146.0,158.3064700035375,1414.4517458440423,151.0,248.4020736775489,5.0,0.0,22470.968061979776,530.1052492149043,1.303403278468075,231.2326674974756,1.4606646683000923,231.2326674974756,1.4606646683000923,176.48480224609375,200.35813903808597,4682.0,4682.0,0.0496319159865379,0.0399821810424327,-0.0096497358754277,13.527134624715591
2023-03-20 22:00:25.559,Nữ,1971,Linh Chiểu,TP. Thủ Đức,Quận 7,Không có,Nhân viên văn phòng (admin/kế toán/quản lý chung),Đại học,5-15 triệu/tháng,Xe máy cá nhân;,3,1,3,2,2,2,Khác:,Số lượng điểm dừng và tần suất các chuyến chưa đủ,4,Có,Gần nhà,3,5,Nước sinh hoạt,5,4,4,3,nhà ở,4,4,5,4,4,Không,Có điều kiện tham gia,Không Bắt buộc,Tham gia vào phát triển khu vực nơi tôi sinh sống,Tham gia vào phát triển khu vực nơi tôi sinh sống,Tôi không được cho phép tham gia,4,4,4,"Thêm sân chơi cộng đồng (công viên, sân chơi thể thao,hồ bơi..)",Có,C023,Stop density / frequency,Infrastructure,2,6,,1,52,0,1,True,434.6718304613185,1422.2584727488943,147.0,185.57901358320817,1410.3365744839962,152.0,249.09281687811028,5.0,0.0,22730.21405942475,573.2788084499442,1.318877296100651,236.27550138158608,1.2731800693382127,236.27550138158608,1.2731800693382127,176.48480224609375,200.35813903808597,4682.0,4682.0,0.1270758956670761,0.1375535428524017,0.0104776443913578,13.527134624715591
2023-03-20 22:37:25.625,Nam,1955,Trường Thọ,TP. Thủ Đức,Đã nghỉ hưu,Không có,Nghỉ hưu,Trung học phổ thông,<5 triệu/tháng,Xe máy cá nhân;,3,3,2,1,3,2,Khác:,Thói quen sử dụng xe máy để di chuyển,2,Có,Gần nhà,4,2,Nước sinh hoạt,4,4,4,4,Nơi này rất đáng sống,3,4,4,4,4,Có,Được mời,,Tham gia vào phát triển khu vực nơi tôi sinh sống,Tham gia vào phát triển khu vực nơi tôi sinh sống,Tôi không có đủ kiến thức,2,4,4,"Thêm sân chơi cộng đồng (công viên, sân chơi thể thao,hồ bơi..)",Có,C024,Motorcycle habit,Behavioural,1,3,,0,68,0,1,True,427.2317837328892,1648.2048299446474,73.0,129.89833360752843,1651.7562419388173,76.0,297.33345012536074,3.0,0.0,20641.158776706958,525.0958514141256,1.2290655129310843,201.63904784898747,1.5522835609132188,201.63904784898747,1.5522835609132188,205.0446319580078,232.78131103515625,5529.0,5529.0,0.138416901230812,0.1334721744060516,-0.0049447389319539,13.527142267654575
2023-03-20 22:48:07.147,Nữ,1972,Trường Thọ,TP. Thủ Đức,TP. Thủ Đức,Đạo phật,Kinh doanh,Trung học phổ thông,<5 triệu/tháng,Xe máy cá nhân;,3,3,1,1,1,2,<10 phút,Thói quen sử dụng xe máy để di chuyển,4,Có,Gần nhà,2,4,Nước sinh hoạt,4,4,4,4,Gia đình/họ hàng tôi sống ở đây,2,2,5,4,4,Không,Bắt buộc tham gia,Bận,Không tham gia,Không tham gia,Bận,4,4,4,"Không cần thêm, vì đã có đủ",Không,C025,Motorcycle habit,Behavioural,1,3,1.0,1,51,1,1,True,414.6930516775249,1655.0635713505226,76.0,103.92464146301876,1658.042742403898,77.0,310.76841021450616,1.0,0.0,20759.751247274267,517.5680561822822,1.248075061997314,158.03538946286187,1.5206729341385146,158.03538946286187,1.5206729341385146,205.0446319580078,232.78131103515625,5529.0,5529.0,0.1345869451761245,0.1413226574659347,0.0067357192747294,13.527142267654575
2023-03-20 22:56:03.479,Nữ,1976,Trường Thọ,TP. Thủ Đức,TP. Thủ Đức,Đạo phật,Kinh doanh,Trung học cơ sở,5-15 triệu/tháng,Xe máy cá nhân;,3,1,3,1,3,1,<10 phút,Thói quen sử dụng xe máy để di chuyển,2,Có,Gần nhà,2,4,Cả hai,4,4,4,4,Gia đình/họ hàng tôi sống ở đây,4,5,5,4,2,Không,Bắt buộc tham gia,Bận,Không tham gia,Không tham gia,Bận,4,4,4,"Thêm sân chơi cộng đồng (công viên, sân chơi thể thao,hồ bơi..)",Không,C026,Motorcycle habit,Behavioural,2,2,1.0,1,47,1,1,True,424.5529808756509,1669.0502538157928,76.0,111.19550230803128,1671.927167283765,78.0,313.35747856761964,2.0,0.0,20895.40503814784,527.2741204391292,1.2419512856831518,167.74145371970883,1.5085273256380034,167.74145371970883,1.5085273256380034,205.0446319580078,232.78131103515625,5529.0,5529.0,0.1345869451761245,0.1413226574659347,0.0067357192747294,13.527142267654575
2023-03-20 23:09:25.061,Nữ,1980,Trường Thọ,TP. Thủ Đức,Không,Thiên Chúa Giáo,Khác,Trung học phổ thông,5-15 triệu/tháng,Xe máy cá nhân;,3,4,3,1,4,3,Khác:,Thói quen sử dụng xe máy để di chuyển,4,Có,Gần nhà,2,1,Nước sinh hoạt,4,4,5,5,Gia đình/họ hàng tôi sống ở đây,2,5,5,4,4,Không,Bắt buộc tham gia,Chăm sóc em bé,Không tham gia,Không tham gia,Không có thời gian,3,4,4,Thêm trung tâm thương mại,Không,C027,Motorcycle habit,Behavioural,2,3,,1,43,0,1,True,25.800748751178624,1053.393192270926,88.0,23.96348709158194,1062.4442250625364,92.0,1.8372616595966849,4.0,0.0,20639.37184453277,43.91081461800365,1.7019201667935209,45.735210106053465,1.9085373481441128,45.735210106053465,1.9085373481441128,201.7969665527344,229.0943298339844,4968.0,4968.0,0.0639519691467285,0.1206103190779686,0.0566583462059497,13.52714252724733
2023-03-20 23:16:39.781,Nữ,1983,Bình Thọ,TP. Thủ Đức,TP. Thủ Đức,Đạo phật,Kinh doanh,Trung học phổ thông,5-15 triệu/tháng,Xe máy cá nhân;,3,3,2,3,4,2,<10 phút,Thói quen sử dụng xe máy để di chuyển,4,Có,Gần nhà,4,4,Nước sinh hoạt,5,4,5,5,Gia đình/họ hàng tôi sống ở đây,4,2,5,4,4,Không,Bắt buộc tham gia,Bận,Không tham gia,Không tham gia,Không có thời gian,5,4,4,"Thêm sân chơi cộng đồng (công viên, sân chơi thể thao,hồ bơi..)",Không,C028,Motorcycle habit,Behavioural,2,3,1.0,1,40,1,1,True,45.80109955218337,1422.7119070679437,122.0,42.33574891802453,1419.6307551011566,126.0,3.4653506341588454,4.0,0.0,21924.386044316678,56.648854828302014,1.2368448657823,46.27351233986101,1.0930127261823392,46.27351233986101,1.0930127261823392,274.1199951171875,311.2005920410156,6147.0,6147.0,0.1159253269433975,0.1608573347330093,0.0449320003390312,13.52714051668358
2023-03-21 11:24:59.631,Nam,2004,Linh Trung,TP. Thủ Đức ,Thủ Đức ,Không có,Sinh viên/ học sinh,Đại học,5-15 triệu/tháng,Xe máy cá nhân;,2,3,2,1,2,2,<10 phút,Chất lượng xe buýt và thái độ phục vụ chưa tốt,4,Có,Gần nhà,4,2,Cả hai,4,5,4,5,"Gia đình/họ hàng tôi sống ở đây, Tôi có thể kiếm sống ở đây",4,4,4,4,4,Có,Bắt buộc tham gia,Không Có điều kiện tham gia,Tham gia vào phát triển khu vực nơi tôi sinh sống,Tham gia vào phát triển khu vực nơi tôi sinh sống,Ý kiến của tôi không được lắng nghe,2,4,4,"Thêm sân chơi cộng đồng (công viên, sân chơi thể thao,hồ bơi..)",Có,C029,Bus quality / staff,Service,2,6,1.0,0,19,0,1,True,744.4533918312765,1220.7697191081836,19.0,66.9788879729447,1226.5828174233395,24.0,677.4745038583318,5.0,0.0,19169.81730108746,836.1025048805172,1.1231092692368474,120.12760554521572,1.793514481663831,120.12760554521572,1.793514481663831,172.7285614013672,196.09381103515625,4296.0,4296.0,0.1185044348239898,0.0775795206427574,-0.0409249179065227,13.52714886537816
2023-03-21 11:36:33.467,Nam,2000,Bình Thọ,TP. Thủ Đức ,Schneider electric,Không có,Kĩ sư,Thạc sĩ,15-25 triệu/tháng,Xe máy cá nhân;,3,3,3,3,3,2,>30 phút,Không cảm thấy thoải mái khi phải đi bộ đến các trạm,4,Có,Gần nơi làm việc,4,4,Cả hai,4,4,4,4,An ninh và An toàn,3,3,4,3,4,Có,Có điều kiện tham gia,Đã tham gia ,Tham gia vào phát triển khu vực nơi tôi sinh sống,Tham gia vào phát triển khu vực nơi tôi sinh sống,Không cung cấp,3,4,3,Thêm dịch vụ tiện ích,Không,C030,Walking discomfort,Experiential,3,7,4.0,0,23,0,1,True,274.7019142017013,335.6313157134952,176.0,125.922070752604,331.90882294408743,189.0,148.77984344909729,13.0,1.0,24300.86755296948,450.13019387424015,1.6386132407644227,251.8083365045461,1.9997156574661776,251.8083365045461,1.9997156574661776,199.55303955078125,226.5468597412109,4102.0,4102.0,0.1178736537694931,0.1546464413404464,0.0367727950215339,13.527140579364834
2023-03-21 11:38:00.492,Nữ,1973,Bình Thọ,TP. Thủ Đức,TP.Thủ Đức,Đạo phật,Khác,Trung học cơ sở,<5 triệu/tháng,Xe đạp;,1,1,1,1,1,1,Khác:,Không cảm thấy thoải mái khi phải đi bộ đến các trạm,4,Không,Gần nhà,2,4,Nước sinh hoạt,4,4,4,4,Gia đình/họ hàng tôi sống ở đây,2,2,4,4,4,Không,Không tham gia,Không Thích tham gia,Không tham gia,Không tham gia,Thiếu thông tin,2,4,4,Thêm nơi làm việc,Không,C031,Walking discomfort,Experiential,1,2,,1,50,0,0,True,145.3199303955912,1129.9799241569983,113.0,185.9415298347908,1132.2311235555835,117.0,-40.62159943919957,4.0,0.0,21672.1029492918,157.32443359534608,1.082607410883532,200.4303736790303,1.07792150498661,200.4303736790303,1.07792150498661,160.72825622558594,182.4701995849609,4259.0,4259.0,0.1191381514072418,0.1559441983699798,0.0368060506880283,13.52714442994993
2023-03-21 11:42:47.270,Nam,1959,Bình Thọ,TP. Thủ Đức ,Thủ Đức ,Không có,Kinh doanh,Trung học cơ sở,5-15 triệu/tháng,Xe máy cá nhân;,1,1,1,1,1,2,Khác:,Thói quen sử dụng xe máy để di chuyển,3,Có,Gần nhà,4,4,Nước sinh hoạt,3,4,3,4,"Gia đình/họ hàng tôi sống ở đây, An ninh và An toàn",3,3,4,4,4,Có,Được mời,Tham gia ,Không tham gia,Không tham gia,Tôi không có đủ kiến thức,3,4,3,Thêm nơi làm việc,Không,C032,Motorcycle habit,Behavioural,2,2,,0,64,1,1,True,271.1983429640437,321.2445511625056,177.0,139.63349695998417,317.0385276530317,190.0,131.56484600405955,13.0,1.0,23767.0792618147,441.5227713681052,1.6280437651001562,243.20091399841115,1.7417089687878196,243.20091399841115,1.7417089687878196,199.55303955078125,226.5468597412109,4102.0,4102.0,0.1178736537694931,0.1546464413404464,0.0367727950215339,13.527140579364834
2023-03-21 11:50:49.494,Nam,2004,Linh Chiểu,TP. Thủ Đức,Thủ Đức ,Không có,Đang kiếm việc làm,Đại học,<5 triệu/tháng,Xe buýt,1,1,3,2,1,1,<10 phút,Số lượng điểm dừng và tần suất các chuyến chưa đủ,2,Không,Gần nhà,2,2,Nước sinh hoạt,4,3,3,3,Gia đình/họ hàng tôi sống ở đây,3,4,4,4,4,Không,Bận đi học,Không Được mời,Không tham gia,Không tham gia,Không muốn tìm hiểu ,2,2,3,Chưa tìm hiểu ,Có,C033,Stop density / frequency,Infrastructure,1,6,1.0,0,19,0,0,True,143.22372791176338,1967.4978633949495,89.0,45.8675290007525,1962.8375073201012,91.0,97.35619891101088,2.0,0.0,24962.847033874423,214.65011271247755,1.498704969086674,52.9098323296822,1.153535703412629,52.9098323296822,1.153535703412629,204.14349365234372,231.75827026367188,5618.0,5618.0,0.0474999994039535,0.0876675024628639,0.04016749933362,13.52714020773842
2023-03-21 11:58:54.342,Nam,1999,Bình Thọ,TP. Thủ Đức ,9 cũ,Không có,Kĩ sư,Đại học,5-15 triệu/tháng,Xe máy cá nhân;,3,3,2,2,2,1,10-20 phút,Thiếu cơ sở hạ tầng giữ xe cá nhân tại các trạm giao thông công cộng,3,Không,Gần nơi làm việc,3,4,Cả hai,3,3,3,3,"Chi phí bất động sản (Đất đai, Nhà cửa, vv)",4,5,3,3,3,Không,Có điều kiện tham gia,Tham gia,Không tham gia,Không tham gia,Thiếu thông tin,5,3,3,Thêm các khu nhà ở,Không,C034,No parking at stops,Infrastructure,2,6,2.0,0,24,0,1,True,222.71012332084743,398.5607099044454,179.0,70.61937995582872,392.23534922892514,193.0,152.0907433650187,14.0,1.0,23489.885774892136,307.5019875486329,1.3807274809220504,114.33249715375104,1.6189960493176827,114.33249715375104,1.6189960493176827,217.25015258789065,246.63787841796875,4575.0,4575.0,-0.0240704696625471,-0.0204554218798875,0.0036150475498288,13.52713702614733
2023-03-21 12:03:51.381,Nữ,1972,Bình Thọ,TP. Thủ Đức ,Thủ Đức ,Đạo phật,Kinh doanh,Tiểu học,<5 triệu/tháng,Xe máy cá nhân;,2,1,3,1,1,3,Khác:,Thói quen sử dụng xe máy để di chuyển,4,Không,Ở xa (vì lý do khác),4,4,Nước sinh hoạt,4,4,4,4,An ninh và An toàn,3,3,4,4,4,Không,Không có thời gian,Không Thích tham gia,Không tham gia,Không tham gia,Tôi không có đủ kiến thức,3,4,3,Nhà vệ sinh công cộng,Không,C035,Motorcycle habit,Behavioural,1,1,,1,51,1,1,True,36.4804398122523,376.2546305540779,166.0,30.95700092995873,353.73931955724527,180.0,5.5234388822935685,14.0,1.0,27558.966900898227,85.14861533598096,2.334089604571681,66.54007005834843,2.149435283117302,66.54007005834843,2.149435283117302,77.17222595214844,87.6114273071289,1444.0,1444.0,0.136845588684082,0.1848512142896652,0.0480056256055831,13.527148175631762
2023-03-21 12:13:29.804,Nam,1997,Bình Thọ,TP. Thủ Đức,TP.Thủ Đức,Không có,Khác,Trung học phổ thông,5-15 triệu/tháng,Xe máy cá nhân;,1,1,4,1,2,2,Khác:,Thói quen sử dụng xe máy để di chuyển,2,Có,Gần nhà,3,4,Nước sinh hoạt,4,2,4,4,Tôi có thể kiếm sống ở đây,2,4,4,4,4,Không,Không tham gia,Không Được mời,Không tham gia,Không tham gia,Tôi không có đủ kiến thức,3,4,4,Thêm các khu nhà ở,Có,C036,Motorcycle habit,Behavioural,2,3,,0,26,0,1,True,55.60390688621464,1055.6182563408363,101.0,75.12306933730301,1062.3126630375534,105.0,-19.51916245108837,4.0,0.0,21726.72064749092,96.20578105495736,1.7301982260316453,99.28869071526664,1.3216804317387494,99.28869071526664,1.3216804317387494,226.76116943359372,257.4354858398437,4682.0,4682.0,0.0982524305582046,0.037750843912363,-0.0605015829205513,13.527146858021858
2023-03-21 12:21:38.398,Nữ,1989,Bình Thọ,TP. Thủ Đức,TP.Thủ Đức ,Đạo phật,Kinh doanh,Trung học cơ sở,5-15 triệu/tháng,Xe máy cá nhân;,3,1,3,2,2,2,10-20 phút,Thói quen sử dụng xe máy để di chuyển,4,Có,Gần nhà,4,4,Nước sinh hoạt,4,4,5,5,Gia đình/họ hàng tôi sống ở đây,4,3,4,2,4,Không,Không tham gia,Không Thích tham gia,Không tham gia,Không tham gia,Thiếu thông tin,3,4,4,"Thêm sân chơi cộng đồng (công viên, sân chơi thể thao,hồ bơi..)",Không,C037,Motorcycle habit,Behavioural,2,2,2.0,1,34,1,1,True,74.08785527158226,1088.7345736560176,94.0,98.46431848036016,1095.071379700233,99.0,-24.37646320877789,5.0,0.0,21759.995452683743,112.5103179431618,1.5186067612665417,115.59322760347108,1.1739605715803283,115.59322760347108,1.1739605715803283,226.76116943359372,257.4354858398437,4682.0,4682.0,0.1529541760683059,0.1415408253669738,-0.0114133451133966,13.527146858021858
2023-03-21 12:30:14.038,Nữ,1984,Bình Thọ,TP. Thủ Đức,TP.Thủ Đức,Không có,Khác,Đại học,5-15 triệu/tháng,Xe máy cá nhân;,1,1,3,1,1,1,10-20 phút,Thói quen sử dụng xe máy để di chuyển,4,Có,Gần nơi làm việc,2,4,Nước sinh hoạt,4,4,4,4,An ninh và An toàn,3,2,4,4,4,Có,Thích tham gia,Có tham gia,Không tham gia,Không tham gia,Cô không có ý kiến,3,4,4,Thêm trung tâm thương mại,Không,C038,Motorcycle habit,Behavioural,2,6,2.0,1,39,0,1,True,87.03433386729203,1292.426068662519,118.0,78.87843606215677,1290.9748927822554,123.0,8.155897805135268,5.0,0.0,21328.79334643737,126.37390131860572,1.452000557748828,115.48848139621794,1.4641324950359331,115.48848139621794,1.4641324950359331,107.22652435302734,121.73120880126952,3568.0,3568.0,-0.0899026542901992,-0.0079009179025888,0.0820017382502555,13.52714222134784
2023-03-21 12:36:36.427,Nam,1998,Trường Thọ,TP. Thủ Đức,TP.Thủ Đức,Không có,Kinh doanh,Cao Đẳng,5-15 triệu/tháng,Xe máy cá nhân;,1,1,1,1,1,1,Khác:,Thói quen sử dụng xe máy để di chuyển,4,Có,Gần nhà,2,4,Nước sinh hoạt,2,4,4,4,Tôi có thể kiếm sống ở đây,2,4,4,4,4,Không,Không tham gia,Không Thích tham gia,Tham gia vào phát triển khu vực nơi tôi sinh sống,Tham gia vào phát triển khu vực nơi tôi sinh sống,Thiếu thông tin,2,4,4,Thêm các khu nhà ở,Không,C039,Motorcycle habit,Behavioural,2,5,,0,25,1,1,True,332.4412012501063,1549.2981342181367,78.0,88.56818806586577,1552.588987300815,80.0,243.87301318424053,2.0,0.0,20878.317205176576,604.8677688439451,1.8194729370770244,245.33510212593492,2.7700137880599507,245.33510212593492,2.7700137880599507,158.5467987060547,179.99363708496094,4430.0,4430.0,0.052200399339199,0.0842982828617096,0.0320978872478008,13.527134293432583
2023-03-21 12:42:29.442,Nữ,1976,Trường Thọ,TP. Thủ Đức,Bình Thạnh,Đạo phật,Nhân viên văn phòng (admin/kế toán/quản lý chung),Cao Đẳng,<5 triệu/tháng,Xe máy cá nhân;,1,2,1,1,1,1,20-30 phút,Thói quen sử dụng xe máy để di chuyển,2,Không,Gần nhà,4,2,Nước sinh hoạt,4,4,4,2,Gia đình/họ hàng tôi sống ở đây,2,3,4,4,4,Không,Không tham gia,Không Thích tham gia,Không tham gia,Không tham gia,Thiếu thông tin,2,4,4,Thêm dịch vụ tiện ích,Có,C040,Motorcycle habit,Behavioural,1,5,3.0,1,47,0,1,True,333.08154448630324,1537.5943383154113,77.0,108.6467183721843,1541.1378554411942,80.0,224.43482611411892,3.0,0.0,21208.832298831578,648.2281934037075,1.9461546403102,271.5094551252046,2.499012019811879,271.5094551252046,2.499012019811879,158.5467987060547,179.99363708496094,4430.0,4430.0,0.0962718278169632,0.079409047961235,-0.016862777993083,13.527134293432583
2023-03-21 12:48:28.016,Nữ,1984,Trường Thọ,TP. Thủ Đức,TP.Thủ Đức,Không có,Làm cơ quan nhà nước,Đại học,5-15 triệu/tháng,Xe máy cá nhân;,2,4,1,1,1,1,10-20 phút,Thói quen sử dụng xe máy để di chuyển,2,Không,Gần nhà,2,2,Nước sinh hoạt,4,4,4,4,Gia đình/họ hàng tôi sống ở đây,2,2,4,4,4,Không,Không tham gia,Không có thời gian,Không tham gia,Không tham gia,Thiếu thông tin,2,4,4,"Thêm sân chơi cộng đồng (công viên, sân chơi thể thao,hồ bơi..)",Không,C041,Motorcycle habit,Behavioural,2,6,2.0,1,39,0,1,True,322.5119144293238,1578.7693178294671,83.0,10.823601347668667,1580.98587138705,86.0,311.6883130816551,3.0,0.0,21238.93357076576,386.7004571800706,1.1990268882448163,27.16779046065021,2.510050914476998,27.16779046065021,2.510050914476998,165.5373077392578,187.9297637939453,4505.0,4505.0,0.0371891409158706,0.0361271686851978,-0.0010619722306728,13.527135580795148
2023-03-21 12:54:44.534,Nam,1975,Bình Thọ,TP. Thủ Đức,Tỉnh Đồng Nai ,Thiên Chúa Giáo,Khác,Trung học phổ thông,5-15 triệu/tháng,Ô tô cá nhân;,1,1,1,1,1,1,>30 phút,Không cảm thấy thoải mái khi phải đi bộ đến các trạm,4,Có,Gần nhà,4,4,Nước sinh hoạt,4,4,4,4,Gia đình/họ hàng tôi sống ở đây,2,4,4,4,4,Không,Không tham gia,Không Thích tham gia,Tham gia vào phát triển khu vực nơi tôi sinh sống,Không tham gia,Thiếu thông tin,4,4,4,"Thêm sân chơi cộng đồng (công viên, sân chơi thể thao,hồ bơi..)",Có,C042,Walking discomfort,Experiential,2,3,4.0,0,48,0,0,True,63.33742428940781,1195.1864327078506,106.0,103.18463505304508,1196.4411122131055,110.0,-39.84721076363728,4.0,0.0,22029.73205075116,111.6773227295362,1.7632122553523617,154.78326281322043,1.5000611547799685,154.78326281322043,1.5000611547799685,187.57504272460935,212.94857788085935,5137.0,5137.0,0.1614794731140136,0.1641504913568496,0.0026710145175457,13.527138145719348
2023-03-21 13:01:15.678,Nam,1999,Trường Thọ,TP. Thủ Đức,TP.Thủ Đức ,Không có,Khác,Đại học,15-25 triệu/tháng,Ô tô cá nhân;,3,2,1,1,1,1,20-30 phút,Không cảm thấy thoải mái khi phải đi bộ đến các trạm,2,Có,Gần nhà,4,2,Nước sinh hoạt,4,4,4,4,Tôi có thể kiếm sống ở đây,4,4,4,4,4,Không,Không tham gia,Không Thích tham gia,Tham gia vào phát triển khu vực nơi tôi sinh sống,Tham gia vào phát triển khu vực nơi tôi sinh sống,Thiếu thông tin,2,4,2,"Thêm sân chơi cộng đồng (công viên, sân chơi thể thao,hồ bơi..)",Không,C043,Walking discomfort,Experiential,3,6,3.0,0,24,0,0,True,326.93471380328936,1583.455028260178,83.0,13.527264737049686,1585.6747589737977,86.0,313.4074490662397,3.0,0.0,21285.46833826507,382.0442074041548,1.168564215649562,22.51154068473444,1.6641605766077614,22.51154068473444,1.6641605766077614,165.5373077392578,187.9297637939453,4505.0,4505.0,0.0371891409158706,0.0361271686851978,-0.0010619722306728,13.527135580795148
2023-03-21 14:50:36.131,Nam,1979,Linh Chiểu,TP. Thủ Đức,Tp.Thủ Đức,Đạo phật,Khác,Trung học phổ thông,5-15 triệu/tháng,Xe máy cá nhân;,1,1,1,1,1,1,Khác:,Thói quen sử dụng xe máy để di chuyển,4,Có,Gần nhà,4,4,Nước sinh hoạt,4,3,3,3,An ninh và An toàn,3,4,4,4,4,Không,,Không Thích tham gia,Tham gia vào phát triển khu vực nơi tôi sinh sống,Tham gia vào phát triển khu vực nơi tôi sinh sống,Thiếu thông tin,4,4,4,"Thêm sân chơi cộng đồng (công viên, sân chơi thể thao,hồ bơi..)",Có,C044,Motorcycle habit,Behavioural,2,3,,0,44,0,1,True,192.5639349011961,751.6271225152564,170.0,86.6171947372808,731.3876945876234,182.0,105.9467401639153,12.0,1.0,22284.62000543276,387.2944714886188,2.01125133679543,97.89672871555771,1.1302228040574271,97.89672871555771,1.1302228040574271,354.0179443359375,401.9064636230469,4460.0,4460.0,-0.0260481275618076,-0.0130603602156043,0.0129877673462033,13.527144613230854
2023-03-21 14:54:43.379,Nữ,1968,Linh Chiểu,TP. Thủ Đức,Tp.Thủ Đức,Không có,Khác,Trung học cơ sở,<5 triệu/tháng,Xe máy cá nhân;,2,1,2,1,2,1,Khác:,Thói quen sử dụng xe máy để di chuyển,4,Không,Gần nhà,2,4,Nước sinh hoạt,4,4,4,4,An ninh và An toàn,4,4,4,4,4,Có,Được mời,,Tham gia vào phát triển khu vực nơi tôi sinh sống,Tham gia vào phát triển khu vực nơi tôi sinh sống,Thiếu thông tin,4,4,4,Thêm nơi làm việc,Có,C045,Motorcycle habit,Behavioural,1,2,,1,55,0,1,True,576.4885952943976,2548.345729048672,81.0,72.15755305312038,2535.0797507061875,83.0,504.3310422412772,2.0,0.0,20700.3429713718,813.0096856930957,1.4102788716538497,126.6247814641322,1.7548375202096247,126.6247814641322,1.7548375202096247,133.4353790283203,151.48536682128906,3334.0,3334.0,-0.0516046211123466,0.0048948274925351,0.0564994476735591,13.527137948278186
2023-03-21 18:23:32.391,Nam,2004,Bình Thọ,TP. Thủ Đức,TP. Thủ Đức,Không có,Khác,Trung học phổ thông,5-15 triệu/tháng,Xe máy cá nhân;,3,2,2,1,3,2,10-20 phút,Thói quen sử dụng xe máy để di chuyển,4,Không,Gần nhà,3,4,Nước sinh hoạt,5,5,4,5,Nơi này rất đáng sống,3,4,4,4,4,Không,Bắt buộc tham gia,Không Bắt buộc,Không tham gia,Không tham gia,Thiếu thông tin,4,4,4,"Thêm sân chơi cộng đồng (công viên, sân chơi thể thao,hồ bơi..)",Không,C046,Motorcycle habit,Behavioural,2,3,2.0,0,19,0,1,True,88.53937651117036,1331.4405081221717,112.0,58.769296834188886,1330.1775387297578,117.0,29.770079676981474,5.0,0.0,21382.302828873573,175.26840480594035,1.979553185399132,162.2916854014449,2.7615046315652383,162.2916854014449,2.7615046315652383,107.22652435302734,121.73120880126952,3568.0,3568.0,0.0270155277103185,0.0292926896363496,0.0022771600633859,13.52714222134784
2023-03-21 23:18:08.768,Nữ,1996,Bình Thọ,TP. Thủ Đức ,Thủ Đức ,Đạo phật,Kinh doanh,Trung học cơ sở,5-15 triệu/tháng,Xe máy cá nhân;,3,3,3,2,2,2,10-20 phút,Thói quen sử dụng xe máy để di chuyển,4,Có,Gần nhà,4,4,Nước sinh hoạt,4,4,5,5,Gia đình/họ hàng tôi sống ở đây,4,3,4,2,4,Không,,Không Thích tham gia,Không tham gia,Không tham gia,Thiếu thông tin,3,4,4,"Thêm sân chơi cộng đồng (công viên, sân chơi thể thao,hồ bơi..)",Không,C047,Motorcycle habit,Behavioural,2,2,2.0,1,27,1,1,True,72.21999788649919,1332.033958843785,109.0,38.46774736943081,1331.1148395390585,114.0,33.752250517068376,5.0,0.0,21401.785795291114,99.14011087555076,1.372751506187513,88.25469095316296,2.294251600063704,88.25469095316296,2.294251600063704,107.22652435302734,121.73120880126952,3568.0,3568.0,0.0769950821995735,0.1080860346555709,0.031090946868062,13.52714222134784
2023-03-22 08:26:08.007,Nam,2000,Trường Thọ,TP. Thủ Đức,TP.Thủ Đức ,Đạo phật,Khác,Trung học cơ sở,5-15 triệu/tháng,Xe máy cá nhân;,1,1,1,1,2,1,<10 phút,Thói quen sử dụng xe máy để di chuyển,4,Có,Gần nhà,2,4,Nước sinh hoạt,4,4,4,4,Tôi có thể kiếm sống ở đây,2,4,4,4,4,Không,Không tham gia,Không Thích tham gia,Tham gia vào phát triển khu vực nơi tôi sinh sống,Không tham gia,Tôi không có đủ kiến thức,3,4,4,Thêm nơi làm việc,Có,C048,Motorcycle habit,Behavioural,2,2,1.0,0,23,0,1,True,399.5671820515636,1652.8720564081875,77.0,84.66354248374904,1655.3894936081049,79.0,314.90363956781454,2.0,0.0,21341.979667334257,458.70724514152073,1.148010311523345,99.17457842210035,1.171396512744983,99.17457842210035,1.171396512744983,182.46710205078125,207.14968872070312,4758.0,4758.0,0.0548482835292816,0.047000303864479,-0.0078479768708348,13.527143464498396
2023-03-22 12:45:23.558,Nữ,1982,Bình Thọ,TP. Thủ Đức ,Thủ Đức ,Thiên Chúa Giáo,Khác,Cao Đẳng,15-25 triệu/tháng,Xe máy cá nhân;,3,2,4,3,4,3,<10 phút,Chất lượng xe buýt và thái độ phục vụ chưa tốt,2,Không,Gần nhà,3,1,Nước sinh hoạt,3,2,4,4,Gia đình/họ hàng tôi sống ở đây,3,3,3,3,3,Không,Được mời,Không Được mời,Không tham gia,Không tham gia,Không cung cấp thông tin ,3,3,3,Đất đai không có,Không,C049,Bus quality / staff,Service,3,5,1.0,1,41,0,1,True,376.8632540104594,804.8265671799982,159.0,131.3711909782886,805.001869123329,168.0,245.4920630321708,9.0,1.0,21178.392037651087,594.3765215655369,1.577167620457474,254.20509274888704,1.935013992458201,254.20509274888704,1.935013992458201,186.87911987304688,212.15850830078125,4542.0,4542.0,0.0475812852382659,0.0877390354871749,0.0401577465236187,13.527133713444014
2023-03-22 13:01:35.425,Nam,1974,Trường Thọ,TP. Thủ Đức,Thành phố Thủ Đức,Không có,Khác,Đại học,5-15 triệu/tháng,Xe máy cá nhân;,2,3,3,3,2,3,20-30 phút,Số lượng điểm dừng và tần suất các chuyến chưa đủ,2,Có,Gần nhà,2,3,Nước sinh hoạt,2,2,3,2,"Tôi có thể kiếm sống ở đây, Thuận tiện di chuyển ra các tỉnh phía Đông",3,3,3,3,2,Có,Được mời,,Tham gia vào phát triển khu vực nơi tôi sinh sống,Tham gia vào phát triển khu vực nơi tôi sinh sống,Ý kiến của tôi không được lắng nghe,3,4,4,"Thêm nơi làm việc, Thêm sân chơi cộng đồng (công viên, sân chơi thể thao,hồ bơi..), Phát triển cơ sở hạ tầng ",Có,C050,Stop density / frequency,Infrastructure,2,6,3.0,0,49,0,1,True,777.1555843113313,441.4676351170946,22.0,28.556951302312253,453.15599146159263,28.0,748.5986330090191,6.0,1.0,21038.919468389657,1109.6777813272354,1.4278708198572174,28.989619027392056,1.015151047480505,28.989619027392056,1.015151047480505,187.02186584472656,212.32058715820312,4750.0,4750.0,-0.2075313776731491,-0.2255134284496307,-0.0179820470511913,13.5271462506318
2023-03-22 13:11:50.978,Nam,1993,Trường Thọ,TP. Thủ Đức,Bình Thạnh,Thiên Chúa Giáo,Nhân viên văn phòng (admin/kế toán/quản lý chung),Thạc sĩ,>35 Triệu/tháng,Xe máy cá nhân;,2,3,3,1,4,3,20-30 phút,Số lượng điểm dừng và tần suất các chuyến chưa đủ,2,Không,Gần nơi làm việc,2,2,Nước sinh hoạt,4,4,4,3,"Tôi có thể kiếm sống ở đây, Thuận tiện cho công việc",2,2,4,4,3,Không,,Không Thích tham gia,Tham gia vào phát triển khu vực nơi tôi sinh sống,Tham gia vào phát triển khu vực nơi tôi sinh sống,Thiếu thông tin,4,4,2,"Thêm sân chơi cộng đồng (công viên, sân chơi thể thao,hồ bơi..)",Có,C051,Stop density / frequency,Infrastructure,5,7,3.0,0,30,0,1,True,561.9208732860322,272.07450642585803,26.0,6.689051499207367,281.27901641485164,33.0,555.2318217868249,7.0,1.0,24396.652923934136,865.5282405205245,1.5403027039359476,78.99394563558269,11.809438998181315,78.99394563558269,11.809438998181315,216.6479034423828,245.95416259765625,5520.0,5520.0,0.0325678512454032,0.0293009635061025,-0.0032668870408087,13.527137207246223
2023-03-22 13:13:54.438,Nữ,1963,Bình Thọ,TP. Thủ Đức,TP. Thủ Đức,Đạo phật,Kinh doanh,Tiểu học,<5 triệu/tháng,Xe máy cá nhân;,3,1,3,1,1,1,10-20 phút,Thói quen sử dụng xe máy để di chuyển,2,Không,Gần nhà,4,4,Nước sinh hoạt,4,4,4,4,Gia đình/họ hàng tôi sống ở đây,4,4,4,4,4,Không,Bắt buộc tham gia,Không Thích tham gia,Không tham gia,Không tham gia,Thiếu thông tin,2,4,4,Không ,Không,C052,Motorcycle habit,Behavioural,1,1,2.0,1,60,1,1,True,606.4330374934308,277.1554312332483,25.0,70.35509470995997,288.16433710331233,32.0,536.0779427834708,7.0,1.0,24372.483716312014,890.5876912432216,1.468567238559903,104.05339635827984,1.478974575860379,104.05339635827984,1.478974575860379,183.18087768554688,207.9600067138672,4881.0,4881.0,-0.0708661451935768,-0.0453741885721683,0.0254919528961181,13.52713740724445
2023-03-22 13:19:25.827,Nam,1991,Trường Thọ,TP. Thủ Đức,Quận 1,Không có,Kĩ sư,Đại học,>35 Triệu/tháng,Xe máy cá nhân;,1,1,1,1,4,1,10-20 phút,Số lượng điểm dừng và tần suất các chuyến chưa đủ,2,Không,Gần nhà,2,4,Nước sinh hoạt,3,4,3,3,Tôi có thể kiếm sống ở đây,4,2,4,4,4,Không,,Không có thời gian,Tham gia vào phát triển khu vực nơi tôi sinh sống,Tham gia vào phát triển khu vực nơi tôi sinh sống,Ý kiến của tôi không được lắng nghe,3,4,4,"Thêm dịch vụ tiện ích, Thêm nơi làm việc, Thêm sân chơi cộng đồng (công viên, sân chơi thể thao,hồ bơi..)",Có,C053,Stop density / frequency,Infrastructure,5,6,2.0,0,32,0,1,True,650.9398811374602,290.57639946338605,25.0,116.36214948235978,302.6980919297727,32.0,534.5777316551005,7.0,1.0,24819.30600027122,1004.941084760757,1.5438308726832204,125.01226193922533,1.0743378538068074,125.01226193922533,1.0743378538068074,124.87902069091795,141.77157592773438,3339.0,3339.0,-0.0448125526309013,-0.0360864698886871,0.0087260846048593,13.527136218201417
2023-03-22 13:32:42.424,Nam,1982,Trường Thọ,TP. Thủ Đức,Gò Vấp,Không có,Thiết kế và giải trí,Cao Đẳng,25-35 Triệu/tháng,Xe máy cá nhân;,3,2,2,4,4,4,20-30 phút,Số lượng điểm dừng và tần suất các chuyến chưa đủ,2,Không,Gần nhà,3,3,Nước sinh hoạt,2,3,4,4,Gia đình/họ hàng tôi sống ở đây,4,2,3,4,4,Có,Được mời,,Không tham gia,Không tham gia,Ý kiến của tôi không được lắng nghe,3,4,4,"Thêm nơi làm việc, Thêm sân chơi cộng đồng (công viên, sân chơi thể thao,hồ bơi..)",Có,C054,Stop density / frequency,Infrastructure,4,5,3.0,0,41,0,1,True,767.0312932384082,423.8862406795198,21.0,20.32518867818466,435.74890734383456,27.0,746.7061045602236,6.0,1.0,21862.65275923232,1107.8807241650993,1.4443748696192351,27.192561865255858,1.3378750030715365,27.192561865255858,1.3378750030715365,172.8668670654297,196.2508087158203,4376.0,4376.0,-0.0163794942200183,-0.0436058714985847,-0.0272263754159212,13.527139148961298
2023-03-22 13:51:30.729,Nam,1986,Trường Thọ,TP. Thủ Đức,Thành phố Thủ Đức,Đạo phật,Kinh doanh,Đại học,15-25 triệu/tháng,Xe máy cá nhân;,1,3,1,3,3,3,10-20 phút,Thói quen sử dụng xe máy để di chuyển,2,Không,Gần nhà,3,3,Nước sinh hoạt,3,3,4,3,Gia đình/họ hàng tôi sống ở đây,3,3,4,4,3,Không,,Không có thời gian,Tham gia vào phát triển khu vực nơi tôi sinh sống,Tham gia vào phát triển khu vực nơi tôi sinh sống,Thiếu thông tin,3,4,4,"Thêm sân chơi cộng đồng (công viên, sân chơi thể thao,hồ bơi..)",Có,C055,Motorcycle habit,Behavioural,3,6,2.0,0,37,1,1,True,443.863351795309,694.2140138188415,39.0,437.6117624195441,700.2285101390768,46.0,6.2515893757648655,7.0,1.0,16191.88338199776,565.5447492121455,1.2741415729067689,588.2476516051368,1.3442226697763575,588.2476516051368,1.3442226697763575,306.1371765136719,347.5487670898437,3815.0,3815.0,0.0058823530562222,-0.0238212905824184,-0.0297036431729793,13.527135465144156
2023-03-22 13:58:02.574,Nam,1975,Trường Thọ,TP. Thủ Đức,Thành phố Thủ Đức,Đạo phật,Kinh doanh,Đại học,>35 Triệu/tháng,Xe máy cá nhân;,3,4,3,4,2,2,20-30 phút,Không cảm thấy thoải mái khi phải đi bộ đến các trạm,3,Không,Gần nhà,2,2,Nước sinh hoạt,2,3,3,3,Tôi có thể kiếm sống ở đây,4,3,4,4,3,Có,Được mời,,Tham gia vào phát triển khu vực nơi tôi sinh sống,Tham gia vào phát triển khu vực nơi tôi sinh sống,Thiếu thông tin,3,4,4,"Thêm sân chơi cộng đồng (công viên, sân chơi thể thao,hồ bơi..)",Có,C056,Walking discomfort,Experiential,5,6,3.0,0,48,1,1,True,540.7904398519685,655.2016524325863,33.0,386.4002724024791,662.5828728257737,38.0,154.39016744948935,5.0,1.0,15822.449316396773,661.9731263265261,1.2240843726966202,488.4104075738911,1.264001198904842,488.4104075738911,1.264001198904842,306.1371765136719,347.5487670898437,3815.0,3815.0,0.1234991401433944,0.1361219435930252,0.012622800655663,13.527135465144156
2023-03-22 16:39:24.118,Nam,2001,Linh Tây,TP. Thủ Đức,Thủ Đức ,Không có,Sinh viên/ học sinh,Đại học,<5 triệu/tháng,Ô tô cá nhân;,1,1,1,2,1,1,10-20 phút,Thói quen sử dụng xe máy để di chuyển,4,Không,Gần nhà,4,4,Nước sinh hoạt,4,2,2,4,Thuận tiện ,4,4,4,4,4,Có,Thời gian rảnh,Không Có điều kiện tham gia,Không tham gia,Không tham gia,Thiếu thông tin,2,4,4,"Thêm nơi làm việc, Thêm sân chơi cộng đồng (công viên, sân chơi thể thao,hồ bơi..)",Không,C057,Motorcycle habit,Behavioural,1,6,2.0,0,22,0,0,True,627.6901234010351,2592.5596407812777,82.0,56.635078486668775,2579.0893016608857,83.0,571.0550449143662,1.0,0.0,21109.08352453897,867.0681455395293,1.381363372170752,161.73852945985223,2.8558012769051526,161.73852945985223,2.8558012769051526,133.4353790283203,151.48536682128906,3334.0,3334.0,0.1034143939614296,0.1187241598963737,0.015309764072299,13.527137948278186
2023-03-22 21:40:20.656,Nam,2003,Bình Thọ,TP. Thủ Đức ,Thủ Đức ,Không có,Sinh viên/ học sinh,Đại học,<5 triệu/tháng,Xe máy cá nhân;,3,1,3,2,4,2,<10 phút,Không cảm thấy thoải mái khi phải đi bộ đến các trạm,2,Không,Gần nhà,5,4,Nước sinh hoạt,5,3,3,4,An ninh và An toàn,2,2,4,3,4,Không,Không tham gia,Không Thích tham gia,Không tham gia,Không tham gia,Thiếu thông tin,3,4,3,"Thêm trung tâm thương mại, Thêm dịch vụ tiện ích, Thêm các khu nhà ở, Thêm nơi làm việc, Thêm sân chơi cộng đồng (công viên, sân chơi thể thao,hồ bơi..)",Có,C058,Walking discomfort,Experiential,1,6,1.0,0,20,0,1,True,294.6558367407579,978.2499008077205,169.0,309.3243151372408,976.910634810857,176.0,-14.668478396482897,7.0,1.0,21791.28542603533,518.8894792054278,1.7610018689769031,401.24347891335645,1.297161132435816,401.24347891335645,1.297161132435816,197.85337829589844,224.6172790527344,4714.0,4714.0,0.0261416807770729,0.0211595930159091,-0.0049820877611637,13.527138625254782
2023-03-23 18:06:51.874,Nam,1970,Trường Thọ,TP. Thủ Đức,Thủ Đức ,Không có,Khác,Trung học phổ thông,5-15 triệu/tháng,Xe máy cá nhân;,3,3,3,3,2,2,<10 phút,Thói quen sử dụng xe máy để di chuyển,3,Có,Gần nơi làm việc,3,3,Nước sinh hoạt,3,3,2,2,Nơi này rất đáng sống,3,3,3,2,3,Không,Bắt buộc tham gia,Không Bắt buộc,Tham gia vào phát triển khu vực nơi tôi sinh sống,Tham gia vào phát triển khu vực nơi tôi sinh sống,Thiếu thông tin,3,3,3,"Thêm dịch vụ tiện ích, Thêm nơi làm việc",Không,C059,Motorcycle habit,Behavioural,2,3,1.0,0,53,0,1,True,392.9953037232817,1750.052354106569,16.0,255.40849224384533,1761.8867293942094,18.0,137.5868114794364,2.0,0.0,18898.402524907688,539.3317063701553,1.372361708296425,475.9844709410367,1.8636203783177323,475.9844709410367,1.8636203783177323,170.3552703857422,193.39947509765625,4297.0,4297.0,0.0683500245213508,0.117863543331623,0.0495135262608528,13.527145159485912
2023-03-23 20:29:52.228,Nữ,1990,Trường Thọ,TP. Thủ Đức,Thủ Đức,Không có,Kinh doanh,Trung học phổ thông,15-25 triệu/tháng,Xe điện 2 bánh cá nhân;,3,2,2,2,2,2,<10 phút,Thói quen sử dụng xe máy để di chuyển,4,Có,Gần nơi làm việc,4,4,Cả hai,4,4,3,4,An ninh và An toàn,4,4,4,4,4,Có,Có điều kiện tham gia,Không Bắt buộc,Không tham gia,Tham gia vào phát triển khu vực nơi tôi sinh sống,Thiếu thông tin,3,3,4,"Thêm sân chơi cộng đồng (công viên, sân chơi thể thao,hồ bơi..)",Không,C060,Motorcycle habit,Behavioural,3,3,1.0,1,33,1,0,True,357.5366657272934,492.7505711734484,39.0,232.3067848249174,493.64864476369263,47.0,125.22988090237598,8.0,1.0,23224.49758831038,634.805742705658,1.7754983014521035,355.1727842051435,1.5288954408835993,355.1727842051435,1.5288954408835993,65.44404602050781,74.2967529296875,1307.0,1307.0,-0.1041666641831398,-0.1819354891777038,-0.0777688175439834,13.52713875056803
2023-03-23 21:09:28.044,Nữ,1996,Trường Thọ,TP. Thủ Đức,quận 5,Không có,Khác,Đại học,5-15 triệu/tháng,Xe máy cá nhân;,4,3,3,3,3,4,>30 phút,Không cảm thấy thoải mái khi phải đi bộ đến các trạm,3,Không,Gần nhà,1,2,Cả hai,1,2,4,4,"Tôi có thể kiếm sống ở đây, Chi phí bất động sản (Đất đai, Nhà cửa, vv)",2,4,3,3,3,Không,Bắt buộc tham gia,Không Thích tham gia,Không tham gia,Không tham gia,Thiếu thông tin,3,3,3,"Thêm các khu nhà ở, Thêm sân chơi cộng đồng (công viên, sân chơi thể thao,hồ bơi..)",Không,C061,Walking discomfort,Experiential,2,6,4.0,1,27,0,1,True,926.8459951628296,1109.096423269181,6.0,16.393777097900337,1121.3207063931795,6.0,910.4522180649292,0.0,0.0,17470.528269786075,1172.9697552054172,1.2655497907172253,28.808715658087163,1.7572958010864312,28.808715658087163,1.7572958010864312,185.79953002929688,210.93289184570312,4177.0,4177.0,0.0487065948545932,0.0526315793395042,0.0039249835535883,13.527139607104075
2023-03-25 12:54:20.278,Nữ,1990,Linh Trung,TP. Thủ Đức ,Thủ Đức ,Thiên Chúa Giáo,Kinh doanh,Cao Đẳng,5-15 triệu/tháng,Xe máy cá nhân;,2,1,3,1,1,1,Khác:,Thói quen sử dụng xe máy để di chuyển,3,Có,Gần nhà,2,3,Nước sinh hoạt,3,3,3,4,Gia đình/họ hàng tôi sống ở đây,3,2,4,4,4,Không,Không trả lời,Không Thích tham gia,Không tham gia,Không tham gia,Thiếu thông tin,3,4,3,"Thêm sân chơi cộng đồng (công viên, sân chơi thể thao,hồ bơi..)",Không,C062,Motorcycle habit,Behavioural,2,5,,1,33,1,1,True,152.56679743059792,1066.122355693796,151.0,149.92253768714968,1045.1573697787014,158.0,2.644259743448231,7.0,0.0,23207.50708102232,217.03110420220935,1.422531690100764,186.92887270758465,1.2468363702437977,186.92887270758465,1.2468363702437977,234.8758850097656,266.6478576660156,4673.0,4673.0,0.0983730629086494,0.1224240288138389,0.0240509696304798,13.52713270454691
2023-03-25 13:00:36.911,Nam,1980,Linh Chiểu,TP. Thủ Đức ,Thủ Đức ,Đạo phật,Kinh doanh,Đại học,5-15 triệu/tháng,Xe máy cá nhân;,3,3,3,3,4,1,10-20 phút,Không cảm thấy thoải mái khi phải đi bộ đến các trạm,4,Có,Gần nhà,4,4,Cả hai,3,4,4,4,Tôi có thể kiếm sống ở đây,4,4,4,4,4,Không,Không tham gia,Không Thích tham gia,Không tham gia,Không tham gia,Không nói rõ,4,4,3,Không nói,Không,C063,Walking discomfort,Experiential,2,6,2.0,0,43,1,1,True,138.1519816715386,822.8704631455215,177.0,41.19027451766325,803.5984784467807,188.0,96.96170715387537,11.0,1.0,22407.815319787,326.14254450770227,2.3607518369379465,103.39139685778936,2.510092444600072,103.39139685778936,2.510092444600072,306.253173828125,347.6804504394531,3650.0,3650.0,0.1135500222444534,0.1262655258178711,0.0127154998481273,13.527133806808443
2023-03-25 13:07:28.946,Nữ,1986,Linh Chiểu,TP. Thủ Đức ,Thủ Đức ,Không có,Kinh doanh,Đại học,15-25 triệu/tháng,Xe máy cá nhân;,4,4,4,4,3,4,20-30 phút,Thói quen sử dụng xe máy để di chuyển,4,Có,Gần nhà,2,2,Cả hai,4,2,4,5,Tôi có thể kiếm sống ở đây,2,3,4,4,4,Có,Thích tham gia,Tham gia,Tham gia vào phát triển khu vực nơi tôi sinh sống,Tham gia tích cực,Không cung cấp ,3,4,4,Thêm dịch vụ tiện ích,Có,C064,Motorcycle habit,Behavioural,3,6,3.0,1,37,1,1,True,76.89287132863791,1307.2390141318892,142.0,23.99177152673606,1288.9620264789964,147.0,52.90109980190185,5.0,0.0,21670.72075901572,103.58797965466503,1.3471727335026027,51.05442376579484,2.1279972472604025,51.05442376579484,2.1279972472604025,214.79209899902344,243.84732055664065,4487.0,4487.0,0.1600604504346847,0.1068937182426452,-0.0531667210161685,13.527137028326768
2023-03-25 13:14:36.724,Nam,1999,Linh Chiểu,TP. Thủ Đức ,Thủ Đức ,Không có,Kinh doanh,Trung học phổ thông,5-15 triệu/tháng,Xe máy cá nhân;,3,1,4,1,3,3,<10 phút,Thói quen sử dụng xe máy để di chuyển,4,Không,Gần nhà,4,4,Nước sinh hoạt,4,4,4,4,Gia đình/họ hàng tôi sống ở đây,3,3,1,4,2,Có,Thích tham gia,Tham gia,Không tham gia,Không tham gia,Thiếu thông tin,3,3,3,Thêm trung tâm thương mại,Không,C065,Motorcycle habit,Behavioural,2,3,1.0,0,24,1,1,True,119.80263889083574,1276.7648824185874,148.0,66.71267488272194,1258.804459018618,153.0,53.0899640081138,5.0,0.0,21993.662360290156,120.81129839080634,1.0084193429235704,67.98212936556311,1.0190286851047845,67.98212936556311,1.0190286851047845,190.3096923828125,216.0531463623047,3871.0,3871.0,0.1688663214445114,0.1909012347459793,0.0220349095761775,13.52713761299588
2023-03-25 13:21:07.508,Nữ,1991,Linh Trung,TP. Thủ Đức ,Thủ Đức ,Không có,Kinh doanh,Cao Đẳng,5-15 triệu/tháng,Xe buýt,3,3,1,1,2,3,Khác:,Thiếu cơ sở hạ tầng giữ xe cá nhân tại các trạm giao thông công cộng,4,Có,Gần nhà,1,4,Cả hai,2,2,4,4,Gia đình/họ hàng tôi sống ở đây,4,3,4,4,4,Không,Không nêu rõ,Không Thích tham gia,Tham gia vào phát triển khu vực nơi tôi sinh sống,Tham gia vào phát triển khu vực nơi tôi sinh sống,Thiếu thông tin,3,4,4,"Thêm dịch vụ tiện ích, Thêm sân chơi cộng đồng (công viên, sân chơi thể thao,hồ bơi..)",Có,C066,No parking at stops,Infrastructure,2,5,,1,32,1,0,True,274.678976328091,1121.4495057304432,116.0,243.4942101573913,1098.9429942457054,125.0,31.184766170699675,9.0,0.0,23730.759238549163,490.90437535025046,1.7871931150780485,479.16994552495305,1.9678905104775355,479.16994552495305,1.9678905104775355,185.7370758056641,210.86199951171875,4781.0,4781.0,0.0389487408101558,-0.0253692641854286,-0.0643180012702941,13.527145077024253
2023-03-25 21:28:54.259,Nữ,1970,Phước Long A,TP. Thủ Đức,Thủ Đức,Đạo phật,Kinh doanh,Trung học cơ sở,5-15 triệu/tháng,Xe máy cá nhân;,1,1,1,1,1,1,<10 phút,Có sử dụng phương tiện công cộng,4,Có,Gần nhà,2,4,Nước sinh hoạt,4,4,4,4,"Gia đình/họ hàng tôi sống ở đây, Tôi có thể kiếm sống ở đây",4,4,4,4,4,Không,,Không Thích tham gia,Không tham gia,Không tham gia,Thiếu thông tin,2,4,4,"Thêm trung tâm thương mại, Thêm nơi làm việc",Có,C067,Uses public transport,Not a barrier,2,2,1.0,1,53,1,1,True,804.7908598447794,546.821533949032,21.0,200.761618399483,517.7212402852185,27.0,604.0292414452964,6.0,1.0,25844.0740751114,1124.9893468346777,1.397865461657523,322.9480134685153,1.608614316038742,322.9480134685153,1.608614316038742,98.62125396728516,110.53632354736328,3314.0,3314.0,0.0071230707690119,0.071157306432724,0.0640342384576797,12.081644778143476
2023-03-26 12:59:15.055,Nữ,1987,Bình Thọ,TP. Thủ Đức,Thủ Đức,Không có,Kinh doanh,Cao Đẳng,>35 Triệu/tháng,Xe máy cá nhân;,4,4,3,4,4,3,10-20 phút,Thiếu cơ sở hạ tầng giữ xe cá nhân tại các trạm giao thông công cộng,5,Không,Gần nhà,3,4,Cả hai,5,2,4,5,Nơi này rất đáng sống,4,5,5,5,5,Không,,Không Được mời,Tham gia tích cực,Tham gia tích cực,Tôi không có đủ kiến thức,5,5,5,"Thêm sân chơi cộng đồng (công viên, sân chơi thể thao,hồ bơi..)",Có,C068,No parking at stops,Infrastructure,5,5,2.0,1,36,1,1,True,573.9941856183383,3904.5597432226073,17.0,90.04422443323128,3898.3051433601954,16.0,483.949961185107,-1.0,0.0,17032.18996808256,725.1000082955737,1.2632532288013614,107.414166060461,1.1929045614703442,107.414166060461,1.1929045614703442,393.9267883300781,447.21380615234375,3439.0,3439.0,-0.1717341095209121,-0.0976368188858032,0.0740972980856895,13.527137377013188
2023-03-26 13:22:24.793,Nam,1988,Trường Thọ,TP. Thủ Đức,Thủ Đức,Không có,"Giáo viên, nghiên cứu sinh",Đại học,25-35 Triệu/tháng,Xe máy cá nhân;,3,4,3,3,3,3,<10 phút,Có sử dụng phương tiện công cộng,3,Có,Gần nhà,2,3,Nước sinh hoạt,4,3,3,4,Tôi có thể kiếm sống ở đây,2,4,3,3,3,Có,Được mời,,Không tham gia,Không tham gia,Góp ý ở chỗ làm,4,4,4,"Thêm sân chơi cộng đồng (công viên, sân chơi thể thao,hồ bơi..)",Có,C069,Uses public transport,Not a barrier,4,6,1.0,0,35,0,1,True,617.4088622425157,1592.879893259255,18.0,90.83655044019646,1603.8372341937386,20.0,526.5723118023193,2.0,0.0,17457.17980427566,984.9779796008216,1.595341498700299,136.22416422198725,1.499662454836089,136.22416422198725,1.499662454836089,200.14190673828125,227.2153778076172,4685.0,4685.0,0.0487782061100006,0.0799999982118606,0.0312217958271503,13.527137574810354
2023-03-26 13:23:44.282,Nam,1993,Bình Thọ,TP. Thủ Đức,Thủ Đức ,Không có,Kinh doanh,Thạc sĩ,25-35 Triệu/tháng,Xe máy cá nhân;,4,4,3,4,4,3,20-30 phút,Chất lượng xe buýt và thái độ phục vụ chưa tốt,2,Có,Gần nhà,3,3,Nước sinh hoạt,3,2,4,4,"Chi phí bất động sản (Đất đai, Nhà cửa, vv)",4,4,4,4,4,Có,Thích tham gia,Không Bắt buộc,Tham gia vào phát triển khu vực nơi tôi sinh sống,Tham gia tích cực,Thiếu thông tin,3,4,4,"Thêm sân chơi cộng đồng (công viên, sân chơi thể thao,hồ bơi..)",Có,C070,Bus quality / staff,Service,4,7,3.0,0,30,1,1,True,11.8378559657223,1026.3220406351306,92.0,8.402247061281146,1035.2555960911225,96.0,3.4356089044411533,4.0,0.0,20712.96077714863,38.70802437870948,3.269850933377839,40.5324198667593,4.823997624818598,40.5324198667593,4.823997624818598,201.7969665527344,229.0943298339844,4968.0,4968.0,0.1158812642097473,0.1223276033997535,0.0064463322050869,13.52714252724733
2023-03-26 13:30:50.123,Nam,2003,Linh Đông,TP. Thủ Đức,Thủ Đức,Không có,Sinh viên/ học sinh,Đại học,<5 triệu/tháng,Xe máy cá nhân;,3,1,3,3,3,2,<10 phút,Thói quen sử dụng xe máy để di chuyển,4,Không,Gần nơi làm việc,4,4,Nước sinh hoạt,4,4,4,4,Lý do cá nhân,4,4,4,4,4,Không,,Không Bắt buộc,Tham gia vào phát triển khu vực nơi tôi sinh sống,Tham gia vào phát triển khu vực nơi tôi sinh sống,Tôi không có đủ kiến thức,4,4,4,"Thêm sân chơi cộng đồng (công viên, sân chơi thể thao,hồ bơi..)",Có,C071,Motorcycle habit,Behavioural,1,6,1.0,0,20,0,1,True,283.55111071173803,2100.293565555448,16.0,291.2899999976482,2112.5006113642257,19.0,-7.7388892859101475,3.0,0.0,18957.531291238152,320.1799458862227,1.129178951486182,320.1799470796888,1.0991793301598884,320.1799470796888,1.0991793301598884,166.1841583251953,188.66412353515625,3907.0,3907.0,0.1033997684717178,0.0743589773774147,-0.0290407910943031,13.527140875829636
2023-03-26 13:31:28.501,Nữ,1986,Trường Thọ,TP. Thủ Đức ,Bình Dương ,Không có,Nhân viên văn phòng (admin/kế toán/quản lý chung),Đại học,25-35 Triệu/tháng,Xe máy cá nhân;,4,4,4,3,4,4,>30 phút,Thói quen sử dụng xe máy để di chuyển,1,Không,Gần nhà,2,2,Nước sinh hoạt,2,4,4,4,Gia đình/họ hàng tôi sống ở đây,2,3,4,4,4,Có,Bắt buộc tham gia,,Tham gia tích cực,Tham gia vào phát triển khu vực nơi tôi sinh sống,Thiếu thông tin,3,5,3,"Thêm sân chơi cộng đồng (công viên, sân chơi thể thao,hồ bơi..)",Có,C072,Motorcycle habit,Behavioural,4,6,4.0,1,37,0,1,True,630.9820297797261,1588.3388973513656,18.0,108.97760805634816,1599.2316496330009,20.0,522.004421723378,2.0,0.0,17178.844570818128,972.8846190976114,1.5418578868834705,124.13080371877722,1.1390487085621657,124.13080371877722,1.1390487085621657,200.14190673828125,227.2153778076172,4685.0,4685.0,0.0815391689538955,0.1057097017765045,0.0241705328226089,13.527137574810354
2023-03-26 14:03:57.990,Nam,2004,Linh Chiểu,TP. Thủ Đức ,Thủ Đức ,Đạo phật,Sinh viên/ học sinh,Đại học,5-15 triệu/tháng,Ô tô điện cá nhân;,1,1,1,1,1,1,10-20 phút,Thiếu cơ sở hạ tầng giữ xe cá nhân tại các trạm giao thông công cộng,4,Không,Gần nơi làm việc,4,3,Nước sinh hoạt,3,3,4,4,"Dịch vụ giao thông công cộng ở đây rất tốt, Chi phí bất động sản (Đất đai, Nhà cửa, vv), An ninh và An toàn",4,5,4,4,4,Có,Có điều kiện tham gia,Không Bắt buộc,Tham gia tích cực,Không tham gia,Thiếu thông tin,2,4,4,Thêm nơi làm việc,Có,C073,No parking at stops,Infrastructure,2,6,2.0,0,19,0,0,True,247.34553351778248,722.2967560101462,176.0,68.98588387315793,703.7498923429966,187.0,178.35964964462454,11.0,1.0,21383.76591880104,394.1989349594632,1.59371761985394,161.02021228616732,2.3341037795823545,161.02021228616732,2.3341037795823545,369.6585083007813,419.6627197265625,5217.0,5217.0,-0.0777320563793182,-0.0749559104442596,0.0027761447709053,13.527136614719597
2023-03-26 14:18:42.729,Nữ,1962,Linh Trung,TP. Thủ Đức ,Thủ Đức ,Thiên Chúa Giáo,Kinh doanh,Trung học cơ sở,5-15 triệu/tháng,Xe máy cá nhân;,1,1,1,1,1,1,Khác:,Thói quen sử dụng xe máy để di chuyển,4,Có,Gần nhà,2,4,Nước sinh hoạt,4,4,4,4,Tôi có thể kiếm sống ở đây,3,3,4,4,4,Không,Khng tham gia,Không Thích tham gia,Không tham gia,Không tham gia,Không trả lời.,2,4,4,Không nói rõ,Không,C074,Motorcycle habit,Behavioural,2,2,,1,61,1,1,True,476.854262883247,1619.8148772540237,41.0,107.09525203233297,1597.369176998914,43.0,369.759010850914,2.0,0.0,22901.289707857028,900.3858941561068,1.8881783476402672,455.3928638321864,4.252222719404026,455.3928638321864,4.252222719404026,79.70166015625,90.48301696777344,5356.0,5356.0,0.015367898158729,0.0601045936346054,0.0447366945445537,13.527142082595615
2023-03-26 14:29:42.513,Nam,1991,Linh Trung,TP. Thủ Đức ,Thủ Đức ,Không có,Kinh doanh,Trung học phổ thông,5-15 triệu/tháng,Xe máy cá nhân;,1,1,1,1,1,1,<10 phút,Thói quen sử dụng xe máy để di chuyển,2,Có,Gần nhà,2,4,Nước sinh hoạt,4,4,4,4,"Chi phí bất động sản (Đất đai, Nhà cửa, vv), An ninh và An toàn",3,4,4,4,4,Không,Không tam gia,Không Thích tham gia,Tham gia vào phát triển khu vực nơi tôi sinh sống,Tham gia vào phát triển khu vực nơi tôi sinh sống,Thiếu thông tin,3,4,4,"Thêm sân chơi cộng đồng (công viên, sân chơi thể thao,hồ bơi..)",Không,C075,Motorcycle habit,Behavioural,2,3,1.0,0,32,1,1,True,218.340759172038,2087.5586338257567,91.0,213.1788987851051,2069.342036577216,92.0,5.161860386932887,1.0,0.0,18921.617083009965,270.32277915107835,1.2380774903236549,324.51525730681254,1.522267256075565,324.51525730681254,1.522267256075565,136.27708435058594,154.7114715576172,2667.0,2667.0,-0.0860630720853805,-0.0176568571478128,0.0684062168002128,13.527136491713463
2023-03-26 14:48:09.365,Nữ,1990,Linh Trung,TP. Thủ Đức ,Thủ Đức,Đạo phật,Nhân viên văn phòng (admin/kế toán/quản lý chung),Đại học,5-15 triệu/tháng,Xe điện 2 bánh cá nhân;,2,1,2,2,2,3,<10 phút,Thói quen sử dụng xe máy để di chuyển,3,Không,Gần nhà,3,3,Nước sinh hoạt,3,3,4,4,Tôi có thể kiếm sống ở đây,4,3,4,4,4,Không,Bắt buộc tham gia,Không Thích tham gia,Tham gia vào phát triển khu vực nơi tôi sinh sống,Tham gia vào phát triển khu vực nơi tôi sinh sống,Thiếu thông tin,3,4,3,"Thêm sân chơi cộng đồng (công viên, sân chơi thể thao,hồ bơi..)",Có,C076,Motorcycle habit,Behavioural,2,6,1.0,1,33,0,0,True,144.21426382249467,902.3228916383875,172.0,40.796135591038265,883.9680044931519,180.0,103.4181282314564,8.0,1.0,23103.75897802031,200.30694033332588,1.3889537347004215,72.50054902343379,1.7771425644383845,72.50054902343379,1.7771425644383845,323.4283142089844,367.1789245605469,4522.0,4522.0,-0.0227198600769042,0.0160778984427452,0.0387977585196495,13.527142933841247
2023-03-26 15:07:21.026,Nam,2003,Linh Trung,TP. Thủ Đức ,Thủ Đức,Không có,Sinh viên/ học sinh,Đại học,<5 triệu/tháng,Xe máy cá nhân;,2,1,3,2,3,2,10-20 phút,Thói quen sử dụng xe máy để di chuyển,5,Có,Ở xa (vì lý do khác),4,4,Nước sinh hoạt,4,3,4,4,"Chi phí bất động sản (Đất đai, Nhà cửa, vv)",3,3,4,4,4,Có,Thích tham gia,Không Thích tham gia,Không tham gia,Không tham gia,Thiếu thông tin,3,3,4,"Thêm trung tâm thương mại, Thêm dịch vụ tiện ích, Thêm các khu nhà ở",Không,C077,Motorcycle habit,Behavioural,1,6,2.0,0,20,0,1,True,156.33312220341142,2169.357303252,90.0,142.52832800734848,2151.181363149419,90.0,13.804794196062945,0.0,0.0,20251.94811057487,257.491525341857,1.647069550666456,311.6840034975912,2.1868214400264443,311.6840034975912,2.1868214400264443,186.72743225097656,211.986328125,4062.0,4062.0,-0.0936216190457344,0.0021527162753045,0.0957743376493454,13.527147869774948
2023-03-26 15:11:39.946,Nam,1971,Linh Trung,TP. Thủ Đức ,Thủ Đức ,Đạo phật,Khác,Trung học phổ thông,<5 triệu/tháng,Xe máy cá nhân;,2,1,1,1,1,1,Khác:,Thói quen sử dụng xe máy để di chuyển,3,Không,Gần nhà,2,4,Nước sinh hoạt,3,4,3,3,An ninh và An toàn,3,3,4,4,4,Không,Không tham gia,Không Thích tham gia,Không tham gia,Không tham gia,Thiếu thông tin,3,3,3,"Thêm sân chơi cộng đồng (công viên, sân chơi thể thao,hồ bơi..)",Không,C078,Motorcycle habit,Behavioural,1,3,,0,52,0,1,True,527.4523660057401,1606.5049320691155,40.0,146.22896405184548,1584.011819743334,42.0,381.22340195389467,2.0,0.0,22082.861239699152,867.5936780868677,1.644875886436778,1030.249372883585,7.045453543104566,1030.249372883585,7.045453543104566,37.01358413696289,42.02046203613281,6419.0,6419.0,0.0876558125019073,0.1273278146982193,0.0396719984710216,13.527136093178022
2023-03-26 15:31:14.769,Nữ,1985,Phước Long A,TP. Thủ Đức,Thủ Đức,Thiên Chúa Giáo,Khác,Trung học phổ thông,5-15 triệu/tháng,Xe máy cá nhân;,1,1,1,2,1,1,<10 phút,Thói quen sử dụng xe máy để di chuyển,4,Có,Gần nhà,4,4,Cả hai,4,4,4,4,An ninh và An toàn,3,3,4,4,4,Không,,Không Được mời,Tham gia vào phát triển khu vực nơi tôi sinh sống,Tham gia vào phát triển khu vực nơi tôi sinh sống,Tôi không có đủ kiến thức,4,4,4,Thêm dịch vụ tiện ích,Có,C079,Motorcycle habit,Behavioural,2,3,1.0,1,38,0,1,True,486.6444738242181,847.4721047393622,24.0,195.59329556471917,823.9138866166118,35.0,291.0511782594989,11.0,1.0,21840.5251475054,876.6748520123216,1.801468832314301,404.8097222482364,2.0696502969565764,404.8097222482364,2.0696502969565764,201.65321350097656,226.0162353515625,5075.0,5075.0,0.1210235133767128,0.0696576163172721,-0.0513658970594406,12.081643246646278
2023-03-26 18:00:06.623,Nam,1955,Trường Thọ,TP. Thủ Đức,TP. Thủ Đức,Đạo phật,Nghỉ hưu,Trung học phổ thông,5-15 triệu/tháng,Khác,3,4,3,3,3,2,Khác:,Không cảm thấy thoải mái khi phải đi bộ đến các trạm,2,Có,Gần nhà,2,2,Nước sinh hoạt,4,2,2,4,Gia đình/họ hàng tôi sống ở đây,2,4,4,4,4,Có,Được mời,,Không tham gia,Không tham gia,Thiếu thông tin,3,4,4,Có hệ thống thoát nước tốt hơn,Không,C080,Walking discomfort,Experiential,2,3,,0,68,0,0,True,129.31577329324594,2095.1119073123286,54.0,113.09574519790227,2104.6883629518275,56.0,16.220028095343665,2.0,0.0,19699.89890876481,157.57180947774106,1.218504173658844,152.4721014016473,1.3481683252967804,152.4721014016473,1.3481683252967804,174.802978515625,198.4488067626953,4702.0,4702.0,0.2000713944435119,0.1885276585817337,-0.0115437367931008,13.527131201003362
2023-03-26 18:11:31.986,Nam,1963,Linh Tây,TP. Thủ Đức,Nghỉ hưu,Đạo phật,Nghỉ hưu,Trung học phổ thông,<5 triệu/tháng,Xe máy cá nhân;,3,3,3,3,2,2,Khác:,Thói quen sử dụng xe máy để di chuyển,4,Có,Gần nhà,4,4,Nước sinh hoạt,4,4,4,5,Gia đình/họ hàng tôi sống ở đây,4,5,4,4,4,Không,,Do sức khỏe không tốt,Tham gia vào phát triển khu vực nơi tôi sinh sống,Tham gia vào phát triển khu vực nơi tôi sinh sống,Sức khỏe không tốt,2,4,4,Thêm dịch vụ tiện ích,Không,C081,Motorcycle habit,Behavioural,1,3,,0,60,0,1,True,67.4927069377123,2034.905229689952,101.0,231.6837638332124,2028.132005760232,104.0,-164.19105689550014,3.0,0.0,25585.48947714527,85.11335857094149,1.2610748987959683,261.2359782380072,1.127554101831966,261.2359782380072,1.127554101831966,82.69058227539062,93.87625885009766,2219.0,2219.0,0.0411498770117759,0.0774410739541053,0.0362912006676197,13.52714694577254
2023-03-26 18:59:12.146,Nữ,1957,Linh Đông,TP. Thủ Đức,TP .Thủ Đúc,Thiên Chúa Giáo,Kinh doanh,Trung học cơ sở,<5 triệu/tháng,Xe máy cá nhân;,3,4,3,4,3,2,10-20 phút,Thói quen sử dụng xe máy để di chuyển,2,Có,Gần nhà,2,2,Nước sinh hoạt,4,4,4,5,Tôi có thể kiếm sống ở đây,4,2,4,4,4,Không,,Không Được mời,Không tham gia,Không tham gia,Bận ,2,4,4,Thêm dịch vụ tiện ích,Không,C082,Motorcycle habit,Behavioural,1,2,2.0,1,66,1,1,True,470.625825259064,3040.331687190167,33.0,418.0870767297104,3035.228573667693,33.0,52.5387485293536,0.0,0.0,23196.14904806415,588.7463652484697,1.2509860990403243,464.2519051276017,1.1104191709511664,464.2519051276017,1.1104191709511664,179.28189086914062,203.5336151123047,4757.0,4757.0,0.1585131138563156,0.2247878015041351,0.0662746876478195,13.527146621219876
2023-03-26 19:07:33.143,Nữ,1977,Trường Thọ,TP. Thủ Đức,TP. Thủ Đức,Đạo phật,Kinh doanh,Trung học cơ sở,5-15 triệu/tháng,Xe máy cá nhân;,1,3,2,3,3,2,Khác:,Thói quen sử dụng xe máy để di chuyển,2,Có,Gần nhà,2,2,Nước sinh hoạt,4,4,4,5,Gia đình/họ hàng tôi sống ở đây,4,4,4,4,4,Không,,,Không tham gia,Không tham gia,Thiếu thông tin,4,4,4,Đã đủ rồi,Không,C083,Motorcycle habit,Behavioural,2,2,,1,46,1,1,True,195.9000592507073,1816.656567421762,78.0,191.63303957960144,1816.712435354007,81.0,4.267019671105885,3.0,0.0,23557.164680693488,340.10474191321345,1.7361135224464486,333.04133879895994,1.7379118941575815,333.04133879895994,1.7379118941575815,168.8875732421875,191.7332305908203,5051.0,5051.0,-0.0140953110530972,0.0316516384482383,0.0457469522953033,13.527139333023497
2023-03-26 19:17:13.713,Nữ,1953,Trường Thọ,TP. Thủ Đức,Tp.Thủ Đức,Thiên Chúa Giáo,Khác,Trung học cơ sở,5-15 triệu/tháng,Khác,3,3,2,2,2,1,<10 phút,Không cảm thấy thoải mái khi phải đi bộ đến các trạm,3,Có,Gần nhà,3,3,Nước sinh hoạt,4,4,4,4,thích đi chợ để buôn bán,3,3,4,4,3,Không,,Không Bắt buộc,Không tham gia,Không tham gia,Thiếu thông tin,3,4,4,"Thêm sân chơi cộng đồng (công viên, sân chơi thể thao,hồ bơi..)",Không,C084,Walking discomfort,Experiential,2,2,1.0,1,70,0,0,True,218.2480791416749,1818.5449319840543,78.0,214.9230778883132,1818.9542889486736,81.0,3.325001253361762,3.0,0.0,23580.01100229708,334.18103760792025,1.5311980702060972,327.11763449366674,1.5220219145738112,327.11763449366674,1.5220219145738112,168.8875732421875,191.7332305908203,5051.0,5051.0,0.2008214443922042,0.1956017315387725,-0.0052197091281414,13.527139333023497
2023-03-26 19:17:45.798,Nam,1967,Trường Thọ,TP. Thủ Đức,TP. Thủ Đức,Đạo phật,Kinh doanh,Trung học cơ sở,5-15 triệu/tháng,Xe máy cá nhân;,3,4,4,4,3,1,Khác:,Thói quen sử dụng xe máy để di chuyển,4,Có,Gần nhà,2,2,Nước sinh hoạt,4,4,5,5,"Gia đình/họ hàng tôi sống ở đây, Tôi có thể kiếm sống ở đây",4,4,4,4,4,Không,,Bận,Không tham gia,Không tham gia,Bận,4,4,4,Thấy đủ,Không,C085,Motorcycle habit,Behavioural,2,2,,0,56,1,1,True,178.3188558420346,1817.4497814017875,79.0,173.26746785184872,1817.2283594135804,82.0,5.051387990185873,3.0,0.0,23592.181236741024,307.19705142080625,1.722740144165907,300.13364830655274,1.7321985022784552,300.13364830655274,1.7321985022784552,168.8875732421875,191.7332305908203,5051.0,5051.0,0.0947508066892623,0.1063754856586456,0.0116246789693832,13.527139333023497
2023-03-26 19:24:16.369,Nữ,2005,Linh Đông,TP. Thủ Đức,TP. Thủ Đức,Đạo phật,Kinh doanh,Trung học phổ thông,5-15 triệu/tháng,Xe máy cá nhân;,4,4,3,3,3,4,<10 phút,Thói quen sử dụng xe máy để di chuyển,4,Có,Gần nhà,2,2,Nước sinh hoạt,2,4,4,5,Gia đình/họ hàng tôi sống ở đây,2,2,2,4,2,Có,Thích tham gia,,Không tham gia,Không tham gia,Tôi không được cho phép tham gia,2,4,4,Thêm dịch vụ tiện ích,Không,C086,Motorcycle habit,Behavioural,2,3,1.0,1,18,1,1,True,306.3582576879911,2277.851754932568,62.0,192.8009283361396,2276.8434428716587,65.0,113.55732935185154,3.0,0.0,24685.105372474147,478.289249614865,1.5612089363100377,351.3920187576473,1.822563935714103,351.3920187576473,1.822563935714103,174.28102111816406,197.85626220703125,4654.0,4654.0,0.1615071296691894,0.1591580510139465,-0.0023490781895816,13.527141932960657
2023-03-26 19:26:48.488,Nữ,1970,Linh Đông,TP. Thủ Đức,TP.Thủ Đức,Đạo phật,Khác,Trung học cơ sở,5-15 triệu/tháng,Xe đạp;,3,1,2,1,1,3,<10 phút,Có sử dụng phương tiện công cộng,3,Không,Gần nhà,3,4,Nước sinh hoạt,4,4,4,4,Gia đình/họ hàng tôi sống ở đây,2,3,4,4,4,Không,,Không Được mời,Tham gia vào phát triển khu vực nơi tôi sinh sống,Tham gia vào phát triển khu vực nơi tôi sinh sống,Thiếu thông tin,3,4,4,"Thêm sân chơi cộng đồng (công viên, sân chơi thể thao,hồ bơi..)",Không,C087,Uses public transport,Not a barrier,2,2,1.0,1,53,0,0,True,316.0258062753814,2067.919519475377,24.0,209.7342530411989,2078.931156033982,25.0,106.29155323418247,1.0,0.0,20531.65279266192,316.783917491667,1.0023988902210883,246.90017710513064,1.177204836716066,246.90017710513064,1.177204836716066,121.44844818115234,137.876953125,2797.0,2797.0,0.1177558600902557,0.1595038920640945,0.0417480356991291,13.527142742361695
2023-03-26 19:32:08.050,Nữ,1973,Trường Thọ,TP. Thủ Đức,TP. Thủ Đức,Thiên Chúa Giáo,Kinh doanh,Đại học,5-15 triệu/tháng,Xe máy cá nhân;,3,3,3,2,3,2,<10 phút,Thói quen sử dụng xe máy để di chuyển,4,Có,Gần nhà,4,4,Nước sinh hoạt,4,4,4,4,Gia đình/họ hàng tôi sống ở đây,3,4,4,4,2,Không,,Không Có điều kiện tham gia,Tham gia vào phát triển khu vực nơi tôi sinh sống,Tham gia vào phát triển khu vực nơi tôi sinh sống,Không có thời gian,3,4,4,"Thêm sân chơi cộng đồng (công viên, sân chơi thể thao,hồ bơi..)",Không,C088,Motorcycle habit,Behavioural,2,6,1.0,1,50,1,1,True,23.899392379413595,2007.5848010359607,126.0,130.8087388151711,1995.8597322742232,129.0,-106.9093464357575,3.0,0.0,23304.485484781584,54.29134305645294,2.271662065484908,136.71994082525245,1.0451896567738774,136.71994082525245,1.0451896567738774,162.67774963378906,184.6833953857422,4436.0,4436.0,0.1198237910866737,0.1445042341947555,0.0246804393827915,13.527139268579132
2023-03-26 19:35:33.746,Nam,1979,Trường Thọ,TP. Thủ Đức,TP. Thủ Đức,Không có,Khác,Trung học phổ thông,5-15 triệu/tháng,Khác,3,3,2,2,2,2,Khác:,Thói quen sử dụng xe máy để di chuyển,4,Có,Gần nhà,3,3,Nước sinh hoạt,4,4,3,4,Gia đình/họ hàng tôi sống ở đây,3,2,4,4,4,Có,Được mời,,Không tham gia,Không tham gia,không có thời gian,3,4,3,không mong muốn,Không,C089,Motorcycle habit,Behavioural,2,3,,0,44,0,0,True,221.5297507330884,1824.276716001472,78.0,218.6504571554578,1824.77497273528,80.0,2.879293577630591,2.0,0.0,23785.37127592129,343.36596072000845,1.5499767393938668,336.30255760575494,1.5380830297859744,336.30255760575494,1.5380830297859744,168.8875732421875,191.7332305908203,5051.0,5051.0,0.2008214443922042,0.1956017315387725,-0.0052197091281414,13.527139333023497
2023-03-26 19:39:11.091,Nữ,1986,Trường Thọ,TP. Thủ Đức,TP. Thủ Đức,Đạo phật,Kinh doanh,Đại học,>35 Triệu/tháng,Xe máy cá nhân;,3,3,3,3,4,3,<10 phút,Số lượng điểm dừng và tần suất các chuyến chưa đủ,5,Không,Gần nhà,2,4,Nước sinh hoạt,4,4,4,5,Tôi có thể kiếm sống ở đây,2,2,4,4,2,Không,,Không Bắt buộc,Không tham gia,Không tham gia,Tôi không có đủ kiến thức,4,4,3,"Thêm sân chơi cộng đồng (công viên, sân chơi thể thao,hồ bơi..)",Không,C090,Stop density / frequency,Infrastructure,5,6,1.0,1,37,1,1,True,236.7353596987757,1822.224894198015,78.0,234.13574203907035,1822.9231629598185,80.0,2.599617659705359,2.0,0.0,23710.91266040447,404.9204658031705,1.7104350880172488,423.9997199445277,1.8109141144019552,423.9997199445277,1.8109141144019552,203.0594482421875,230.527587890625,5494.0,5494.0,0.1671421527862548,0.1831426620483398,0.0160005073994398,13.527141872106563
2023-03-26 19:44:38.732,Nam,1992,Linh Trung,TP. Thủ Đức,TP. Thủ Đức,Không có,Khác,Đại học,>35 Triệu/tháng,Xe máy cá nhân;,3,2,3,2,4,2,<10 phút,Thói quen sử dụng xe máy để di chuyển,2,Có,Gần nhà,3,4,Nước sinh hoạt,4,3,4,4,Tôi có thể kiếm sống ở đây,4,3,4,4,3,Không,,Không Bắt buộc,Tham gia tích cực,Tham gia vào phát triển khu vực nơi tôi sinh sống,không có thời gian,3,3,3,Thêm các khu nhà ở,Không,C091,Motorcycle habit,Behavioural,5,6,1.0,0,31,0,1,True,117.49678126625682,1513.5087368456664,130.0,81.2279687567991,1496.878697448533,136.0,36.26881250945772,6.0,0.0,21233.79366353971,128.69518178334604,1.0953081471373485,89.83130272969588,1.105915906855379,89.83130272969588,1.105915906855379,132.6368408203125,150.5788116455078,2989.0,2989.0,-0.1193783357739448,-0.1372844874858856,-0.0179061442613601,13.527139755614272
2023-03-26 20:00:38.781,Nữ,1973,Bình Thọ,TP. Thủ Đức,TP. Thủ Đức,Đạo phật,Khác,Trung học cơ sở,5-15 triệu/tháng,Xe máy cá nhân;,3,2,2,1,1,1,<10 phút,Thói quen sử dụng xe máy để di chuyển,4,Không,Gần nhà,4,4,Nước sinh hoạt,4,4,4,4,Nơi này rất đáng sống,3,4,4,4,3,Không,,không có thời gian,Không tham gia,Không tham gia,không có điều gì,3,4,4,không có mong muốn,Không,C092,Motorcycle habit,Behavioural,2,2,1.0,1,50,0,1,True,42.82164649909718,932.4259791251254,177.0,29.96762118940068,922.9293391488642,186.0,12.854025309696496,9.0,1.0,22590.59631842172,70.36817000435461,1.6432850148776554,73.65275397677321,2.45774442726951,73.65275397677321,2.45774442726951,180.8744964599609,205.34164428710935,4072.0,4072.0,0.0395604409277439,0.0505582466721534,0.0109978076070547,13.52714081090176
2023-03-26 20:09:51.049,Nam,1983,Trường Thọ,TP. Thủ Đức,TP.Thủ Đức,Đạo phật,Đang kiếm việc làm,Trung học cơ sở,5-15 triệu/tháng,Xe máy cá nhân;,3,2,2,1,2,1,<10 phút,Thói quen sử dụng xe máy để di chuyển,3,Không,Gần nhà,3,3,Nước sinh hoạt,4,4,4,4,Tôi có thể kiếm sống ở đây,3,3,4,4,4,Không,,Không Bắt buộc,Không tham gia,Không tham gia,Thiếu thông tin,3,4,3,"Thêm sân chơi cộng đồng (công viên, sân chơi thể thao,hồ bơi..)",Không,C093,Motorcycle habit,Behavioural,2,2,1.0,0,40,0,1,True,196.37616769424145,1866.4987418103944,77.0,195.49431249148796,1866.8953812366365,78.0,0.881855202753485,1.0,0.0,23839.95806828273,295.3814245079642,1.5041612634373964,354.4868087217825,1.8132845104494657,354.4868087217825,1.8132845104494657,168.8875732421875,191.7332305908203,5051.0,5051.0,0.1017867922782898,0.1251891106367111,0.0234023183584213,13.527139333023497
2023-03-27 19:56:46.512,Nữ,1997,Trường Thọ,TP. Thủ Đức,TP.Thủ Đức,Đạo phật,Kinh doanh,Trung học phổ thông,5-15 triệu/tháng,Ô tô cá nhân;,3,4,3,3,3,1,<10 phút,Không cảm thấy thoải mái khi phải đi bộ đến các trạm,4,Có,Gần nhà,3,2,Cả hai,3,3,3,5,Gia đình/họ hàng tôi sống ở đây,3,3,4,1,3,Không,Không tham gia,Không Được mời,Tham gia vào phát triển khu vực nơi tôi sinh sống,Không tham gia,Bận,3,4,4,"Thêm sân chơi cộng đồng (công viên, sân chơi thể thao,hồ bơi..)",Không,C094,Walking discomfort,Experiential,2,3,1.0,1,26,1,0,True,86.75371968355226,1856.2483383562928,80.0,75.7709277142555,1854.5179253681968,82.0,10.982791969296755,2.0,0.0,24314.231013558496,122.79608464223436,1.4154561336407503,117.56348262695084,1.551564513903035,117.56348262695084,1.551564513903035,186.60699462890625,211.84957885742188,4688.0,4688.0,0.1840390861034393,0.1738834679126739,-0.010155614465475,13.527137221578425
2023-03-27 20:03:25.618,Nữ,1978,Trường Thọ,TP. Thủ Đức,TP.Thủ Đức ,Đạo phật,Khác,Trung học cơ sở,<5 triệu/tháng,Xe máy cá nhân;,1,1,1,1,1,1,<10 phút,Thói quen sử dụng xe máy để di chuyển,4,Có,Gần nhà,2,4,Nước sinh hoạt,4,4,2,2,Gia đình/họ hàng tôi sống ở đây,4,4,4,4,4,Không,Không tham gia,Bận,Không tham gia,Không tham gia,Không có thời gian,2,4,4,Thêm các khu nhà ở,Không,C095,Motorcycle habit,Behavioural,1,2,1.0,1,45,0,1,True,91.65412455718098,1851.8528267245329,80.0,81.14831873113633,1850.226612621552,82.0,10.50580582604465,2.0,0.0,24429.357367367367,121.5863902144208,1.3265784906228169,115.02134325166617,1.4174211499410014,115.02134325166617,1.4174211499410014,197.67047119140625,224.40963745117188,5541.0,5541.0,0.1840390861034393,0.1738834679126739,-0.010155614465475,13.527142470295338
2023-03-27 20:10:17.724,Nữ,1981,Trường Thọ,TP. Thủ Đức,TP.Thủ Đức ,Đạo phật,Kinh doanh,Trung học phổ thông,15-25 triệu/tháng,Ô tô cá nhân;,3,4,3,1,2,1,Khác:,Thói quen sử dụng xe máy để di chuyển,2,Không,Gần nhà,2,2,Nước sinh hoạt,4,4,4,4,Gia đình/họ hàng tôi sống ở đây,2,4,4,4,4,Có,Được mời,Có tham gia,Tham gia vào phát triển khu vực nơi tôi sinh sống,Tham gia vào phát triển khu vực nơi tôi sinh sống,Bận,4,4,4,"Thêm sân chơi cộng đồng (công viên, sân chơi thể thao,hồ bơi..)",Không,C096,Motorcycle habit,Behavioural,3,3,,1,42,1,0,True,101.84444971523574,1842.2365037762536,80.0,91.55196056318051,1840.6726627964267,82.0,10.29248915205521,2.0,0.0,24643.168683448443,147.34519824643542,1.446767090974746,140.2817922768862,1.53226420727579,140.2817922768862,1.53226420727579,197.67047119140625,224.40963745117188,5541.0,5541.0,0.1840390861034393,0.1738834679126739,-0.010155614465475,13.527142470295338
2023-03-27 20:16:01.939,Nữ,1956,Linh Đông,TP. Thủ Đức,TP.Thủ Đức ,Thiên Chúa Giáo,Khác,Tiểu học,<5 triệu/tháng,Xe máy cá nhân;,1,1,1,1,1,1,<10 phút,Thói quen sử dụng xe máy để di chuyển,2,Không,Gần nhà,2,4,Nước sinh hoạt,4,4,4,4,Gia đình/họ hàng tôi sống ở đây,2,4,4,4,4,Không,Không tham gia,Bận,Không tham gia,Không tham gia,Bận,2,4,4,"Thêm sân chơi cộng đồng (công viên, sân chơi thể thao,hồ bơi..)",Không,C097,Motorcycle habit,Behavioural,1,1,1.0,1,67,0,1,True,93.96772510350549,3367.971346366752,24.0,97.37509951582946,3359.5395406683447,24.0,-3.407374412323989,0.0,0.0,23241.129033275283,173.85861648824277,1.8501950142640728,164.29009566912046,1.6871879616658385,164.29009566912046,1.6871879616658385,160.25538635253906,181.9333648681641,5153.0,5153.0,0.1608359813690185,0.1876909136772155,0.026854932308197,13.527145020845994
2023-03-27 20:22:23.138,Nam,1964,Linh Tây,TP. Thủ Đức,TP.Thủ Đức ,Thiên Chúa Giáo,Khác,Trung học cơ sở,5-15 triệu/tháng,Xe máy cá nhân;,4,4,4,4,4,2,10-20 phút,Thói quen sử dụng xe máy để di chuyển,2,Có,Gần nhà,2,2,Nước sinh hoạt,4,4,2,2,Tôi có thể kiếm sống ở đây,2,2,4,4,4,Không,Không tham gia,Bận,Không tham gia,Không tham gia,Bận,2,4,4,"Thêm sân chơi cộng đồng (công viên, sân chơi thể thao,hồ bơi..)",Có,C098,Motorcycle habit,Behavioural,2,2,2.0,0,59,0,1,True,187.87566485975893,2231.235518334577,66.0,159.2990176660022,2229.017883309404,69.0,28.576647193756717,3.0,0.0,26272.28271246437,361.551695368829,1.9244200447072897,243.3829096999293,1.5278368521406918,243.3829096999293,1.5278368521406918,250.22645568847656,284.074951171875,6642.0,6642.0,0.1269590556621551,0.1602235734462738,0.033264510333538,13.527144997625138
2023-03-27 20:28:37.791,Nữ,1981,Linh Tây,TP. Thủ Đức,TP.Thủ Đức ,Đạo phật,Khác,Trung học phổ thông,25-35 Triệu/tháng,Xe máy cá nhân;,1,2,2,1,2,1,<10 phút,Thói quen sử dụng xe máy để di chuyển,4,Không,Gần nhà,4,2,Nước sinh hoạt,4,4,4,4,Gia đình/họ hàng tôi sống ở đây,2,4,4,4,4,Có,Được mời,Đã tham gia,Không tham gia,Không tham gia,Bận,4,4,4,Thêm trung tâm thương mại,Không,C099,Motorcycle habit,Behavioural,4,3,1.0,1,42,0,1,True,16.073399838657707,2030.0028762011696,106.0,149.47864062986577,2022.3590668442916,109.0,-133.40524079120806,3.0,0.0,25080.470646446996,45.95975163691203,2.859367159297279,210.23493472904,1.406454687058715,210.23493472904,1.406454687058715,161.1654510498047,182.96652221679688,4140.0,4140.0,-0.1030741408467292,-0.06517094373703,0.0379032008349895,13.527136880133844
2023-03-27 20:34:52.439,Nữ,1957,Linh Tây,TP. Thủ Đức,TP.Thủ Đức ,Thiên Chúa Giáo,Khác,Trung học phổ thông,<5 triệu/tháng,Khác,4,4,4,1,4,3,10-20 phút,Không cảm thấy thoải mái khi phải đi bộ đến các trạm,2,Có,Ở xa (vì lý do khác),2,2,Nước sinh hoạt,4,4,2,4,Gia đình/họ hàng tôi sống ở đây,2,3,2,4,4,Không,Không tham gia,Bận,Không tham gia,Không tham gia,Bận,2,4,4,Thêm các khu nhà ở,Không,C100,Walking discomfort,Experiential,1,3,2.0,1,66,0,0,True,86.12647698434307,2164.132634384813,20.0,72.65856017222796,2175.9950390771373,22.0,13.467916812115106,2.0,0.0,23489.340198682337,92.27007454162286,1.071332275188693,80.86825427028015,1.1129900465766476,80.86825427028015,1.1129900465766476,215.25604248046875,244.37403869628903,4760.0,4760.0,0.1569892466068267,0.141788899898529,-0.0152003485709428,13.527144641462192
2023-03-27 20:42:27.461,Nam,1966,Linh Tây,TP. Thủ Đức,TP.Thủ Đức ,Không có,Khác,Trung học cơ sở,5-15 triệu/tháng,Xe máy cá nhân;,4,4,4,3,4,2,10-20 phút,Thói quen sử dụng xe máy để di chuyển,4,Không,Gần nhà,2,2,Nước sinh hoạt,4,4,4,4,Gia đình/họ hàng tôi sống ở đây,2,2,4,4,4,Không,Không tham gia,Bận,Không tham gia,Không tham gia,Không có thời gian,2,4,4,"Thêm sân chơi cộng đồng (công viên, sân chơi thể thao,hồ bơi..)",Không,C101,Motorcycle habit,Behavioural,2,2,2.0,0,57,0,1,True,398.88395584967327,2410.1402629869663,97.0,176.4364801730215,2398.746742340812,100.0,222.44747567665175,3.0,0.0,23125.49125109088,828.6634989118495,2.077455076243143,404.9961761785521,2.295421988589858,404.9961761785521,2.295421988589858,185.11253356933597,210.1529541015625,4524.0,4524.0,0.1663374155759811,0.1725659221410751,0.0062285121530294,13.527134035387938
2023-03-27 20:50:04.122,Nam,1979,Linh Chiểu,TP. Thủ Đức,TP.Thủ Đức ,Không có,Khác,Trung học phổ thông,5-15 triệu/tháng,Xe máy cá nhân;,2,3,3,3,3,3,<10 phút,Thói quen sử dụng xe máy để di chuyển,4,Có,Gần nhà,4,2,Nước sinh hoạt,4,4,4,4,Tôi có thể kiếm sống ở đây,2,4,4,4,4,Không,Không tham gia ,Không Có điều kiện tham gia,Không tham gia,Không tham gia,Thiếu thông tin,4,4,4,Thêm nơi làm việc,Có,C102,Motorcycle habit,Behavioural,2,3,1.0,0,44,0,1,True,17.22191210712199,1998.419153436992,130.0,138.5013273319929,1986.813122864712,133.0,-121.27941522487092,3.0,0.0,23320.731953467035,17.25014778040999,1.0016395202293664,169.2231914215259,1.2218163874768615,169.2231914215259,1.2218163874768615,162.67774963378906,184.6833953857422,4436.0,4436.0,0.1030776724219322,0.111594520509243,0.0085168434306979,13.527139268579132
2023-03-27 20:55:17.403,Nữ,1964,Linh Tây,TP. Thủ Đức,TP.Thủ Đức ,Đạo phật,Khác,Trung học cơ sở,<5 triệu/tháng,Xe máy cá nhân;,1,1,3,1,1,1,10-20 phút,Thói quen sử dụng xe máy để di chuyển,2,Có,Gần nhà,4,4,Nước sinh hoạt,4,4,4,4,Gia đình/họ hàng tôi sống ở đây,4,2,4,4,4,Không,Không tham gia ,Bận,Không tham gia,Không tham gia,Bận,2,4,4,"Thêm sân chơi cộng đồng (công viên, sân chơi thể thao,hồ bơi..)",Không,C103,Motorcycle habit,Behavioural,1,2,2.0,1,59,0,1,True,37.00873133812696,2606.1506806333605,64.0,76.09612415541423,2599.462657489394,65.0,-39.08739281728728,1.0,0.0,25873.646179296866,37.07737018570075,1.0018546663204064,189.061354488899,2.484507017765731,189.061354488899,2.484507017765731,231.68174743652344,263.02166748046875,5842.0,5842.0,0.0953943654894828,0.1143011301755905,0.0189067684113979,13.527142466210842
2023-03-27 21:00:09.863,Nữ,1973,Linh Tây,TP. Thủ Đức,TP.Thủ Đức ,Đạo phật,Khác,Trung học phổ thông,5-15 triệu/tháng,Xe máy cá nhân;,2,2,3,1,2,1,10-20 phút,Thói quen sử dụng xe máy để di chuyển,2,Có,Gần nhà,2,4,Nước sinh hoạt,4,4,2,4,Gia đình/họ hàng tôi sống ở đây,2,4,4,4,4,Có,Được mời,Đã tham gia ,Không tham gia,Không tham gia,Bận,2,4,4,"Thêm sân chơi cộng đồng (công viên, sân chơi thể thao,hồ bơi..)",Có,C104,Motorcycle habit,Behavioural,2,3,2.0,1,50,0,1,True,595.8149143812668,2564.818139152077,82.0,61.00080800205062,2551.4696669258565,83.0,534.8141063792162,1.0,0.0,20760.28882169832,832.9863098068297,1.3980621996880644,124.44578603849205,2.040067830483633,124.44578603849205,2.040067830483633,133.4353790283203,151.48536682128906,3334.0,3334.0,0.0291639659553766,0.049419566988945,0.0202556028962135,13.527137948278186
2023-03-27 21:05:37.510,Nữ,1949,Linh Tây,TP. Thủ Đức,TP.Thủ Đức ,Đạo phật,Khác,Trung học phổ thông,<5 triệu/tháng,Xe máy cá nhân;,1,2,2,1,2,1,10-20 phút,Thói quen sử dụng xe máy để di chuyển,2,Có,Gần nhà,4,4,Nước sinh hoạt,4,4,2,2,Gia đình/họ hàng tôi sống ở đây,2,4,4,4,4,Không,Không tham gia ,Bận,Không tham gia,Không tham gia,Bận,3,4,4,Thêm dịch vụ tiện ích,Không,C105,Motorcycle habit,Behavioural,1,3,2.0,1,74,0,1,True,555.6101640902815,2529.433633546529,81.0,85.05450524245876,2516.234542951931,83.0,470.5556588478228,2.0,0.0,20704.85168450898,800.997187083074,1.4416532289227872,134.89466304281592,1.5859790455341711,134.89466304281592,1.5859790455341711,133.4353790283203,151.48536682128906,3334.0,3334.0,0.0964532867074012,0.0989881232380867,0.0025348342023789,13.527137948278186
2023-03-27 22:27:17.906,Nam,1980,Linh Trung,TP. Thủ Đức ,Thủ đường,Không có,Kinh doanh,Trung học phổ thông,5-15 triệu/tháng,Xe máy cá nhân;,1,1,1,1,1,1,<10 phút,Thói quen sử dụng xe máy để di chuyển,5,Có,Gần nhà,5,5,Cả hai,5,5,5,5,An ninh và An toàn,5,5,5,5,5,Có,Thích tham gia,Tham gia,Tham gia tích cực,Tham gia tích cực,Không cung cấp,3,5,5,Hiện tại không biết,Có,C106,Motorcycle habit,Behavioural,2,3,1.0,0,43,1,1,True,386.3518245549951,1885.2290616572927,96.0,361.86528998118376,1866.5476441553972,96.0,24.486534573811355,0.0,0.0,18802.789111156195,511.6073869513432,1.3242007787607033,553.2977987470888,1.529015946171182,553.2977987470888,1.529015946171182,187.84716796875,213.2575225830078,3969.0,3969.0,0.0816208943724632,0.0680888891220092,-0.0135320061817765,13.527142777305562
2023-03-27 22:41:49.595,Nam,1978,Trường Thọ,TP. Thủ Đức,TP.Thủ Đức ,Không có,Kinh doanh,Trung học phổ thông,5-15 triệu/tháng,Xe máy cá nhân;,4,4,3,4,4,2,Khác:,Thói quen sử dụng xe máy để di chuyển,4,Không,Gần nhà,2,2,Nước sinh hoạt,4,2,4,4,Gia đình/họ hàng tôi sống ở đây,2,2,4,2,2,Không,Không tham gia,Không Thích tham gia,Không tham gia,Không tham gia,Bận,2,2,4,"Thêm sân chơi cộng đồng (công viên, sân chơi thể thao,hồ bơi..)",Không,C107,Motorcycle habit,Behavioural,2,3,,0,45,1,1,True,107.86023440454277,1836.911445675369,81.0,97.77356386733506,1835.4037823653207,83.0,10.08667053720771,2.0,0.0,24461.441701087784,143.3914887838701,1.3294194062852034,136.32808281432088,1.394324574271414,136.32808281432088,1.394324574271414,197.67047119140625,224.40963745117188,5541.0,5541.0,0.1167243346571922,0.122409738600254,0.0056854048743844,13.527142470295338
2023-03-27 22:43:19.438,Nam,1964,Linh Chiểu,TP. Thủ Đức,TP. Thủ Đức,Thiên Chúa Giáo,Kinh doanh,Trung học phổ thông,5-15 triệu/tháng,Xe máy cá nhân;,3,4,3,4,2,2,<10 phút,Thói quen sử dụng xe máy để di chuyển,4,Có,Gần nhà,2,2,Nước sinh hoạt,4,4,4,5,Tôi có thể kiếm sống ở đây,2,4,4,4,3,Có,Được mời,,Tham gia vào phát triển khu vực nơi tôi sinh sống,Tham gia vào phát triển khu vực nơi tôi sinh sống,Thiếu thông tin,4,4,4,"Thêm sân chơi cộng đồng (công viên, sân chơi thể thao,hồ bơi..)",Không,C108,Motorcycle habit,Behavioural,2,3,1.0,0,59,1,1,True,339.1842721722496,1310.666034106731,157.0,206.1301922128564,1300.6646117188732,163.0,133.05407995939325,6.0,0.0,22443.03716240088,486.175429228894,1.4333666656041089,269.60598259953366,1.3079402862106209,269.60598259953366,1.3079402862106209,159.4033203125,180.96603393554688,4090.0,4090.0,0.1313901394605636,0.0816241130232811,-0.0497660227119922,13.527142082595615
2023-03-27 22:48:11.065,Nữ,1962,Trường Thọ,TP. Thủ Đức,TP.Thủ Đức ,Thiên Chúa Giáo,Khác,Trung học phổ thông,<5 triệu/tháng,Xe máy cá nhân;,4,4,1,1,1,1,Khác:,Thói quen sử dụng xe máy để di chuyển,2,Không,Gần nhà,2,2,Nước sinh hoạt,4,4,2,2,Gia đình/họ hàng tôi sống ở đây,4,2,4,4,4,Không,Không tham gia,Bận,Không tham gia,Không tham gia,Bận việc,2,2,4,"Thêm sân chơi cộng đồng (công viên, sân chơi thể thao,hồ bơi..)",Không,C109,Motorcycle habit,Behavioural,1,3,,1,61,0,1,True,223.22413549288672,767.5037537716629,51.0,212.45505026693215,769.7030170168904,59.0,10.76908522595454,8.0,1.0,20276.63502389889,346.5407420136109,1.5524340199523534,369.8352670267763,1.7407694783536984,369.8352670267763,1.7407694783536984,77.08747100830078,87.51519775390625,6415.0,6415.0,0.1037122085690498,0.1342529952526092,0.0305407904088497,13.527135615180072
2023-03-27 22:55:11.185,Nam,1975,Linh Tây,TP. Thủ Đức,TP.Thủ Đức ,Không có,Kinh doanh,Trung học phổ thông,5-15 triệu/tháng,Xe máy cá nhân;,2,1,2,1,2,2,Khác:,Thói quen sử dụng xe máy để di chuyển,4,Có,Gần nhà,2,4,Nước sinh hoạt,4,4,4,4,Gia đình/họ hàng tôi sống ở đây,2,4,3,4,4,Không,Không tham gia ,Bận,Không tham gia,Không tham gia,Không có thời gian,2,4,4,Thêm trung tâm thương mại,Không,C110,Motorcycle habit,Behavioural,2,3,,0,48,1,1,True,93.93757977239824,2100.043812845455,74.0,21.495586570316902,2096.7275045710658,77.0,72.44199320208135,3.0,0.0,26441.94245750476,106.13268627795284,1.129821382827854,53.8142789751212,2.50350362848125,53.8142789751212,2.50350362848125,217.1876983642578,246.5669860839844,5493.0,5493.0,0.0774362608790397,0.1164667382836341,0.0390304736793041,13.527141703234449
2023-03-27 23:00:38.717,Nam,1962,Linh Tây,TP. Thủ Đức,TP.Thủ Đức ,Không có,Nghỉ hưu,Trung học phổ thông,<5 triệu/tháng,Xe đạp;,1,1,1,1,2,1,Khác:,Không cảm thấy thoải mái khi phải đi bộ đến các trạm,4,Có,Gần nhà,4,4,Nước sinh hoạt,4,4,4,4,Gia đình/họ hàng tôi sống ở đây,2,2,4,4,4,Không,Không tham gia ,Bận,Không tham gia,Không tham gia,Bận,2,4,4,Thêm trung tâm thương mại,Không,C111,Walking discomfort,Experiential,1,3,,0,61,0,0,True,54.93653443504101,2048.4076447398797,77.0,69.1118904330408,2045.053513515897,79.0,-14.175355997999796,2.0,0.0,25335.96167506842,198.83120286873523,3.619289147258472,174.4060909150292,2.5235323447562603,174.4060909150292,2.5235323447562603,217.1876983642578,246.5669860839844,5493.0,5493.0,0.1476160734891891,0.1428022235631942,-0.0048138438723981,13.527141703234449
2023-03-27 23:05:38.036,Nam,1968,Linh Tây,TP. Thủ Đức,TP. Thủ Đức ,Thiên Chúa Giáo,Nhân viên văn phòng (admin/kế toán/quản lý chung),Trung học phổ thông,>35 Triệu/tháng,Ô tô cá nhân;,1,1,4,4,4,3,<10 phút,Thói quen sử dụng xe máy để di chuyển,4,Không,Gần nhà,2,4,Nước sinh hoạt,5,4,1,4,Nơi này rất đáng sống,3,4,4,4,4,Không,,Không Được mời,Tham gia vào phát triển khu vực nơi tôi sinh sống,Tham gia vào phát triển khu vực nơi tôi sinh sống,Tôi không được cho phép tham gia,3,4,1,Thêm dịch vụ tiện ích,Có,C112,Motorcycle habit,Behavioural,5,3,1.0,0,55,0,0,True,103.54233479886462,2176.387719415487,70.0,70.55533258686016,2172.5332846523097,73.0,32.987002212004455,3.0,0.0,26545.188209528387,112.87610408114568,1.0901444737595718,76.20955946725087,1.0801389019523058,76.20955946725087,1.0801389019523058,132.9312744140625,150.91307067871094,3207.0,3207.0,0.199037879705429,0.2083825320005417,0.0093446429818868,13.527137495603656
2023-03-27 23:06:08.071,Nữ,2001,Linh Tây,TP. Thủ Đức,TP.Thủ Đức ,Không có,Khác,Trung học phổ thông,5-15 triệu/tháng,Xe máy cá nhân;,1,2,3,1,1,1,10-20 phút,Thói quen sử dụng xe máy để di chuyển,4,Có,Gần nhà,4,3,Nước dành cho kinh doanh,4,4,4,4,Tôi có thể kiếm sống ở đây,2,4,4,4,4,Không,Không tham gia ,Bận,Không tham gia,Không tham gia,Bận,4,4,4,Thêm trung tâm thương mại,Có,C113,Motorcycle habit,Behavioural,2,3,2.0,1,22,0,1,True,266.3204779971172,2951.079341604076,38.0,259.840858638982,2940.868409830121,38.0,6.47961935813521,0.0,0.0,21995.82632293131,327.14344608028887,1.2283826183423645,309.071625698699,1.1894650722660878,309.071625698699,1.1894650722660878,212.7310791015625,241.50750732421875,5114.0,5114.0,0.2169250547885894,0.199030190706253,-0.0178948529064655,13.52713874446044
2023-03-27 23:11:27.250,Nam,1958,Trường Thọ,TP. Thủ Đức,TP.Thủ Đức ,Đạo phật,Khác,Trung học cơ sở,<5 triệu/tháng,Xe máy cá nhân;,2,1,3,1,1,1,<10 phút,Thói quen sử dụng xe máy để di chuyển,2,Có,Gần nhà,4,4,Nước sinh hoạt,4,4,2,2,Gia đình/họ hàng tôi sống ở đây,3,3,2,4,4,Có,Được mời,Đã tham gia ,Không tham gia,Không tham gia,Bận,2,2,4,Thêm dịch vụ tiện ích,Không,C114,Motorcycle habit,Behavioural,1,2,1.0,0,65,0,1,True,325.3613254078755,1456.434354081002,78.0,227.34211097220708,1461.3704188935735,81.0,98.0192144356684,3.0,0.0,21378.70148831474,514.3120764446195,1.5807412752572048,557.4180169007157,2.451890740861735,557.4180169007157,2.451890740861735,146.6624755859375,166.501708984375,3994.0,3994.0,-0.1659011542797088,-0.1460503935813903,0.0198507700115442,13.527136589762948
2023-03-27 23:16:51.302,Nữ,2004,Trường Thọ,TP. Thủ Đức,TP.Thủ Đức ,Đạo phật,Khác,Trung học cơ sở,<5 triệu/tháng,Xe điện 2 bánh cá nhân;,1,3,1,2,1,1,Khác:,Thói quen sử dụng xe máy để di chuyển,2,Có,Gần nơi làm việc,4,4,Cả hai,3,4,4,4,Tôi có thể kiếm sống ở đây,4,4,4,4,4,Không,Không tham gia ,Không Thích tham gia,Không tham gia,Không tham gia,Tôi không được cho phép tham gia,4,4,4,"Thêm sân chơi cộng đồng (công viên, sân chơi thể thao,hồ bơi..)",Có,C115,Motorcycle habit,Behavioural,1,2,,1,19,0,0,True,70.23732413050354,1971.764051822945,71.0,71.56679151228136,1970.7513599073725,73.0,-1.3294673817778175,2.0,0.0,24064.0202487876,249.893986031947,3.557851742296372,140.91204129228305,1.9689584836020149,140.91204129228305,1.9689584836020149,92.78154754638672,105.33223724365234,3550.0,3550.0,0.0871856287121772,0.1084649264812469,0.0212792940437793,13.527139856112909
2023-03-27 23:23:01.646,Nam,1995,Trường Thọ,TP. Thủ Đức,TP.Thủ Đức ,Không có,Khác,Đại học,5-15 triệu/tháng,Xe máy cá nhân;,3,3,3,3,3,2,20-30 phút,Thói quen sử dụng xe máy để di chuyển,4,Không,Gần nhà,4,2,Cả hai,2,4,4,4,Gia đình/họ hàng tôi sống ở đây,2,4,4,4,4,Không,Không tham gia ,Không Bắt buộc,Không tham gia,Không tham gia,Tôi không có đủ kiến thức,2,4,4,"Thêm sân chơi cộng đồng (công viên, sân chơi thể thao,hồ bơi..)",Không,C116,Motorcycle habit,Behavioural,2,6,3.0,0,28,0,1,True,264.6897000679419,1838.2337325606015,77.0,237.1668852040168,1839.3906929433497,78.0,27.522814863925102,1.0,0.0,23076.442027559955,367.1480191793657,1.387088424993962,386.2272733207229,1.6285042196699626,386.2272733207229,1.6285042196699626,203.0594482421875,230.527587890625,5494.0,5494.0,0.1404091268777847,0.1568832248449325,0.0164740998297929,13.527141872106563
2023-03-27 23:25:04.237,Nam,1979,Bình Thọ,TP. Thủ Đức ,TP.Thủ Đức ,Không có,Khác,Trung học cơ sở,5-15 triệu/tháng,Xe máy cá nhân;,4,4,3,1,3,2,10-20 phút,Thói quen sử dụng xe máy để di chuyển,4,Có,Gần nhà,4,4,Nước dành cho kinh doanh,4,4,4,4,Tôi có thể kiếm sống ở đây,4,4,4,4,4,Có,Thích tham gia,,Tham gia tích cực,Tham gia tích cực,Tôi không có đủ kiến thức,4,4,4,Thêm trung tâm thương mại,Có,C117,Motorcycle habit,Behavioural,2,2,2.0,0,44,0,1,True,273.87127108323443,979.172675034006,148.0,303.6541461720653,980.0979604893496,155.0,-29.78287508883085,7.0,1.0,21071.25973858849,424.29917313401376,1.549264993936007,449.2001420791385,1.4793150290943162,449.2001420791385,1.4793150290943162,153.71543884277344,174.5087432861328,3930.0,3930.0,0.0749883577227592,0.0791531577706337,0.0041648005135357,13.5271411901752
2023-03-27 23:40:03.897,Nữ,1981,Linh Đông,TP. Thủ Đức ,TP.Thủ Đức ,Thiên Chúa Giáo,"Giáo viên, nghiên cứu sinh",Đại học,5-15 triệu/tháng,Xe máy cá nhân;,2,4,4,3,4,4,20-30 phút,Số lượng điểm dừng và tần suất các chuyến chưa đủ,4,Có,Gần nhà,1,3,Cả hai,2,2,2,4,Gia đình/họ hàng tôi sống ở đây,2,2,4,4,4,Không,,Không Được mời,Không tham gia,Không tham gia,Thiếu thông tin,2,2,2,Thêm các khu nhà ở,Có,C118,Stop density / frequency,Infrastructure,2,6,3.0,1,42,0,1,True,334.107909456575,2963.132942146384,38.0,284.0027433448563,2957.0781647335134,38.0,50.10516611171869,0.0,0.0,24790.96800380348,491.00219106574434,1.4695916414081822,402.0687786085672,1.4157214605506354,402.0687786085672,1.4157214605506354,229.3352203369141,260.35772705078125,5674.0,5674.0,0.1405506134033203,0.1310566812753677,-0.0094939330592751,13.527144530304737
2023-03-27 23:55:50.862,Nữ,2004,Linh Đông,TP. Thủ Đức,TP.Thủ Đức ,Thiên Chúa Giáo,Khác,Tiểu học,<5 triệu/tháng,Xe máy cá nhân;,4,4,4,1,4,2,<10 phút,Có sử dụng phương tiện công cộng,2,Không,Gần nhà,2,1,Nước sinh hoạt,1,4,1,4,Gia đình/họ hàng tôi sống ở đây,2,2,4,2,4,Không,,Không Được mời,Không tham gia,Không tham gia,Bận công việc ,2,4,4,"Thêm sân chơi cộng đồng (công viên, sân chơi thể thao,hồ bơi..)",Không,C119,Uses public transport,Not a barrier,1,1,1.0,1,19,0,1,True,412.409396673616,2962.0474798892856,35.0,377.73862670685287,2956.68383000247,35.0,34.670769966763146,0.0,0.0,23830.12067004442,566.4913853737202,1.37361415608589,470.4457389095629,1.2454266141933537,470.4457389095629,1.2454266141933537,187.1958465576172,212.51809692382807,5040.0,5040.0,0.0766501054167747,0.1033704206347465,0.0267203170806169,13.527143273671394
2023-03-28 00:37:52.780,Nam,1982,Trường Thọ,TP. Thủ Đức,Bình Thạnh,Không có,Nhân viên văn phòng (admin/kế toán/quản lý chung),Đại học,5-15 triệu/tháng,Xe máy cá nhân;,3,3,3,3,4,3,20-30 phút,Thiếu cơ sở hạ tầng giữ xe cá nhân tại các trạm giao thông công cộng,3,Có,Gần nhà,3,3,Cả hai,4,4,4,3,"Nơi này rất đáng sống, Dịch vụ giao thông công cộng ở đây rất tốt, An ninh và An toàn",3,4,4,4,4,Không,Không tham gia,Không Bắt buộc,Tham gia vào phát triển khu vực nơi tôi sinh sống,Tham gia vào phát triển khu vực nơi tôi sinh sống,Thiếu thông tin,3,3,4,Thêm trung tâm thương mại,Có,C120,No parking at stops,Infrastructure,2,6,3.0,0,41,0,1,True,337.1384084173324,1808.000298732244,16.0,295.9102740235068,1819.846072804876,18.0,41.22813439382554,2.0,0.0,18595.49113490428,437.7941112240878,1.2985589902950396,374.976863711258,1.267197852283663,374.976863711258,1.267197852283663,99.6025390625,113.07591247558594,2654.0,2654.0,0.0180990993976593,0.0074370708316564,-0.0106620294973254,13.527138504603258
2023-03-28 00:43:52.207,Nam,1985,Trường Thọ,TP. Thủ Đức,Thủ Đức,Thiên Chúa Giáo,Nhân viên văn phòng (admin/kế toán/quản lý chung),Đại học,5-15 triệu/tháng,Ô tô cá nhân;,3,2,3,3,4,3,10-20 phút,Không cảm thấy thoải mái khi phải đi bộ đến các trạm,4,Không,Gần nơi làm việc,4,3,Cả hai,1,4,3,4,Gia đình/họ hàng tôi sống ở đây,3,3,4,4,4,Có,Bắt buộc tham gia,Có tham gia,Tham gia vào phát triển khu vực nơi tôi sinh sống,Tham gia vào phát triển khu vực nơi tôi sinh sống,Thiếu thông tin,3,4,5,"Thêm trung tâm thương mại, Thêm dịch vụ tiện ích, Thêm nơi làm việc, Thêm sân chơi cộng đồng (công viên, sân chơi thể thao,hồ bơi..)",Có,C121,Walking discomfort,Experiential,2,6,2.0,0,38,0,0,True,316.76326598671733,1832.0510855247253,17.0,312.6629503976717,1843.9207897884448,19.0,4.100315589045579,2.0,0.0,18478.006960516363,418.2677153005366,1.3204426150792232,355.4504677877068,1.1368486970893552,355.4504677877068,1.1368486970893552,99.6025390625,113.07591247558594,2654.0,2654.0,-0.0062667862512171,-0.1010847017168998,-0.0948179140686988,13.527138504603258
2023-03-28 00:49:03.508,Nữ,1975,Trường Thọ,TP. Thủ Đức, ,Đạo phật,Kinh doanh,Cao Đẳng,5-15 triệu/tháng,Xe máy cá nhân;,3,3,3,4,3,3,20-30 phút,Không cảm thấy thoải mái khi phải đi bộ đến các trạm,4,Không,Gần nhà,3,3,Nước sinh hoạt,4,4,3,4,"Chi phí bất động sản (Đất đai, Nhà cửa, vv)",2,2,4,3,4,Không,không tham gia,Không Thích tham gia,Tham gia vào phát triển khu vực nơi tôi sinh sống,Tham gia vào phát triển khu vực nơi tôi sinh sống,Ý kiến của tôi không được lắng nghe,3,3,2,Thêm dịch vụ tiện ích,Không,C122,Walking discomfort,Experiential,2,5,3.0,1,48,1,1,True,364.3943067346358,1783.3713360977072,16.0,290.9599683934529,1795.2455220366892,18.0,73.43433834118287,2.0,0.0,18475.846581111124,475.9022624684523,1.3060090502868926,413.0850149556225,1.4197314401582042,413.0850149556225,1.4197314401582042,193.8027191162109,220.0186767578125,5181.0,5181.0,0.1013703122735023,0.1739509254693985,0.0725806057453155,13.527136131604816
2023-03-28 00:53:12.990,Nam,1965,Trường Thọ,TP. Thủ Đức, ,Đạo phật,Nghỉ hưu,Trung học phổ thông,<5 triệu/tháng,Xe máy cá nhân;,3,2,2,4,3,2,<10 phút,Số lượng điểm dừng và tần suất các chuyến chưa đủ,3,Không,Gần nhà,4,3,Nước sinh hoạt,3,3,2,2,An ninh và An toàn,2,2,5,4,4,Không,không tham gia,Không Thích tham gia,Không tham gia,Không tham gia,Ý kiến của tôi không được lắng nghe,4,4,3,"Thêm sân chơi cộng đồng (công viên, sân chơi thể thao,hồ bơi..)",Có,C123,Stop density / frequency,Infrastructure,1,3,1.0,0,58,0,1,True,437.9491323633749,1726.767005078938,16.0,297.4148536595818,1738.7594706490945,18.0,140.53427870379306,2.0,0.0,18441.52255077577,550.7796772952778,1.2576339044742877,359.1490301003658,1.2075692443775667,359.1490301003658,1.2075692443775667,170.3552703857422,193.39947509765625,4297.0,4297.0,0.1051702424883842,0.1106659993529319,0.0054957591928541,13.527145159485912
2023-03-28 00:58:14.231,Nam,1987,Trường Thọ,TP. Thủ Đức,Bình Thạnh,Không có,Thiết kế và giải trí,Đại học,15-25 triệu/tháng,Xe máy cá nhân;,4,1,3,3,2,1,20-30 phút,Thói quen sử dụng xe máy để di chuyển,4,Có,Gần nhà,4,4,Nước sinh hoạt,3,4,3,5,An ninh và An toàn,4,4,5,4,4,Không,không tham gia,Không Thích tham gia,Không tham gia,Không tham gia,Thiếu thông tin,3,4,3,"Thêm các khu nhà ở, Thêm nơi làm việc",Không,C124,Motorcycle habit,Behavioural,3,6,3.0,0,36,0,1,True,952.6574732825048,570.2353450530451,13.0,242.6398199864738,582.5021439666174,18.0,710.0176532960309,5.0,1.0,20059.760900532856,1895.2452862413973,1.9894299256490209,602.3239649289641,2.4823788814323278,602.3239649289641,2.4823788814323278,284.2243347167969,322.6717834472656,5574.0,5574.0,0.134236454963684,0.1175811886787414,-0.0166552662849426,13.527148816718336
2023-03-28 01:02:50.664,Nữ,1990,Trường Thọ,TP. Thủ Đức,Thủ ĐỨc,Đạo phật,Nhân viên văn phòng (admin/kế toán/quản lý chung),Đại học,5-15 triệu/tháng,Xe máy cá nhân;,3,2,4,3,4,3,20-30 phút,Không cảm thấy thoải mái khi phải đi bộ đến các trạm,4,Có,Gần nhà,1,4,Nước sinh hoạt,5,4,4,5,Tôi có thể kiếm sống ở đây,4,5,5,4,4,Có,Được mời,Không Bắt buộc,Tham gia vào phát triển khu vực nơi tôi sinh sống,Tham gia vào phát triển khu vực nơi tôi sinh sống,Không có thời gian,3,3,4,"Thêm trung tâm thương mại, Thêm dịch vụ tiện ích, Thêm sân chơi cộng đồng (công viên, sân chơi thể thao,hồ bơi..)",Có,C125,Walking discomfort,Experiential,2,6,3.0,1,33,0,1,True,1036.9588608054148,653.69831652434,12.0,220.5323880017216,665.9266454113972,13.0,816.4264728036933,1.0,1.0,18616.56414717296,1807.9220861267052,1.7434848714465652,515.000764814272,2.3352613622006926,515.000764814272,2.3352613622006926,284.2243347167969,322.6717834472656,5574.0,5574.0,0.0526520311832428,0.1130052208900451,0.0603531934320926,13.527148816718336
2023-03-28 05:10:50.237,Nữ,1984,Trường Thọ,TP. Thủ Đức,TP.Thủ Đức,Đạo phật,Kinh doanh,Trung học cơ sở,5-15 triệu/tháng,Xe đạp;,4,2,2,1,1,1,<10 phút,Không cảm thấy thoải mái khi phải đi bộ đến các trạm,2,Không,Gần nhà,3,2,Nước sinh hoạt,4,4,4,4,Gia đình/họ hàng tôi sống ở đây,2,2,4,4,4,Không,,Không Thích tham gia,Không tham gia,Không tham gia,Không có thời gian ,2,1,4,Không muốn thay đổi vì ở đây đã có đầy đủ rồi ,Không,C126,Walking discomfort,Experiential,2,2,1.0,1,39,1,0,True,10.323832743637356,1943.841501797326,76.0,18.60469502397112,1942.2134972115305,79.0,-8.280862280333762,3.0,0.0,24715.025822024654,10.367595630105557,1.0042390154465817,67.1970943062921,3.611835303922605,67.1970943062921,3.611835303922605,90.38148498535156,102.6075210571289,5095.0,5095.0,0.1929442435503006,0.224013939499855,0.0310696959495544,13.527146709039863
2023-03-28 05:20:52.590,Nữ,1955,Trường Thọ,TP. Thủ Đức ,TP.Thủ Đức ,Thiên Chúa Giáo,Kinh doanh,Trung học phổ thông,<5 triệu/tháng,Xe điện 2 bánh cá nhân;,3,1,1,1,1,1,10-20 phút,Thói quen sử dụng xe máy để di chuyển,4,Có,Gần nhà,2,4,Nước dành cho kinh doanh,4,4,4,4,Gia đình/họ hàng tôi sống ở đây,4,4,4,4,4,Không,,Không có thời gian ,Không tham gia,Không tham gia,Không có thời gian ,4,4,4,Không muốn thay đổi vì ở nơi đây có đầy đủ hết rồi ,Có,C127,Motorcycle habit,Behavioural,1,3,2.0,1,68,1,0,True,230.4815573030991,1857.7594736606643,77.0,215.08853925076932,1858.556550185212,78.0,15.39301805232975,1.0,0.0,23487.51203896668,315.74966528131324,1.369956316574522,375.3370302892527,1.7450350055688062,375.3370302892527,1.7450350055688062,203.0594482421875,230.527587890625,5494.0,5494.0,0.0821070596575737,0.1083528324961662,0.0262457747012376,13.527141872106563
2023-03-28 05:31:36.901,Nam,2003,Linh Tây,TP. Thủ Đức,TP.Thủ Đức ,Đạo phật,Khác,Trung học cơ sở,5-15 triệu/tháng,Xe máy cá nhân;,2,2,1,2,2,3,<10 phút,Thói quen sử dụng xe máy để di chuyển,4,Không,Gần nơi làm việc,2,4,Nước sinh hoạt,4,4,4,4,Gia đình/họ hàng tôi sống ở đây,2,4,4,2,2,Không,,Không Thích tham gia,Không tham gia,Không tham gia,Tôi không có đủ kiến thức,3,4,3,Nơi đây có đầy đủ rồi nên không muốn thay đổi ,Không,C128,Motorcycle habit,Behavioural,2,2,1.0,0,20,0,1,True,0.5575783058229352,1971.5199204468677,80.0,7.783776151731726,1968.4717069765095,83.0,-7.226197845908791,3.0,0.0,25607.11772769031,0.5987549230826446,1.0738490304046826,8.012801536398333,1.029423428963287,8.012801536398333,1.029423428963287,142.79917907714844,162.11582946777344,3684.0,3684.0,0.1099640950560569,0.1103888601064682,0.0004247632750775,13.527143864173771
2023-03-28 06:20:11.684,Nữ,1972,Linh Đông,TP. Thủ Đức,TP.Thủ Đức ,Thiên Chúa Giáo,Kinh doanh,Trung học cơ sở,>35 Triệu/tháng,Xe máy cá nhân;,4,4,3,1,4,1,<10 phút,Thói quen sử dụng xe máy để di chuyển,2,Có,Gần nhà,2,4,Nước sinh hoạt,4,4,4,4,Gia đình/họ hàng tôi sống ở đây,2,4,4,4,4,Có,Được mời,,Tham gia vào phát triển khu vực nơi tôi sinh sống,Tham gia vào phát triển khu vực nơi tôi sinh sống,Ý kiến của tôi không được lắng nghe,4,4,4,Không muốn thay đổi vì ở đây có đầy đủ rồi ,Không,C129,Motorcycle habit,Behavioural,5,2,1.0,1,51,1,1,True,173.00247545131847,2825.4748275086317,49.0,173.00247545131847,2815.8789639515257,49.0,0.0,0.0,0.0,23342.40259707383,281.1838069000858,1.6253166676751325,394.21341195472274,2.2786576372755505,394.21341195472274,2.2786576372755505,171.43931579589844,194.63015747070312,4343.0,4343.0,0.1078931242227554,0.1712574809789657,0.0633643567562103,13.527143156832125
2023-03-28 06:29:51.364,Nữ,1965,Trường Thọ,TP. Thủ Đức ,TP.Thủ Đức,Thiên Chúa Giáo,Kinh doanh,Trung học cơ sở,5-15 triệu/tháng,Xe máy cá nhân;,1,1,1,1,2,1,<10 phút,Thói quen sử dụng xe máy để di chuyển,2,Có,Gần nhà,2,4,Nước dành cho kinh doanh,1,4,4,4,Nơi này rất đáng sống,4,4,4,4,4,Không,,Không Thích tham gia,Không tham gia,Không tham gia,Không có thời gian,4,4,4,Không muốn thay đổi vì ở đây có đầy đủ rồi ,Không,C130,Motorcycle habit,Behavioural,2,2,1.0,1,58,1,1,True,95.26636853981611,1986.951223283089,72.0,92.92734823207542,1986.16895791877,74.0,2.339020307740711,2.0,0.0,24970.598221859484,126.67438546901516,1.3296863038929865,186.0619415452572,2.00223018395606,186.0619415452572,2.00223018395606,92.78154754638672,105.33223724365234,3550.0,3550.0,0.1799743771553039,0.1748551875352859,-0.005119199398905,13.527139856112909
2023-03-28 10:18:14.430,Nữ,1979,Trường Thọ,TP. Thủ Đức,TP.Thủ Đức,Không có,Kinh doanh,Trung học phổ thông,5-15 triệu/tháng,Xe máy cá nhân;,3,4,1,1,3,1,<10 phút,Thói quen sử dụng xe máy để di chuyển,2,Có,Gần nhà,4,2,Nước sinh hoạt,1,4,4,4,Gia đình/họ hàng tôi sống ở đây,4,4,4,4,4,Có,Được mời,,Không tham gia,Không tham gia,Không có thời gian ,4,4,4,Thêm trung tâm thương mại,Không,C131,Motorcycle habit,Behavioural,2,3,1.0,1,44,1,1,True,73.66859710095396,1944.746934646375,73.0,78.48144210992672,1943.851959328373,76.0,-4.812845008972758,3.0,0.0,24057.22185840187,226.4882734152692,3.0744208839065337,177.48134403971778,2.261443460622509,177.48134403971778,2.261443460622509,92.78154754638672,105.33223724365234,3550.0,3550.0,0.1773969382047653,0.1750697642564773,-0.0023271755781024,13.527139856112909
2023-03-28 10:24:10.820,Nam,1974,Trường Thọ,TP. Thủ Đức,Thành phố Thủ Đức,Đạo phật,Kinh doanh,Trung học cơ sở,15-25 triệu/tháng,Xe máy cá nhân;,3,3,1,4,4,2,<10 phút,Thói quen sử dụng xe máy để di chuyển,5,Có,Gần nhà,2,4,Nước sinh hoạt,4,4,4,4,"Nơi này rất đáng sống, An ninh và An toàn",4,4,4,4,4,Không,,Không có thời gian,Tham gia vào phát triển khu vực nơi tôi sinh sống,Tham gia vào phát triển khu vực nơi tôi sinh sống,Tôi không có đủ kiến thức,4,4,4,"Thêm sân chơi cộng đồng (công viên, sân chơi thể thao,hồ bơi..)",Có,C132,Motorcycle habit,Behavioural,3,2,1.0,0,49,1,1,True,782.4943771401756,445.10993549298905,20.0,23.010810193752963,456.8497131921985,26.0,759.4835669464227,6.0,1.0,21112.324153025456,1112.4818420519457,1.4217122506589668,32.35818770482892,1.406216792558378,32.35818770482892,1.406216792558378,206.07960510253903,233.95628356933597,4913.0,4913.0,-0.2075313776731491,-0.2255134284496307,-0.0179820470511913,13.527140860409874
2023-03-28 10:31:38.247,Nam,1985,Trường Thọ,TP. Thủ Đức,Thành Phố Thủ Đức,Không có,Kinh doanh,Đại học,15-25 triệu/tháng,Xe máy cá nhân;,3,4,3,3,3,3,<10 phút,Thói quen sử dụng xe máy để di chuyển,2,Không,Gần nhà,1,4,Nước sinh hoạt,4,4,4,4,"Gia đình/họ hàng tôi sống ở đây, Kết nối với Đồng Nai, Bình Dương thuận tiện",3,4,2,3,2,Có,Thích tham gia,,Tham gia vào phát triển khu vực nơi tôi sinh sống,Tham gia vào phát triển khu vực nơi tôi sinh sống,Thiếu thông tin,3,4,4,"Thêm trung tâm thương mại, Thêm dịch vụ tiện ích, Thêm các khu nhà ở, Thêm sân chơi cộng đồng (công viên, sân chơi thể thao,hồ bơi..)",Có,C133,Motorcycle habit,Behavioural,3,6,1.0,0,38,1,1,True,1029.3962855523578,959.0569000979574,6.0,264.0127346191578,970.686026295965,6.0,765.3835509332,0.0,1.0,17451.64258213541,1597.3049575236032,1.551691005632991,441.3358818874164,1.671646189809934,441.3358818874164,1.671646189809934,224.4191131591797,254.77659606933597,4724.0,4724.0,0.0743243247270584,0.0517963394522666,-0.0225279834121465,13.527137899624348
2023-03-28 10:38:58.890,Nam,1995,Trường Thọ,TP. Thủ Đức,Quận 1,Đạo phật,Nhân viên văn phòng (admin/kế toán/quản lý chung),Đại học,>35 Triệu/tháng,Xe máy cá nhân;,4,4,3,2,2,2,20-30 phút,Thiếu cơ sở hạ tầng giữ xe cá nhân tại các trạm giao thông công cộng,4,Không,Gần nhà,2,4,Nước sinh hoạt,3,2,4,4,Nơi này rất đáng sống,4,3,4,4,4,Có,Thích tham gia,,Không tham gia,Không tham gia,Tôi không có đủ kiến thức,3,5,4,"Thêm sân chơi cộng đồng (công viên, sân chơi thể thao,hồ bơi..)",Có,C134,No parking at stops,Infrastructure,5,6,3.0,0,28,0,1,True,964.7819935316736,622.341592654645,10.0,180.490387603947,634.3591408706679,12.0,784.2916059277268,2.0,1.0,19602.32402406553,1214.9576525808689,1.2593079687706483,194.02635531238343,1.0749955046810509,194.02635531238343,1.0749955046810509,184.90286254882807,209.91493225097656,4523.0,4523.0,0.1130558177828788,0.1219948530197143,0.0089390380308032,13.527140335939032
2023-03-28 10:46:09.362,Nam,1985,Trường Thọ,TP. Thủ Đức,7,Đạo phật,Kinh doanh,Đại học,>35 Triệu/tháng,Xe máy cá nhân;,3,3,3,3,4,3,>30 phút,Thói quen sử dụng xe máy để di chuyển,3,Không,Gần nhà,2,2,Nước sinh hoạt,3,3,4,3,An ninh và An toàn,3,3,3,3,4,Không,,Không Bắt buộc,Tham gia vào phát triển khu vực nơi tôi sinh sống,Tham gia vào phát triển khu vực nơi tôi sinh sống,Không có thời gian,3,3,4,"Thêm sân chơi cộng đồng (công viên, sân chơi thể thao,hồ bơi..)",Có,C135,Motorcycle habit,Behavioural,5,6,4.0,0,38,1,1,True,390.5506896908967,448.02356555131854,38.0,231.09408801063023,448.69080487543255,44.0,159.45660168026643,6.0,1.0,23785.24228968728,630.5738794968801,1.6145762794477485,344.5185039160985,1.4908148749363543,344.5185039160985,1.4908148749363543,113.64156341552734,129.01400756835938,2674.0,2674.0,-0.0728294104337692,-0.0489971600472927,0.0238322466611862,13.527131879225474
2023-03-28 14:23:54.907,Nam,1982,Trường Thọ,TP. Thủ Đức,TP. Thủ Đức,Không có,Nhân viên văn phòng (admin/kế toán/quản lý chung),Đại học,25-35 Triệu/tháng,Xe máy cá nhân;,3,2,2,2,3,2,10-20 phút,Thói quen sử dụng xe máy để di chuyển,3,Không,Gần nhà,4,3,Nước sinh hoạt,3,3,3,3,Gia đình/họ hàng tôi sống ở đây,3,3,4,3,4,Không,,Không Có điều kiện tham gia,Không tham gia,Không tham gia,Không có ý kiến,3,3,4,"Thêm sân chơi cộng đồng (công viên, sân chơi thể thao,hồ bơi..)",Có,C136,Motorcycle habit,Behavioural,4,6,2.0,0,41,0,1,True,430.4568452329493,504.2061608719518,37.0,304.38992702130685,507.7642586626067,43.0,126.06691821164247,6.0,1.0,22718.17318479845,750.9823582049204,1.7446170656166775,600.877269723655,1.974037957181134,600.877269723655,1.974037957181134,108.56484985351562,123.25057220458984,1657.0,1657.0,0.0005480453255586,0.015192437916994,0.0146443918347358,13.527142874410428
2023-03-28 14:34:56.385,Nam,1987,Trường Thọ,TP. Thủ Đức,Bình Thạnh,Đạo phật,Kĩ sư,Đại học,<5 triệu/tháng,Xe máy cá nhân;,4,3,3,4,4,3,Khác:,Số lượng điểm dừng và tần suất các chuyến chưa đủ,4,Không,Gần nơi làm việc,4,2,Nước sinh hoạt,2,3,2,4,Anh đã ở đây 16 năm ,3,2,2,4,4,Có,Thích tham gia,,Tham gia vào phát triển khu vực nơi tôi sinh sống,Tham gia vào phát triển khu vực nơi tôi sinh sống,Ý kiến của tôi không được lắng nghe,4,4,2,"Thêm sân chơi cộng đồng (công viên, sân chơi thể thao,hồ bơi..)",Có,C137,Stop density / frequency,Infrastructure,1,6,,0,36,0,1,True,413.3587163114727,407.4083329154879,35.0,178.90855357936408,407.0006663551337,42.0,234.4501627321086,7.0,1.0,24121.76415513732,530.0235434930041,1.2822362818971562,243.96816791222253,1.3636473104903726,243.96816791222253,1.3636473104903726,113.64156341552734,129.01400756835938,2674.0,2674.0,-0.0344114899635314,-0.0473668724298477,-0.0129553815349936,13.527131879225474
2023-03-28 19:33:56.621,Nữ,1994,Linh Trung,TP. Thủ Đức ,Thủ Đức ,Đạo phật,Kinh doanh,Cao Đẳng,5-15 triệu/tháng,Xe máy cá nhân;,3,3,3,2,4,2,<10 phút,Thiếu cơ sở hạ tầng giữ xe cá nhân tại các trạm giao thông công cộng,4,Không,Gần nhà,4,4,Cả hai,3,4,4,4,Gia đình/họ hàng tôi sống ở đây,4,4,4,4,3,Có,Được mời,Không Được mời,Tham gia vào phát triển khu vực nơi tôi sinh sống,Tham gia vào phát triển khu vực nơi tôi sinh sống,Thiếu thông tin,3,4,3,Thêm trung tâm thương mại,Không,C138,No parking at stops,Infrastructure,2,5,1.0,1,29,1,1,True,109.52977006835012,2031.5356032226944,99.0,76.245346508881,2015.2529014849536,100.0,33.28442355946913,1.0,0.0,19338.43892865136,112.5812020262158,1.0278593843113288,81.73966757307103,1.0720610675374145,81.73966757307103,1.0720610675374145,228.8444976806641,259.8006286621094,4864.0,4864.0,0.1931902319192886,0.1666852980852127,-0.0265049301087856,13.527146728536316
2023-03-28 19:49:12.511,Nữ,2002,Linh Trung,TP. Thủ Đức,Thủ Đức ,Không có,Sinh viên/ học sinh,Đại học,<5 triệu/tháng,Xe buýt,3,3,4,3,4,2,<10 phút,Không cảm thấy thoải mái khi phải đi bộ đến các trạm,5,Có,Gần nhà,4,3,Nước sinh hoạt,4,4,4,5,An ninh và An toàn,4,4,4,5,5,Không,Bắt buộc tham gia,Không Bắt buộc,Tham gia tích cực,Tham gia tích cực,Thiếu thông tin,4,4,4,"Thêm dịch vụ tiện ích, Thêm sân chơi cộng đồng (công viên, sân chơi thể thao,hồ bơi..)",Không,C139,Walking discomfort,Experiential,1,6,1.0,1,21,0,0,True,277.91658993662224,1121.5203721769892,113.0,239.73117681399015,1099.007351707888,121.0,38.18541312263207,8.0,0.0,23492.532538291183,480.56755914832064,1.7291791010314,468.8331293230232,1.955661902443317,468.8331293230232,1.955661902443317,185.7370758056641,210.86199951171875,4781.0,4781.0,0.0175438597798347,-0.0144837573170661,-0.0320276170969009,13.527145077024253
2023-03-28 20:07:40.244,Nữ,2001,Linh Trung,TP. Thủ Đức ,Thủ Đức ,Không có,Kinh doanh,Đại học,5-15 triệu/tháng,Xe máy cá nhân;,3,3,4,3,3,3,Khác:,Thói quen sử dụng xe máy để di chuyển,2,Có,Ở xa (vì lý do khác),2,2,Cả hai,3,3,4,4,Gia đình/họ hàng tôi sống ở đây,3,4,3,4,2,Không,Không tổ chức,Không Có điều kiện tham gia,Tham gia tích cực,Tham gia tích cực,Không nói,4,4,4,"Thêm dịch vụ tiện ích, Thêm sân chơi cộng đồng (công viên, sân chơi thể thao,hồ bơi..)",Có,C140,Motorcycle habit,Behavioural,2,6,,1,22,1,1,True,193.6565829347316,1039.391208976146,119.0,155.0533999751452,1016.9619723015531,130.0,38.60318295958638,11.0,0.0,22298.25382854288,238.4559740242128,1.231334202073472,298.0713693520846,1.9223788023988184,298.0713693520846,1.9223788023988184,209.3897247314453,237.71417236328125,4513.0,4513.0,0.1245099380612373,0.11830535531044,-0.0062045808881521,13.527143066912052
2023-03-28 20:09:27.918,Nữ,2003,Linh Chiểu,TP. Thủ Đức,TP.Thủ Đức ,Không có,Sinh viên/ học sinh,Đại học,<5 triệu/tháng,Khác,2,3,3,3,4,2,10-20 phút,Số lượng điểm dừng và tần suất các chuyến chưa đủ,4,Không,Gần nhà,4,4,Nước sinh hoạt,4,4,2,3,An ninh và An toàn,4,4,4,4,4,Không,,Không Thích tham gia,Không tham gia,Không tham gia,Tôi không có đủ kiến thức,3,4,4,"Thêm dịch vụ tiện ích, Thêm các khu nhà ở",Không,C141,Stop density / frequency,Infrastructure,1,6,2.0,1,20,0,0,True,210.03211148338784,686.5109153251302,178.0,33.3364122324158,668.5383453654525,189.0,176.69569925097204,11.0,1.0,21450.16880672199,377.4497851369183,1.7971051305970045,144.2710624636224,4.327732134393739,144.2710624636224,4.327732134393739,369.6585083007813,419.6627197265625,5217.0,5217.0,-0.1130073815584182,-0.1373390555381775,-0.0243316758424043,13.527136614719597
2023-03-28 20:13:19.960,Nữ,2002,Linh Trung,TP. Thủ Đức ,Thủ Đức ,Không có,Sinh viên/ học sinh,Đại học,<5 triệu/tháng,Xe buýt,3,3,3,3,4,3,<10 phút,Không cảm thấy thoải mái khi phải đi bộ đến các trạm,4,Không,Gần nhà,4,4,Cả hai,3,3,3,4,Gia đình/họ hàng tôi sống ở đây,3,4,4,4,3,Không,Thích tham gia,Không Bắt buộc,Tham gia tích cực,Tham gia vào phát triển khu vực nơi tôi sinh sống,Thiếu thông tin,3,4,3,"Thêm trung tâm thương mại, Thêm sân chơi cộng đồng (công viên, sân chơi thể thao,hồ bơi..)",Không,C142,Walking discomfort,Experiential,1,6,1.0,1,21,0,0,True,157.8471279620439,1004.3060524667472,126.0,139.29759166635426,981.8211542502106,137.0,18.54953629568965,11.0,1.0,22084.162383523435,184.82770137622,1.1709285038158177,186.3483264985771,1.3377713445679578,186.3483264985771,1.3377713445679578,209.3897247314453,237.71417236328125,4513.0,4513.0,0.1382866203784942,0.1051481291651725,-0.0331384912133216,13.527143066912052
2023-03-28 20:18:26.248,Nam,1997,Linh Trung,TP. Thủ Đức ,Thủ Đức ,Không có,Kĩ sư,Đại học,5-15 triệu/tháng,Xe máy cá nhân;,3,1,2,2,1,2,10-20 phút,Không cảm thấy thoải mái khi phải đi bộ đến các trạm,4,Có,Gần nhà,3,4,Cả hai,4,4,4,4,"Tôi có thể kiếm sống ở đây, An ninh và An toàn",4,4,4,4,4,Có,Được mời,Không Có điều kiện tham gia,Tham gia vào phát triển khu vực nơi tôi sinh sống,Tham gia vào phát triển khu vực nơi tôi sinh sống,Thiếu thông tin,4,4,4,"Thêm dịch vụ tiện ích, Thêm sân chơi cộng đồng (công viên, sân chơi thể thao,hồ bơi..)",Có,C143,Walking discomfort,Experiential,2,6,2.0,0,26,0,1,True,618.4931056236271,1458.0905969668509,27.0,110.75118074588674,1437.0753723834462,32.0,507.7419248777404,5.0,0.0,21097.27889022669,708.4866208492292,1.1455044759712585,263.1074536598278,2.375662741361785,263.1074536598278,2.375662741361785,187.6062774658203,212.98403930664065,4282.0,4282.0,0.1177311688661575,0.1255645900964737,0.0078334165737032,13.52713895484859
2023-03-28 20:23:49.250,Nữ,1978,Linh Trung,TP. Thủ Đức ,Thủ Đức ,Không có,Khác,Trung học cơ sở,5-15 triệu/tháng,Xe máy cá nhân;,1,1,1,2,1,1,<10 phút,Thói quen sử dụng xe máy để di chuyển,3,Có,Gần nhà,4,4,Nước sinh hoạt,3,4,3,3,Tôi có thể kiếm sống ở đây,3,4,4,4,3,Không,Bận,Không Bắt buộc,Tham gia vào phát triển khu vực nơi tôi sinh sống,Tham gia vào phát triển khu vực nơi tôi sinh sống,Tôi không có đủ kiến thức,3,4,4,Thêm các khu nhà ở,Không,C144,Motorcycle habit,Behavioural,2,2,1.0,1,45,0,1,True,603.3205527307754,1443.5739216164495,29.0,124.34596214078285,1421.3018313870857,34.0,478.9745905899925,5.0,0.0,21360.54026089602,668.659444582882,1.1082987999602647,231.3031708049768,1.8601582779431023,231.3031708049768,1.8601582779431023,187.6062774658203,212.98403930664065,4282.0,4282.0,0.0665893256664276,0.0961237251758575,0.0295343995094299,13.52713895484859
2023-03-28 20:31:37.310,Nam,1961,Trường Thọ,TP. Thủ Đức,TP.Thủ Đức ,Đạo phật,Làm cơ quan nhà nước,Đại học,5-15 triệu/tháng,Xe máy cá nhân;,3,4,3,4,3,3,20-30 phút,Thói quen sử dụng xe máy để di chuyển,2,Có,Gần nhà,3,4,Nước sinh hoạt,4,4,4,4,Gia đình/họ hàng tôi sống ở đây,2,2,4,4,4,Có,Có điều kiện tham gia,,Tham gia tích cực,Tham gia vào phát triển khu vực nơi tôi sinh sống,Thiếu thông tin,4,4,4,"Thêm trung tâm thương mại, Thêm nơi làm việc, Thêm sân chơi cộng đồng (công viên, sân chơi thể thao,hồ bơi..)",Có,C145,Motorcycle habit,Behavioural,2,6,3.0,0,62,0,1,True,492.7805802386097,1693.6820273198864,29.0,247.1174761742436,1704.063135043564,30.0,245.66310406436605,1.0,0.0,16687.642036365138,915.3742607761146,1.857569671947869,353.57471758344144,1.430796085559462,353.57471758344144,1.430796085559462,71.6494140625,81.3415298461914,1953.0,1953.0,0.0835304111242294,0.1097030416131019,0.0261726323515176,13.527138931292509
2023-03-28 20:38:48.240,Nữ,1976,Trường Thọ,TP. Thủ Đức,TP. Thủ Đức,Đạo phật,Kinh doanh,Trung học phổ thông,<5 triệu/tháng,Xe đạp;,4,4,4,4,4,4,10-20 phút,Không cảm thấy thoải mái khi phải đi bộ đến các trạm,2,Có,Gần nhà,4,2,Nước sinh hoạt,4,2,4,5,Gia đình/họ hàng tôi sống ở đây,2,2,4,4,4,Không,,Không Có điều kiện tham gia,Không tham gia,Không tham gia,Thiếu thông tin,2,4,4,"Thêm sân chơi cộng đồng (công viên, sân chơi thể thao,hồ bơi..)",Không,C146,Walking discomfort,Experiential,1,3,2.0,1,47,1,0,True,197.72372153666436,1860.6862478130504,78.0,196.497627603352,1861.073766967793,80.0,1.2260939333123415,2.0,0.0,23991.830890627338,355.2558647297738,1.7967285966944435,307.5032727552205,1.564921045133142,307.5032727552205,1.564921045133142,168.8875732421875,191.7332305908203,5051.0,5051.0,0.1698330491781234,0.1994142979383468,0.0295812487602233,13.527139333023497
2023-03-28 20:52:08.658,Nữ,1984,Linh Đông,TP. Thủ Đức,TP. Thủ Đức,Không có,Kinh doanh,Trung học phổ thông,15-25 triệu/tháng,Xe máy cá nhân;,4,4,3,4,4,3,20-30 phút,Thói quen sử dụng xe máy để di chuyển,4,Không,Gần nhà,2,2,Nước sinh hoạt,4,2,4,5,Gia đình/họ hàng tôi sống ở đây,2,2,2,4,2,Không,,Không Có điều kiện tham gia,Tham gia vào phát triển khu vực nơi tôi sinh sống,Tham gia vào phát triển khu vực nơi tôi sinh sống,Thiếu thông tin,4,4,4,Thêm nơi làm việc,Có,C147,Motorcycle habit,Behavioural,3,3,3.0,1,39,1,1,True,272.6455759021417,2069.3104305506054,16.0,272.6455759021417,2081.553897077687,19.0,0.0,3.0,0.0,17305.301775199707,387.71954823272,1.4220643300365925,274.36616947333164,1.0063107335062995,274.36616947333164,1.0063107335062995,166.1841583251953,188.66412353515625,3907.0,3907.0,0.026493040844798,0.0480452179908752,0.0215521790087223,13.527140875829636
2023-03-28 21:09:06.354,Nữ,1989,Trường Thọ,TP. Thủ Đức,TP Thủ Đức ,Không có,"Chăm sóc sức khỏe (bác sĩ, chuyên viên tư vấn sức khỏe, massage,..)",Trung học phổ thông,5-15 triệu/tháng,Xe máy cá nhân;,4,1,4,3,4,1,<10 phút,Thói quen sử dụng xe máy để di chuyển,4,Có,Gần nhà,2,4,Nước sinh hoạt,4,4,4,4,Tôi có thể kiếm sống ở đây,2,4,4,2,2,Có,Được mời,Không Được mời,Không tham gia,Không tham gia,Ý kiến của tôi không được lắng nghe,3,2,4,Không muốn thay đổi vì ở đây có đầy đủ rồi ,Không,C148,Motorcycle habit,Behavioural,2,3,1.0,1,34,0,1,True,179.32454870568827,1235.261174483255,93.0,216.85423582901055,1239.2424470479364,97.0,-37.529687123322304,4.0,0.0,22180.494376503782,266.739828290244,1.4874696755993164,341.84451581818297,1.5763792416198277,341.84451581818297,1.5763792416198277,179.63877868652344,203.9387664794922,4631.0,4631.0,0.0598888657987117,0.0513260811567306,-0.0085627827793359,13.527139279527814
2023-03-28 21:12:44.849,Nữ,1988,Linh Tây,TP. Thủ Đức,TP. Thủ Đức,Đạo phật,Kinh doanh,Cao Đẳng,<5 triệu/tháng,Xe máy cá nhân;,3,3,2,3,3,2,<10 phút,Thói quen sử dụng xe máy để di chuyển,3,Không,Gần nhà,4,2,Nước sinh hoạt,3,3,5,4,Gia đình/họ hàng tôi sống ở đây,3,3,4,4,4,Có,Thích tham gia,,Không tham gia,Không tham gia,Bận,3,4,3,"Thêm sân chơi cộng đồng (công viên, sân chơi thể thao,hồ bơi..)",Không,C149,Motorcycle habit,Behavioural,1,5,1.0,1,35,1,1,True,51.65665187804016,1956.398650869677,78.0,44.23463631915847,1953.918149994472,81.0,7.422015558881689,3.0,0.0,24916.256216979127,156.03572645767687,3.0206318215526755,63.730540426958015,1.440738428753752,63.730540426958015,1.440738428753752,142.79917907714844,162.11582946777344,3684.0,3684.0,0.1746107786893844,0.1642432659864425,-0.0103675108402967,13.527143864173771
2023-03-28 21:27:19.560,Nữ,1980,Trường Thọ,TP. Thủ Đức,Thủ Đức,Không có,Kinh doanh,Cao Đẳng,<5 triệu/tháng,Xe máy cá nhân;,3,4,3,4,4,2,10-20 phút,Thói quen sử dụng xe máy để di chuyển,2,Có,Gần nhà,2,2,Nước sinh hoạt,4,2,4,5,Gia đình/họ hàng tôi sống ở đây,2,2,4,2,2,Không,,Không Có điều kiện tham gia,Không tham gia,Không tham gia,Không có thời gian,4,4,4,Cống thoát nước được nâng cấp hơn,Không,C150,Motorcycle habit,Behavioural,1,5,2.0,1,43,1,1,True,97.0626450165404,1383.9364586871905,103.0,54.21733070656668,1383.7908015204123,108.0,42.84531430997372,5.0,0.0,21493.466493308963,143.81364626678874,1.4816580183064405,132.92822634440094,2.451766337664812,132.92822634440094,2.451766337664812,186.8568115234375,212.13319396972656,5289.0,5289.0,0.1044105216860771,0.0803806409239769,-0.0240298807621002,13.52713997429986
2023-03-28 21:36:29.078,Nữ,1971,Linh Đông,TP. Thủ Đức,TP. Thủ Đức,Thiên Chúa Giáo,Kinh doanh,Trung học cơ sở,5-15 triệu/tháng,Xe máy cá nhân;,3,4,4,4,4,3,10-20 phút,Thói quen sử dụng xe máy để di chuyển,2,Có,Gần nhà,2,2,Nước sinh hoạt,4,4,4,5,Gia đình/họ hàng tôi sống ở đây,4,4,4,4,2,Không,,Không Có điều kiện tham gia,Không tham gia,Không tham gia,Bận,2,4,4,Thêm các khu nhà ở,Không,C151,Motorcycle habit,Behavioural,2,2,2.0,1,52,1,1,True,385.1615765513079,2249.275200056333,47.0,152.7973015892098,2259.564924234078,49.0,232.36427496209805,2.0,0.0,20413.05836539325,491.3528999589738,1.2757059111619875,268.3355926883451,1.7561540020500883,268.3355926883451,1.7561540020500883,169.6102752685547,192.5536956787109,4008.0,4008.0,0.0913200750946998,0.0850120857357978,-0.0063079851679503,13.527140601492734
2023-03-28 21:37:03.810,Nữ,1965,Trường Thọ,TP. Thủ Đức,TP.Thủ Đức ,Đạo phật,Kinh doanh,Trung học phổ thông,5-15 triệu/tháng,Xe máy cá nhân;,4,4,3,1,1,1,<10 phút,Thói quen sử dụng xe máy để di chuyển,2,Có,Gần nhà,2,4,Nước sinh hoạt,4,2,4,4,Gia đình/họ hàng tôi sống ở đây,3,4,4,4,4,Không,Được mời,Không có thời gian ,Không tham gia,Không tham gia,Không có thời gian ,2,2,4,Không muốn thay đổi ở đây có đầy đủ rồi ,Không,C152,Motorcycle habit,Behavioural,2,3,1.0,1,58,1,1,True,117.25640527831608,1402.8407587054364,98.0,83.76739588996902,1403.2523832091088,103.0,33.48900938834706,5.0,0.0,21861.489530849976,164.37061511799976,1.401804999290699,153.485195195612,1.8322784606700604,153.485195195612,1.8322784606700604,186.8568115234375,212.13319396972656,5289.0,5289.0,0.1114165112376213,0.1011141464114189,-0.0103023638948798,13.52713997429986
2023-03-28 21:43:19.971,Nam,1972,Linh Đông,TP. Thủ Đức,TP. Thủ Đức,Thiên Chúa Giáo,Kinh doanh,Trung học cơ sở,5-15 triệu/tháng,Xe máy cá nhân;,3,4,4,4,3,2,10-20 phút,Thói quen sử dụng xe máy để di chuyển,2,Có,Gần nhà,4,2,Nước sinh hoạt,4,4,4,5,Tôi có thể kiếm sống ở đây,4,4,4,4,2,Không,,Không Thích tham gia,Không tham gia,Không tham gia,Bận,2,2,4,"Thêm sân chơi cộng đồng (công viên, sân chơi thể thao,hồ bơi..)",Không,C153,Motorcycle habit,Behavioural,2,2,2.0,0,51,1,1,True,332.06367559387456,2231.0048213719133,50.0,150.72104188862073,2241.134447525277,52.0,181.34263370525383,2.0,0.0,19762.13373194608,441.54733142664026,1.3297068119147968,366.1147965801114,2.429088811970007,366.1147965801114,2.429088811970007,155.29466247558594,176.3015899658203,3745.0,3745.0,0.0973954945802688,0.1253347545862198,0.0279392711818218,13.527140698436368
2023-03-28 21:45:05.130,Nữ,1972,Linh Đông,TP. Thủ Đức,TP.Thủ Đức ,Đạo phật,Khác,Tiểu học,<5 triệu/tháng,Xe máy cá nhân;,1,1,1,1,1,1,<10 phút,Thói quen sử dụng xe máy để di chuyển,2,Có,Ở xa (vì lý do khác),2,4,Nước sinh hoạt,4,4,4,4,Gia đình/họ hàng tôi sống ở đây,2,2,4,4,4,Không,,Không có thời gian ,Không tham gia,Không tham gia,Thiếu thông tin,2,3,4,Không muốn thay đổi vì ở đây có đầy đủ rồi ,Có,C154,Motorcycle habit,Behavioural,1,1,1.0,1,51,0,1,True,311.1013068949868,2585.58516899457,19.0,104.76673653061108,2597.6288089823047,23.0,206.3345703643757,4.0,0.0,22403.81614876986,944.99828202856,3.037590203205244,940.6014093694372,8.978053917854062,940.6014093694372,8.978053917854062,94.22693634033205,106.97315216064452,2385.0,2385.0,-0.1618484854698181,-0.1494011282920837,0.0124473562464118,13.527146605165308
2023-03-28 21:55:52.850,Nam,1958,Linh Đông,TP. Thủ Đức,TP.Thủ Đức ,Đạo phật,Khác,Trung học cơ sở,<5 triệu/tháng,Xe máy cá nhân;,2,1,4,1,4,1,<10 phút,Thói quen sử dụng xe máy để di chuyển,4,Có,Gần nhà,2,4,Nước sinh hoạt,4,4,4,4,Gia đình/họ hàng tôi sống ở đây,2,2,4,4,4,Không,,Lớn tuổi ,Không tham gia,Không tham gia,Tôi không có đủ kiến thức,3,4,4,Không muốn thay đổi vì ở đây có đầy đủ rồi ,Không,C155,Motorcycle habit,Behavioural,1,2,1.0,0,65,0,1,True,312.9096015141038,2588.372180982989,19.0,107.9240606925384,2600.411467028517,23.0,204.98554082156545,4.0,0.0,22433.935634234756,1046.1462545728796,3.3432858867570623,1039.2568956741472,9.629519951392997,1039.2568956741472,9.629519951392997,94.22693634033205,106.97315216064452,2385.0,2385.0,-0.1618484854698181,-0.1494011282920837,0.0124473562464118,13.527146605165308
2023-03-28 21:57:36.226,Nữ,1952,Trường Thọ,TP. Thủ Đức,TP. Thủ Đức,Đạo phật,Kinh doanh,Tiểu học,<5 triệu/tháng,Xe đạp;,3,3,3,3,2,2,<10 phút,Thói quen sử dụng xe máy để di chuyển,2,Có,Gần nhà,3,2,Nước sinh hoạt,4,4,4,5,"Gia đình/họ hàng tôi sống ở đây, Tôi có thể kiếm sống ở đây",3,3,4,4,4,Không,,,Không tham gia,Không tham gia,Bận,4,4,4,"Thêm sân chơi cộng đồng (công viên, sân chơi thể thao,hồ bơi..)",Không,C156,Motorcycle habit,Behavioural,1,1,1.0,1,71,1,0,True,460.6916858702146,1682.9089760163504,69.0,157.0659294736682,1686.5339570401934,70.0,303.6257563965464,1.0,0.0,20261.6568639567,560.0298455191568,1.215628288279827,199.9882591940893,1.2732758776155648,199.9882591940893,1.2732758776155648,205.0446319580078,232.78131103515625,5529.0,5529.0,0.1327143609523773,0.1104594320058822,-0.0222549308091402,13.527142267654575
2023-03-28 22:07:16.390,Nữ,1966,Trường Thọ,TP. Thủ Đức,TP. Thủ Đức,Không có,Kinh doanh,Trung học phổ thông,5-15 triệu/tháng,Xe máy cá nhân;,3,4,3,3,2,2,<10 phút,Thói quen sử dụng xe máy để di chuyển,4,Có,Gần nhà,4,2,Nước sinh hoạt,4,4,4,5,Gia đình/họ hàng tôi sống ở đây,2,4,4,4,4,Không,,Không Có điều kiện tham gia,Không tham gia,Không tham gia,Bận,3,4,4,"Thêm sân chơi cộng đồng (công viên, sân chơi thể thao,hồ bơi..)",Không,C157,Motorcycle habit,Behavioural,2,3,1.0,1,57,1,1,True,320.62758195241935,1577.7278176119712,83.0,8.214512332262816,1579.9105180647364,86.0,312.41306962015653,3.0,0.0,21273.470693485026,388.299959147731,1.2110622448113466,28.767292428310636,3.502008550809033,28.767292428310636,3.502008550809033,165.5373077392578,187.9297637939453,4505.0,4505.0,0.0371891409158706,0.0361271686851978,-0.0010619722306728,13.527135580795148
2023-03-28 22:07:47.431,Nữ,2003,Linh Chiểu,TP. Thủ Đức,TP Thủ Đức ,Không có,Sinh viên/ học sinh,Đại học,<5 triệu/tháng,Xe máy cá nhân;,2,3,1,3,3,3,10-20 phút,Thói quen sử dụng xe máy để di chuyển,2,Không,Gần nhà,2,4,Nước sinh hoạt,3,4,4,4,Gia đình/họ hàng tôi sống ở đây,4,3,3,3,4,Có,Có điều kiện tham gia,,Tham gia vào phát triển khu vực nơi tôi sinh sống,Không tham gia,Tôi không có đủ kiến thức,2,3,4,"Thêm nơi làm việc, Thêm sân chơi cộng đồng (công viên, sân chơi thể thao,hồ bơi..)",Không,C158,Motorcycle habit,Behavioural,1,6,2.0,1,20,0,1,True,200.44869998136767,1453.291349672796,103.0,201.9456016861513,1433.0683684005544,107.0,-1.4969017047835962,4.0,0.0,22391.48358334335,234.0498302236296,1.167629574277036,270.361402489571,1.338783317052611,270.361402489571,1.338783317052611,180.8968048095703,205.36697387695312,4318.0,4318.0,0.1134981736540794,0.125669926404953,0.0121717555448412,13.527142777973612
2023-03-28 22:16:29.724,Nữ,2000,Trường Thọ,TP. Thủ Đức,TP.Thủ Đức ,Thiên Chúa Giáo,Sinh viên/ học sinh,Trung học phổ thông,<5 triệu/tháng,Xe máy cá nhân;,2,4,3,3,3,2,20-30 phút,Không cảm thấy thoải mái khi phải đi bộ đến các trạm,2,Không,Ở xa (vì lý do khác),1,1,Cả hai,3,2,4,4,Gia đình/họ hàng tôi sống ở đây,3,3,2,3,2,Không,,Không Thích tham gia,Tham gia vào phát triển khu vực nơi tôi sinh sống,Tham gia vào phát triển khu vực nơi tôi sinh sống,Thiếu thông tin,3,3,4,Thêm dịch vụ tiện ích,Không,C159,Walking discomfort,Experiential,1,3,3.0,1,23,0,1,True,113.40223015912343,1835.9264060262733,84.0,101.58521983530926,1833.743070084034,87.0,11.817010323814172,3.0,0.0,24753.46476531871,263.90909746415014,2.3271949510502474,181.2668272229727,1.7843818964692288,181.2668272229727,1.7843818964692288,186.60699462890625,211.84957885742188,4688.0,4688.0,0.1691092401742935,0.1526336073875427,-0.0164756383746862,13.527137221578425
2023-03-28 22:18:01.034,Nữ,1980,Linh Tây,TP. Thủ Đức,TP. Thủ Đức,Không có,Kinh doanh,Tiểu học,>35 Triệu/tháng,Xe máy cá nhân;,4,4,4,4,4,4,<10 phút,Thói quen sử dụng xe máy để di chuyển,2,Có,Gần nhà,2,2,Nước sinh hoạt,4,2,4,5,Tôi có thể kiếm sống ở đây,2,4,4,4,2,Không,,Không Có điều kiện tham gia,Không tham gia,Không tham gia,Bận,4,4,4,"Đường xá đẹp hơn, cống thoát nước được sửa chữa sớm",Không,C160,Motorcycle habit,Behavioural,5,1,1.0,1,43,1,1,True,164.14175299524058,1899.129356412276,110.0,195.3224244684732,1892.788217260207,112.0,-31.18067147323262,2.0,0.0,24219.72866998174,396.6666878021804,2.416610524524385,248.31540085222375,1.271310252921339,248.31540085222375,1.271310252921339,172.07725524902344,195.35438537597656,5210.0,5210.0,0.1645135283470153,0.1550290882587433,-0.0094844307750463,13.527139361484688
2023-03-28 22:43:35.034,Nữ,1973,Trường Thọ,TP. Thủ Đức,TP. Thủ Đức,Không có,Kinh doanh,Trung học cơ sở,>35 Triệu/tháng,Xe máy cá nhân;,3,4,4,3,3,2,<10 phút,Thói quen sử dụng xe máy để di chuyển,4,Có,Gần nhà,2,2,Nước sinh hoạt,4,3,4,5,"Gia đình/họ hàng tôi sống ở đây, Tôi có thể kiếm sống ở đây",3,3,4,4,4,Không,,Không Có điều kiện tham gia,Không tham gia,Không tham gia,Bận,4,4,4,"Thêm sân chơi cộng đồng (công viên, sân chơi thể thao,hồ bơi..)",Không,C161,Motorcycle habit,Behavioural,5,2,1.0,1,50,1,1,True,7.798201762631357,1023.3584151427182,92.0,86.64128413896012,1033.8766228163347,96.0,-78.84308237632877,4.0,0.0,19878.09019971612,7.799615538427003,1.000181295103497,105.70260142254968,1.2200027097130504,105.70260142254968,1.2200027097130504,136.2101593017578,154.635498046875,3561.0,3561.0,0.0235306993126869,0.0289415102452039,0.0054108104668557,13.52713985474313
2023-03-28 22:53:33.163,Nữ,1986,Linh Tây,TP. Thủ Đức,TP. Thủ Đức,Không có,Kinh doanh,Trung học cơ sở,<5 triệu/tháng,Xe máy cá nhân;,3,4,3,4,3,2,<10 phút,Thói quen sử dụng xe máy để di chuyển,3,Có,Gần nhà,2,2,Nước sinh hoạt,4,4,4,5,"Gia đình/họ hàng tôi sống ở đây, Tôi có thể kiếm sống ở đây",2,2,4,4,4,Không,,Không Có điều kiện tham gia,Không tham gia,Không tham gia,Bận,3,2,4,Nâng cấp cống hơn nữa,Không,C162,Motorcycle habit,Behavioural,1,2,1.0,1,37,1,1,True,55.20242837730716,2035.3806462004031,105.0,219.491511033291,2028.475284247108,109.0,-164.28908265598386,4.0,0.0,25539.83566658694,96.06308139973892,1.7401966584359347,281.918319713201,1.284415594872102,281.918319713201,1.284415594872102,82.69058227539062,93.87625885009766,2219.0,2219.0,0.0671351477503776,0.1096869632601738,0.0425518117845058,13.52714694577254
2023-03-29 07:32:45.279,Nam,1954,Linh Trung,TP. Thủ Đức,TP. Thủ Đức,Thiên Chúa Giáo,Khác,Trung học phổ thông,<5 triệu/tháng,Xe máy cá nhân;,4,3,4,4,4,2,Khác:,Thói quen sử dụng xe máy để di chuyển,2,Có,Gần nhà,2,2,Nước sinh hoạt,4,2,4,5,Không thể còn chọn nơi nào,2,2,4,4,4,Không,,Già,Không tham gia,Không tham gia,Tôi không có đủ kiến thức,3,4,2,"Thêm sân chơi cộng đồng (công viên, sân chơi thể thao,hồ bơi..)",Có,C163,Motorcycle habit,Behavioural,1,3,,0,69,0,1,True,53.87816416858825,2209.8650583783656,99.0,75.5490593620577,2192.505062724926,100.0,-21.670895193469452,1.0,0.0,20430.15658487539,91.57994995071093,1.699760030133012,145.7724281064451,1.9295068573634024,145.7724281064451,1.9295068573634024,197.83106994628903,224.59194946289065,4486.0,4486.0,0.0934522598981857,0.1259911954402923,0.032538928091526,13.527136826317076
2023-03-29 11:39:34.293,Nữ,1981,Linh Đông,TP. Thủ Đức,TP.Thủ Đức,Thiên Chúa Giáo,"Giáo viên, nghiên cứu sinh",Đại học,5-15 triệu/tháng,Xe máy cá nhân;,2,4,4,3,4,4,20-30 phút,Số lượng điểm dừng và tần suất các chuyến chưa đủ,4,Có,Gần nhà,3,3,Cả hai,2,2,2,4,Gia đình/họ hàng tôi sống ở đây,2,2,2,4,4,Có,Có điều kiện tham gia,,Không tham gia,Không tham gia,Thiếu thông tin,2,2,2,Thêm các khu nhà ở,Có,C164,Stop density / frequency,Infrastructure,2,6,3.0,1,42,0,1,True,356.26234169424947,2948.131656557932,37.0,315.8865088884905,2942.301011428321,37.0,40.37583280575899,0.0,0.0,24598.520545916872,472.82297019215457,1.32717639462983,380.5271222908685,1.204632396710543,380.5271222908685,1.204632396710543,229.3352203369141,260.35772705078125,5674.0,5674.0,0.1962449699640274,0.2231638431549072,0.0269188713282346,13.527144530304737
2023-03-29 12:24:32.408,Nữ,1981,Bình Thọ,TP. Thủ Đức,TP Thủ Đức ,Không có,"Giáo viên, nghiên cứu sinh",Đại học,5-15 triệu/tháng,Xe máy cá nhân;,3,4,3,4,3,3,<10 phút,Thiếu cơ sở hạ tầng giữ xe cá nhân tại các trạm giao thông công cộng,2,Có,Gần nhà,3,4,Nước sinh hoạt,4,4,4,4,Gia đình/họ hàng tôi sống ở đây,2,4,4,4,4,Có,Được mời,,Tham gia vào phát triển khu vực nơi tôi sinh sống,Tham gia vào phát triển khu vực nơi tôi sinh sống,Thiếu thông tin,3,4,4,"Thêm sân chơi cộng đồng (công viên, sân chơi thể thao,hồ bơi..)",Có,C165,No parking at stops,Infrastructure,2,6,1.0,1,42,0,1,True,68.19124522510214,411.5055600867759,176.0,58.85267408660554,395.6651018235431,187.0,9.338571138496595,11.0,1.0,23871.49285655832,119.41340379574184,1.7511544686059513,102.57139440837302,1.742850193305279,102.57139440837302,1.742850193305279,231.8646545410156,263.22930908203125,4076.0,4076.0,0.0925962105393409,0.1186308860778808,0.0260346718132495,13.527139185186757
2023-03-29 14:50:49.453,Nữ,2003,Bình Thọ,TP. Thủ Đức,TP. Thủ Đức,Đạo Tin Lành,Sinh viên/ học sinh,Đại học,<5 triệu/tháng,Xe máy cá nhân;,1,1,1,1,1,1,10-20 phút,Thói quen sử dụng xe máy để di chuyển,3,Không,Gần nhà,3,4,Nước sinh hoạt,3,4,3,4,"Tôi có thể kiếm sống ở đây, An ninh và An toàn",3,2,4,5,4,Không,,Không Thích tham gia,Không tham gia,Không tham gia,Thiếu thông tin,3,3,3,"Thêm dịch vụ tiện ích, Thêm nơi làm việc",Có,C166,Motorcycle habit,Behavioural,1,6,2.0,1,20,0,1,True,240.14514667004732,337.2773257259278,177.0,126.6751683964974,331.20616738500667,190.0,113.46997827354994,13.0,1.0,24307.934952428463,335.5189555457737,1.3971506824027855,138.65884651160974,1.0946016355597257,138.65884651160974,1.0946016355597257,217.25015258789065,246.63787841796875,4575.0,4575.0,0.0619560964405536,0.0761597603559494,0.0142036639153957,13.52713702614733
2023-03-29 15:08:48.861,Nữ,1987,Phước Long A,TP. Thủ Đức,TP. Thủ Đức,Không có,Khác,Trung học phổ thông,5-15 triệu/tháng,Xe máy cá nhân;,1,2,1,1,1,1,<10 phút,Thói quen sử dụng xe máy để di chuyển,4,Không,Gần nhà,4,4,Nước sinh hoạt,3,4,4,4,"Tôi có thể kiếm sống ở đây, Nơi này rất đáng sống",3,3,4,4,4,Không,,Không Thích tham gia,Không tham gia,Không tham gia,Tôi không có đủ kiến thức,3,4,3,"Thêm các khu nhà ở, Thêm nơi làm việc",Có,C167,Motorcycle habit,Behavioural,2,3,1.0,1,36,0,1,True,819.321727111547,521.4739822123898,22.0,233.9264064585741,493.12444843087206,29.0,585.3953206529729,7.0,1.0,25577.22749019477,1102.249153878409,1.34531908211967,300.2078205122468,1.28334301824711,300.2078205122468,1.28334301824711,98.62125396728516,110.53632354736328,3314.0,3314.0,0.0079575600102543,0.0446428582072258,0.0366852991282939,12.081644778143476
2023-03-29 15:18:42.810,Nữ,1990,Phước Long A,TP. Thủ Đức,quận 2,Đạo phật,Nhân viên văn phòng (admin/kế toán/quản lý chung),Đại học,5-15 triệu/tháng,Xe máy cá nhân;,1,1,1,1,1,1,10-20 phút,Thói quen sử dụng xe máy để di chuyển,3,Không,Gần nhà,4,4,Nước sinh hoạt,4,4,4,4,"Nơi này rất đáng sống, An ninh và An toàn",3,3,3,4,3,Không,,Không Thích tham gia,Không tham gia,Không tham gia,Thiếu thông tin,3,5,3,"Thêm dịch vụ tiện ích, Thêm các khu nhà ở, Thêm nơi làm việc, Thêm sân chơi cộng đồng (công viên, sân chơi thể thao,hồ bơi..)",Có,C168,Motorcycle habit,Behavioural,2,6,2.0,1,33,0,1,True,949.4970124572956,386.1515510910101,18.0,363.8700779166285,365.3917725578996,24.0,585.626934540667,6.0,1.0,26651.013846325382,1345.1236709767722,1.4166697244213504,543.1815832075266,1.492789916438204,543.1815832075266,1.492789916438204,143.42840576171875,160.75692749023438,4278.0,4278.0,0.0534839108586311,0.0909470617771148,0.0374631471931934,12.081652610225577
2023-03-29 15:37:45.016,Nữ,1960,Phước Long A,TP. Thủ Đức, TP. Thủ Đức,Đạo phật,Kinh doanh,Trung học cơ sở,5-15 triệu/tháng,Xe buýt,4,1,4,2,2,3,Khác:,Có sử dụng phương tiện công cộng,4,Không,Gần nơi làm việc,4,4,Nước sinh hoạt,4,3,3,3,Gia đình/họ hàng tôi sống ở đây,3,3,2,4,2,Không,,Không Thích tham gia,Không tham gia,Không tham gia,Thiếu thông tin,4,4,2,Thêm dịch vụ tiện ích,Có,C169,Uses public transport,Not a barrier,2,2,,1,63,1,0,True,728.8475150534501,666.4904172891147,23.0,56.2764664434728,668.1956782120584,33.0,672.5710486099773,10.0,1.0,26071.653850084203,983.3849440826446,1.3492327596267208,203.91700376110444,3.623486274958823,203.91700376110444,3.623486274958823,140.8870086669922,157.90847778320312,2349.0,2349.0,0.0638173297047615,0.0862134471535682,0.0223961137235164,12.081645623155902
2023-03-29 15:42:55.781,Nam,1966,Phước Long A,TP. Thủ Đức, TP. Thủ Đức,Không có,Kinh doanh,Tiểu học,<5 triệu/tháng,Xe điện 2 bánh cá nhân;,5,1,4,3,3,3,<10 phút,Không cảm thấy thoải mái khi phải đi bộ đến các trạm,4,Không,Gần nơi làm việc,4,4,Nước sinh hoạt,2,3,3,3,Tôi có thể kiếm sống ở đây,3,3,3,4,4,Không,,Không Thích tham gia,Không tham gia,Không tham gia,Thiếu thông tin,3,3,3,Thêm nơi làm việc,Có,C170,Walking discomfort,Experiential,1,1,1.0,0,57,1,0,True,706.3872337796906,641.4481134818544,25.0,49.50622006534936,642.8240784356028,36.0,656.8810137143413,11.0,1.0,25946.667226550817,954.6969928446777,1.3515207342244102,234.61015093392209,4.739003515603317,234.61015093392209,4.739003515603317,140.8870086669922,157.90847778320312,2349.0,2349.0,0.1105284392833709,0.1337969452142715,0.0232685022056102,12.081645623155902
2023-03-29 15:52:26.712,Nam,1968,Phước Long A,TP. Thủ Đức, TP. Thủ Đức,Đạo phật,Nghỉ hưu,Trung học phổ thông,5-15 triệu/tháng,Xe máy cá nhân;,1,1,2,2,2,2,<10 phút,Không cảm thấy thoải mái khi phải đi bộ đến các trạm,4,Không,Gần nhà,3,2,Nước sinh hoạt,3,4,4,3,Gia đình/họ hàng tôi sống ở đây,3,3,3,4,4,Có,Được mời,,Tham gia tích cực,Tham gia tích cực,Thiếu thông tin,4,4,3,"Thêm sân chơi cộng đồng (công viên, sân chơi thể thao,hồ bơi..)",Có,C171,Walking discomfort,Experiential,2,3,1.0,0,55,0,1,True,684.2451320339758,620.3400788544456,25.0,61.17275550208536,621.3439206668454,36.0,623.0723765318904,11.0,1.0,25545.704726343032,977.300050992857,1.4282893735579103,257.2132090821016,4.204702027413712,257.2132090821016,4.204702027413712,187.22390747070312,209.8436279296875,3701.0,3701.0,0.1100518107414245,0.1269267350435257,0.0168749224394559,12.081641049246832
2023-03-29 16:00:21.627,Nữ,1967,Trường Thọ,TP. Thủ Đức,Thủ đức,Thiên Chúa Giáo,Kinh doanh,Trung học phổ thông,5-15 triệu/tháng,Xe máy cá nhân;,2,3,1,1,3,2,<10 phút,Thói quen sử dụng xe máy để di chuyển,3,Không,Gần nhà,1,2,Cả hai,3,2,2,3,"Gia đình/họ hàng tôi sống ở đây, Tôi có thể kiếm sống ở đây",1,3,1,2,3,Không,không đi bao giờ,Không Thích tham gia,Tham gia vào phát triển khu vực nơi tôi sinh sống,Tham gia vào phát triển khu vực nơi tôi sinh sống,không có thời gian,3,3,3,Thêm nơi làm việc,Không,C172,Motorcycle habit,Behavioural,2,3,1.0,1,56,1,1,True,939.6483972225524,1219.8549555738891,12.0,322.5052839584679,1231.0075137904048,13.0,617.1431132640844,1.0,0.0,16571.78915676161,1275.0207462445392,1.3569125962575928,424.58895682111694,1.316533334305913,424.58895682111694,1.316533334305913,41.35421371459961,46.94825744628906,1119.0,1119.0,-0.1361369788646698,-0.0835249051451683,0.052612081170082,13.52714325629783
2023-03-29 16:07:20.652,Nữ,1976,Trường Thọ,TP. Thủ Đức,Thủ Đức,Không có,Kinh doanh,Tiểu học,<5 triệu/tháng,Khác,4,3,4,3,3,3,<10 phút,Không cảm thấy thoải mái khi phải đi bộ đến các trạm,2,Không,Gần nhà,1,1,Cả hai,3,3,3,3,Gia đình/họ hàng tôi sống ở đây,1,2,2,2,1,Không,Bắt buộc tham gia,Không Thích tham gia,Không tham gia,Không tham gia,Tôi không có đủ kiến thức,1,3,3,"Thêm dịch vụ tiện ích, Thêm sân chơi cộng đồng (công viên, sân chơi thể thao,hồ bơi..)",Không,C173,Walking discomfort,Experiential,1,1,1.0,1,47,1,0,True,1066.211228483757,982.1233888613727,5.0,294.88117738046685,994.3103207290328,5.0,771.3300511032901,0.0,1.0,16535.435610722885,1685.7441286068497,1.581060191050624,541.360416573316,1.8358595193576304,541.360416573316,1.8358595193576304,244.11032104492188,277.1314697265625,4966.0,4966.0,-0.0255969017744064,-0.0022978445049375,0.0232990588992834,13.527141556445692
2023-03-29 17:14:27.435,Nam,1966,Phước Long A,TP. Thủ Đức,9,Đạo phật,Nghỉ hưu,Trung học phổ thông,5-15 triệu/tháng,Xe máy cá nhân;,1,1,1,1,1,1,<10 phút,Không cảm thấy thoải mái khi phải đi bộ đến các trạm,3,Không,Gần nhà,3,3,Nước sinh hoạt,4,4,4,4,Gia đình/họ hàng tôi sống ở đây,4,3,2,4,2,Có,Được mời,,Tham gia vào phát triển khu vực nơi tôi sinh sống,Tham gia vào phát triển khu vực nơi tôi sinh sống,Thiếu thông tin,4,4,3,"Thêm sân chơi cộng đồng (công viên, sân chơi thể thao,hồ bơi..)",Có,C174,Walking discomfort,Experiential,2,3,1.0,0,57,0,1,True,664.5263698651083,603.706285306442,26.0,60.64775623135869,604.3449800082466,37.0,603.8786136337496,11.0,1.0,25814.088808105604,890.5651710965242,1.3401502355388837,316.7635518998442,5.223005294564509,316.7635518998442,5.223005294564509,187.22390747070312,209.8436279296875,3701.0,3701.0,0.0625826343894004,0.0501644723117351,-0.0124181620776653,12.081641049246832
2023-03-29 17:29:40.002,Nữ,1991,Phước Long A,TP. Thủ Đức,9,Không có,Kinh doanh,Đại học,15-25 triệu/tháng,Xe máy cá nhân;,1,1,1,1,1,1,<10 phút,Không cảm thấy thoải mái khi phải đi bộ đến các trạm,4,Có,Gần nhà,2,4,Nước sinh hoạt,3,3,3,3,Gia đình/họ hàng tôi sống ở đây,3,4,2,3,3,Không,,Không Thích tham gia,Không tham gia,Không tham gia,Thiếu thông tin,3,3,3,Thêm các khu nhà ở,Có,C175,Walking discomfort,Experiential,3,6,1.0,1,32,1,1,True,637.1996899495576,549.9052286581514,28.0,73.09731307803887,549.9716794963285,39.0,564.1023768715188,11.0,1.0,25695.219198157283,836.2718593563645,1.3124172414813415,262.47024015968464,3.5906961433653626,262.47024015968464,3.5906961433653626,187.22390747070312,209.8436279296875,3701.0,3701.0,0.1072841510176658,0.0736912339925766,-0.0335929207503795,12.081641049246832
2023-03-29 17:35:28.435,Nữ,1989,Phước Long A,TP. Thủ Đức,9,Đạo phật,Nhân viên văn phòng (admin/kế toán/quản lý chung),Đại học,15-25 triệu/tháng,Xe máy cá nhân;,3,1,3,1,2,2,10-20 phút,Không cảm thấy thoải mái khi phải đi bộ đến các trạm,3,Có,Gần nhà,4,4,Nước sinh hoạt,3,3,3,4,Gia đình/họ hàng tôi sống ở đây,3,3,3,4,4,Có,Được mời,,Không tham gia,Không tham gia,Thiếu thông tin,3,4,3,"Thêm sân chơi cộng đồng (công viên, sân chơi thể thao,hồ bơi..)",Có,C176,Walking discomfort,Experiential,3,6,2.0,1,34,0,1,True,490.3799426568053,1207.517950867292,32.0,287.1970278330319,1201.9513531187747,50.0,203.18291482377344,18.0,0.0,22177.54151761016,656.123808271359,1.3379907112770115,323.96061518945135,1.128008244492672,323.96061518945135,1.128008244492672,112.46246337890624,126.0497817993164,3880.0,3880.0,0.0605369359254837,0.0607624426484108,0.0002255075087305,12.081647522366676
2023-03-29 21:00:11.507,Nam,1990,Phước Long A,TP. Thủ Đức,9,Đạo phật,Kinh doanh,Trung học cơ sở,5-15 triệu/tháng,Xe máy cá nhân;,2,1,1,2,1,1,<10 phút,Không cảm thấy thoải mái khi phải đi bộ đến các trạm,4,Không,Gần nhà,4,4,Nước sinh hoạt,3,4,4,4,Tôi có thể kiếm sống ở đây,3,3,4,3,3,Không,,Không Thích tham gia,Không tham gia,Không tham gia,Thiếu thông tin,3,4,3,"Thêm sân chơi cộng đồng (công viên, sân chơi thể thao,hồ bơi..)",Có,C177,Walking discomfort,Experiential,2,2,1.0,0,33,1,1,True,827.5597361438158,507.1886038599102,22.0,257.76666520100827,479.5024492560706,29.0,569.7930709428076,7.0,1.0,25678.343908266917,1157.5969129467542,1.3988076780303669,355.5555795805919,1.3793699014701033,355.5555795805919,1.3793699014701033,173.17616271972656,194.09869384765625,5830.0,5830.0,0.0362333692610263,0.0508508309721946,0.0146174635738134,12.08164611072445
2023-03-29 21:05:26.721,Nữ,1996,Phước Long A,TP. Thủ Đức,2,Đạo phật,Nhân viên văn phòng (admin/kế toán/quản lý chung),Đại học,15-25 triệu/tháng,Xe máy cá nhân;,3,1,4,3,4,2,<10 phút,Số lượng điểm dừng và tần suất các chuyến chưa đủ,2,Không,Gần nhà,4,2,Nước sinh hoạt,1,2,4,4,Gia đình/họ hàng tôi sống ở đây,4,5,4,4,4,Không,,Không Thích tham gia,Tham gia vào phát triển khu vực nơi tôi sinh sống,Tham gia vào phát triển khu vực nơi tôi sinh sống,Thiếu thông tin,2,1,1,"Thêm sân chơi cộng đồng (công viên, sân chơi thể thao,hồ bơi..)",Có,C178,Stop density / frequency,Infrastructure,3,6,1.0,1,27,0,1,True,842.089046625867,487.722619393587,22.0,286.11594394106214,460.9065356664085,28.0,555.9731026848049,6.0,1.0,26024.291599212684,1176.144392161944,1.3966983620967286,374.1030587957816,1.3075225855740644,374.1030587957816,1.3075225855740644,152.6278839111328,171.06784057617188,5069.0,5069.0,0.0902777761220932,0.1273510903120041,0.0370733179152011,12.081643401264529
2023-03-30 14:42:11.042,Nữ,2004,Linh Trung,TP. Thủ Đức ,Thủ Đức ,Không có,Sinh viên/ học sinh,Đại học,<5 triệu/tháng,Xe máy cá nhân;,2,2,3,3,4,3,<10 phút,Thói quen sử dụng xe máy để di chuyển,4,Có,Gần nhà,3,2,Nước sinh hoạt,4,4,3,4,An ninh và An toàn,4,3,3,3,3,Không,Không tham gia,Không Bắt buộc,Tham gia vào phát triển khu vực nơi tôi sinh sống,Không tham gia,Thiếu thông tin,3,3,3,Thêm dịch vụ tiện ích,Không,C179,Motorcycle habit,Behavioural,1,6,1.0,1,19,0,1,True,563.9776612052203,1604.6746887572303,39.0,173.97524941475564,1582.1620403547456,41.0,390.0024117904647,2.0,0.0,21532.26038329568,628.369450821189,1.1141743619390234,338.7134244795255,1.946905813435768,338.7134244795255,1.946905813435768,37.01358413696289,42.02046203613281,6419.0,6419.0,0.0140619641169905,0.0304696448147296,0.0164076816290617,13.527136093178022
2023-03-30 14:47:12.472,Nữ,1987,Bình Thọ,TP. Thủ Đức ,Thủ Đức ,Không có,Khác,Trung học phổ thông,5-15 triệu/tháng,Xe máy cá nhân;,1,1,2,1,1,1,<10 phút,Thói quen sử dụng xe máy để di chuyển,4,Không,Gần nhà,2,4,Nước sinh hoạt,4,4,4,4,"Nơi này rất đáng sống, An ninh và An toàn",3,3,4,4,4,Không,Bắt buộc tham gia,Không Thích tham gia,Không tham gia,Không tham gia,Không rõ ràng ,3,4,3,"Thêm sân chơi cộng đồng (công viên, sân chơi thể thao,hồ bơi..)",Có,C180,Motorcycle habit,Behavioural,2,3,1.0,1,36,0,1,True,145.5246705820518,932.658481486588,178.0,150.35622915574987,927.3006497646344,187.0,-4.831558573698061,9.0,1.0,22165.698233594376,589.1812310326874,4.048669058491266,386.6691334826268,2.5716868243755098,386.6691334826268,2.5716868243755098,148.60751342773438,168.70985412597656,3022.0,3022.0,0.0856164395809173,0.1112499982118606,0.0256335623562335,13.527136168668656
2023-03-30 15:11:23.937,Nam,1974,Bình Thọ,TP. Thủ Đức ,Thủ Đức,Thiên Chúa Giáo,Kinh doanh,Trung học phổ thông,5-15 triệu/tháng,Xe máy cá nhân;,1,1,3,1,1,1,Khác:,Thói quen sử dụng xe máy để di chuyển,4,Không,Gần nhà,2,4,Nước sinh hoạt,4,4,4,4,"Gia đình/họ hàng tôi sống ở đây, Tôi có thể kiếm sống ở đây",3,3,4,4,4,Không,Có điều kiện tham gia,Không Thích tham gia,Tham gia vào phát triển khu vực nơi tôi sinh sống,Tham gia vào phát triển khu vực nơi tôi sinh sống,Bận,3,4,4,Thêm trung tâm thương mại,Có,C181,Motorcycle habit,Behavioural,2,3,,0,49,1,1,True,244.6433277373119,328.1594937682773,166.0,64.51936133928773,343.85879503768547,175.0,180.12396639802415,9.0,1.0,25325.72388410046,349.145881904966,1.4271629033752546,87.52082692388507,1.3565048553974306,87.52082692388507,1.3565048553974306,112.63335418701172,127.8694305419922,2436.0,2436.0,0.0068357619456946,0.0184362288564443,0.0116004673764109,13.52714430370521
2023-03-30 15:16:58.787,Nữ,2006,Linh Chiểu,TP. Thủ Đức ,Thủ Đức ,Không có,Khác,Trung học cơ sở,25-35 Triệu/tháng,Grab/ taxi,1,1,2,2,1,1,<10 phút,Không cảm thấy thoải mái khi phải đi bộ đến các trạm,3,Không,Gần nhà,2,3,Nước sinh hoạt,3,4,3,4,Tôi có thể kiếm sống ở đây,3,3,4,4,3,Không,,Đi làm,Không tham gia,Không tham gia,Tôi không có đủ kiến thức,3,3,3,Thêm nơi làm việc,Không,C182,Walking discomfort,Experiential,4,2,1.0,1,17,0,0,True,129.4392493536207,1080.2044011921182,187.0,132.76028502960295,1072.8540844787851,197.0,-3.3210356759822446,10.0,0.0,23056.699707805696,135.9144566617765,1.0500250684432346,181.20905148214052,1.3649341852628176,181.20905148214052,1.3649341852628176,288.8549499511719,327.92877197265625,6162.0,6162.0,0.1769568622112274,0.1734616309404373,-0.0034952228888869,13.527142958114243
2023-03-30 15:23:55.271,Nữ,1979,Bình Thọ,TP. Thủ Đức ,Thủ Đức ,Không có,Kinh doanh,Trung học cơ sở,5-15 triệu/tháng,Xe máy cá nhân;,4,2,1,1,2,2,Khác:,Thói quen sử dụng xe máy để di chuyển,4,Có,Gần nhà,2,4,Nước sinh hoạt,2,4,3,4,Gia đình/họ hàng tôi sống ở đây,3,4,4,4,4,Không,,Không Thích tham gia,Không tham gia,Không tham gia,Thiếu thông tin,3,3,4,Thêm dịch vụ tiện ích,Không,C183,Motorcycle habit,Behavioural,2,2,,1,44,1,1,True,228.2971248208428,217.3723968566745,177.0,77.75183484933427,200.71497077835843,191.0,150.54528997150854,14.0,1.0,25797.7680832076,272.8897056851943,1.1953269490333955,158.0715255325891,2.033026305281368,158.0715255325891,2.033026305281368,173.81707763671875,197.3295440673828,3642.0,3642.0,-0.0508630611002445,0.0411558672785759,0.0920189246535301,13.527132517902295
2023-03-30 15:28:57.695,Nữ,1994,Bình Thọ,TP. Thủ Đức ,Thủ Đức ,Không có,Kinh doanh,Trung học cơ sở,5-15 triệu/tháng,Xe máy cá nhân;,1,1,1,1,1,1,10-20 phút,Thói quen sử dụng xe máy để di chuyển,3,Có,Gần nhà,2,4,Nước sinh hoạt,4,3,3,4,"Tôi có thể kiếm sống ở đây, An ninh và An toàn",3,3,4,4,4,Không,,Không Thích tham gia,Không tham gia,Không tham gia,Tôi không có đủ kiến thức,3,4,3,"Thêm sân chơi cộng đồng (công viên, sân chơi thể thao,hồ bơi..)",Không,C184,Motorcycle habit,Behavioural,2,2,2.0,1,29,1,1,True,305.7555715278331,188.6955846087176,179.0,54.13279642094754,179.48261862754595,194.0,251.6227751068856,15.0,1.0,25331.02579116964,362.4703163508351,1.185490470507548,104.23170663922085,1.9254816586361816,104.23170663922085,1.9254816586361816,209.0462188720703,237.3242034912109,4106.0,4106.0,0.038081806153059,0.0853242352604866,0.0472424253821373,13.527144749002066
2023-03-30 15:37:07.644,Nam,1988,Trường Thọ,TP. Thủ Đức,Thủ Đức ,Thiên Chúa Giáo,Kinh doanh,Đại học,15-25 triệu/tháng,Xe máy cá nhân;,4,3,4,4,4,3,10-20 phút,Thiếu cơ sở hạ tầng giữ xe cá nhân tại các trạm giao thông công cộng,2,Có,Gần nhà,1,1,Cả hai,2,2,4,4,"Chi phí bất động sản (Đất đai, Nhà cửa, vv)",2,2,2,4,2,Có,Bắt buộc tham gia,Không hiệu quả ,Tham gia tích cực,Tham gia tích cực,Không có tác dụng,4,2,2,"Thêm sân chơi cộng đồng (công viên, sân chơi thể thao,hồ bơi..), Vệ sinh công cộng",Có,C185,No parking at stops,Infrastructure,3,6,2.0,0,35,1,1,True,318.0630958554736,1488.1426770822566,79.0,171.90841880313462,1492.3877183387522,82.0,146.15467705233897,3.0,0.0,21476.603578864244,369.1082015300439,1.1604873571933192,650.1686267160167,3.7820639107883034,650.1686267160167,3.7820639107883034,146.6624755859375,166.501708984375,3994.0,3994.0,0.055909413844347,0.0845570787787437,0.028647668659687,13.527136589762948
2023-03-30 15:49:01.950,Nam,2001,Bình Thọ,TP. Thủ Đức ,Thủ Đức ,Không có,Sinh viên/ học sinh,Đại học,5-15 triệu/tháng,Xe máy cá nhân;,3,2,3,2,2,1,20-30 phút,Số lượng điểm dừng và tần suất các chuyến chưa đủ,4,Không,Gần nhà,2,2,Nước sinh hoạt,1,3,4,4,Tôi có thể kiếm sống ở đây,2,2,4,4,2,Không,Được mời,Không Bắt buộc,Tham gia vào phát triển khu vực nơi tôi sinh sống,Không tham gia,Tôi không có đủ kiến thức,2,3,2,Thêm dịch vụ tiện ích,Không,C186,Stop density / frequency,Infrastructure,2,6,3.0,0,22,0,1,True,316.3598674067912,180.96102227300997,179.0,51.337890239042,172.69141095389827,193.0,265.0219771677492,14.0,1.0,25430.28841390988,366.239886146768,1.1576686042665414,108.0012764351537,2.103734219156121,108.0012764351537,2.103734219156121,209.0462188720703,237.3242034912109,4106.0,4106.0,0.0877665057778358,0.1246526390314102,0.0368861332535743,13.527144749002066
2023-03-30 15:58:53.085,Nam,1995,Bình Thọ,TP. Thủ Đức ,Thủ Đức ,Thiên Chúa Giáo,Kinh doanh,Trung cấp nghề,<5 triệu/tháng,Xe máy cá nhân;,3,4,3,4,4,3,10-20 phút,Không cảm thấy thoải mái khi phải đi bộ đến các trạm,3,Có,Gần nhà,2,2,Nước dành cho kinh doanh,3,3,3,3,Tôi có thể kiếm sống ở đây,3,3,3,3,3,Có,Được mời,Không Thích tham gia,Tham gia vào phát triển khu vực nơi tôi sinh sống,Tham gia vào phát triển khu vực nơi tôi sinh sống,Thiếu thông tin,3,3,3,Thêm trung tâm thương mại,Không,C187,Walking discomfort,Experiential,1,4,2.0,0,28,1,1,True,302.47097163671066,229.83858824903248,168.0,13.348978063596002,243.53298464913016,180.0,289.12199357311465,12.0,1.0,25934.88746727209,466.4065582420217,1.5419878334712047,36.08596967465239,2.703275824017004,36.08596967465239,2.703275824017004,212.1600646972656,240.8592529296875,3832.0,3832.0,-0.0880694165825843,-0.146253228187561,-0.0581838153302669,13.52713964966648
2023-03-31 18:19:37.113,Nam,1992,Trường Thọ,TP. Thủ Đức,Bình Thạnh,Không có,Nhân viên văn phòng (admin/kế toán/quản lý chung),Cao Đẳng,25-35 Triệu/tháng,Xe máy cá nhân;,4,4,3,3,3,2,10-20 phút,Thiếu cơ sở hạ tầng giữ xe cá nhân tại các trạm giao thông công cộng,5,Có,Gần nhà,4,2,Cả hai,4,4,4,4,"Chi phí bất động sản (Đất đai, Nhà cửa, vv)",4,4,4,4,4,Có,Được mời,,Tham gia vào phát triển khu vực nơi tôi sinh sống,Tham gia vào phát triển khu vực nơi tôi sinh sống,Ý kiến của tôi không được lắng nghe,4,4,4,Thêm trung tâm thương mại,Có,C188,No parking at stops,Infrastructure,4,5,2.0,0,31,0,1,True,598.6511503704417,260.6341069681084,25.0,80.58861105237499,271.9177326607876,32.0,518.0625393180667,7.0,1.0,24522.90567632484,876.6245702809581,1.4643328919329868,240.3498072078137,2.982428957009931,240.3498072078137,2.982428957009931,183.18087768554688,207.9600067138672,4881.0,4881.0,0.1226513534784317,0.120673269033432,-0.001978084212169,13.52713740724445
2023-03-31 18:34:14.385,Nam,1989,Trường Thọ,TP. Thủ Đức,Quận 12,Thiên Chúa Giáo,Nhân viên văn phòng (admin/kế toán/quản lý chung),Đại học,>35 Triệu/tháng,Xe máy cá nhân;,4,4,3,4,5,4,>30 phút,Thiếu cơ sở hạ tầng giữ xe cá nhân tại các trạm giao thông công cộng,1,Có,Gần nhà,2,3,Nước sinh hoạt,3,2,4,4,"Chi phí bất động sản (Đất đai, Nhà cửa, vv)",2,2,3,3,2,Không,,Không Được mời,Tham gia tích cực,Tham gia tích cực,Ý kiến của tôi không được lắng nghe,2,4,3,Thêm nơi làm việc,Có,C189,No parking at stops,Infrastructure,5,6,4.0,0,34,0,1,True,353.81289528799255,499.9504635018418,38.0,235.558609632166,500.9365678099547,46.0,118.25428565582658,8.0,1.0,23347.188941690933,640.7752931452892,1.8110569221161887,358.65627037070567,1.5225776333574117,358.65627037070567,1.5225776333574117,65.44404602050781,74.2967529296875,1307.0,1307.0,-0.1041666641831398,-0.1819354891777038,-0.0777688175439834,13.52713875056803
2023-03-31 22:57:36.359,Nam,1980,Trường Thọ,TP. Thủ Đức,Thủ Đức,Không có,Kinh doanh,Đại học,>35 Triệu/tháng,Xe máy cá nhân;,3,3,3,3,3,2,10-20 phút,Thói quen sử dụng xe máy để di chuyển,3,Không,Gần nhà,2,2,Nước sinh hoạt,3,3,3,3,Gia đình/họ hàng tôi sống ở đây,3,3,3,3,3,Không,,Không Thích tham gia,Không tham gia,Không tham gia,Tôi không có đủ kiến thức,3,4,4,"Thêm sân chơi cộng đồng (công viên, sân chơi thể thao,hồ bơi..)",Có,C190,Motorcycle habit,Behavioural,5,6,2.0,0,43,1,1,True,390.1765656737605,449.39446129999857,38.0,232.32823946920465,450.1075532726522,44.0,157.84832620455586,6.0,1.0,23846.42712051682,628.7228068044049,1.6113802368389822,342.66743122362334,1.4749280242750873,342.66743122362334,1.4749280242750873,113.64156341552734,129.01400756835938,2674.0,2674.0,-0.0728294104337692,-0.0489971600472927,0.0238322466611862,13.527131879225474
2023-03-31 23:04:40.499,Nam,1976,Trường Thọ,TP. Thủ Đức,Thành phố Thủ Đức,Không có,Thiết kế và giải trí,Cao Đẳng,25-35 Triệu/tháng,Xe máy cá nhân;,3,3,2,2,3,2,10-20 phút,Thói quen sử dụng xe máy để di chuyển,4,Có,Gần nhà,4,4,Nước sinh hoạt,3,4,4,3,Gia đình/họ hàng tôi sống ở đây,3,3,3,3,3,Không,,Không Bắt buộc,Tham gia vào phát triển khu vực nơi tôi sinh sống,Tham gia vào phát triển khu vực nơi tôi sinh sống,Tôi không có đủ kiến thức,3,3,3,"Thêm sân chơi cộng đồng (công viên, sân chơi thể thao,hồ bơi..)",Có,C191,Motorcycle habit,Behavioural,4,5,2.0,0,47,0,1,True,1118.7331471765056,732.476057845429,9.0,246.3243933478033,744.5486287838178,10.0,872.4087538287023,1.0,1.0,17908.833898111032,1713.4615768620067,1.531608839146758,378.3608142897438,1.5360265751492532,378.3608142897438,1.5360265751492532,222.9603271484375,253.1204833984375,4197.0,4197.0,0.0705244094133377,0.0902435928583145,0.0197191815823316,13.527140292506232
2023-03-31 23:11:22.850,Nữ,1998,Trường Thọ,TP. Thủ Đức,Quận 1,Không có,Khác,Đại học,25-35 Triệu/tháng,Xe máy cá nhân;,3,3,3,3,3,2,20-30 phút,Thói quen sử dụng xe máy để di chuyển,4,Không,Gần nhà,2,3,Nước sinh hoạt,3,4,3,4,"Chi phí bất động sản (Đất đai, Nhà cửa, vv)",4,3,4,4,4,Không,,Không có thời gian,Không tham gia,Không tham gia,Thiếu thông tin,3,4,4,"Thêm nơi làm việc, Thêm sân chơi cộng đồng (công viên, sân chơi thể thao,hồ bơi..)",Có,C192,Motorcycle habit,Behavioural,4,6,3.0,1,25,0,1,True,825.4441540006572,486.6689422354661,20.0,45.92427011902058,498.496860692134,26.0,779.5198838816367,6.0,1.0,20557.58426841133,1071.7632049240974,1.2984078931683172,53.82190582354393,1.1719708486178502,53.82190582354393,1.1719708486178502,200.16867065429688,227.2457733154297,5024.0,5024.0,0.0475194603204727,0.0502596274018287,0.0027401647530496,13.527143170120048
2023-03-31 23:16:07.388,Nam,1998,Trường Thọ,TP. Thủ Đức,Thành phố Thủ Đức,Không có,Khác,Trung học phổ thông,15-25 triệu/tháng,Xe máy cá nhân;,3,3,3,3,3,3,10-20 phút,Thói quen sử dụng xe máy để di chuyển,3,Không,Gần nhà,4,4,Nước sinh hoạt,3,4,4,4,An ninh và An toàn,4,4,4,4,4,Không,,Không Bắt buộc,Tham gia vào phát triển khu vực nơi tôi sinh sống,Tham gia vào phát triển khu vực nơi tôi sinh sống,Thiếu thông tin,3,4,4,"Thêm sân chơi cộng đồng (công viên, sân chơi thể thao,hồ bơi..)",Có,C193,Motorcycle habit,Behavioural,3,3,2.0,0,25,0,1,True,885.1527137765622,544.8957394660565,18.0,102.32084667594096,556.8143465748109,24.0,782.8318671006213,6.0,1.0,20030.094241801304,2073.034575850723,2.342007818070155,856.27185185359,8.36849849928898,856.27185185359,8.36849849928898,200.16867065429688,227.2457733154297,5024.0,5024.0,0.1357220411300659,0.2054824829101562,0.0697604417800903,13.527143170120048
2023-03-31 23:25:06.227,Nam,1990,Trường Thọ,TP. Thủ Đức,Quận 7,Không có,Kĩ sư,Cao Đẳng,15-25 triệu/tháng,Xe máy cá nhân;,2,4,3,3,3,2,>30 phút,Thói quen sử dụng xe máy để di chuyển,2,Có,Gần nhà,2,1,Nước sinh hoạt,3,4,3,4,An ninh và An toàn,4,2,4,4,4,Không,,Không Được mời,Tham gia vào phát triển khu vực nơi tôi sinh sống,Tham gia vào phát triển khu vực nơi tôi sinh sống,Ý kiến của tôi không được lắng nghe,3,2,4,"Thêm sân chơi cộng đồng (công viên, sân chơi thể thao,hồ bơi..)",Có,C194,Motorcycle habit,Behavioural,3,5,4.0,0,33,0,1,True,1095.4669934220656,739.06320267598,7.0,46.58153553468898,751.3468269846206,7.0,1048.8854578873766,0.0,1.0,18163.99893662669,1363.6928027871318,1.2448506536259676,49.10766522555223,1.0542302794844978,49.10766522555223,1.0542302794844978,239.8767547607422,272.3252258300781,5238.0,5238.0,0.0537162907421588,0.1328298598527908,0.0791135653853416,13.527142761999045
2023-04-01 15:27:05.469,Nữ,2001,Linh Trung,TP. Thủ Đức ,Thủ Đức ,Không có,Khác,Cao Đẳng,<5 triệu/tháng,Xe máy cá nhân;,3,2,3,2,4,2,<10 phút,Không cảm thấy thoải mái khi phải đi bộ đến các trạm,5,Có,Gần nhà,5,4,Nước sinh hoạt,5,3,4,5,"Tôi có thể kiếm sống ở đây, Dịch vụ giao thông công cộng ở đây rất tốt",4,4,4,4,4,Không,,Không Có điều kiện tham gia,Không tham gia,Không tham gia,Tôi không có đủ kiến thức,3,4,5,"Thêm sân chơi cộng đồng (công viên, sân chơi thể thao,hồ bơi..)",Không,C195,Walking discomfort,Experiential,1,5,1.0,1,22,0,1,True,801.6148681222611,1175.8438487231265,20.0,117.35241157323172,1182.0249873844298,23.0,684.2624565490294,3.0,0.0,18308.615133740463,901.7177739731304,1.1248765583469715,159.0591907011124,1.3553977167469988,159.0591907011124,1.3553977167469988,177.1717987060547,201.13807678222656,4319.0,4319.0,0.0599105805158615,0.0472088791429996,-0.0127017023041844,13.527140465472312
2023-04-01 15:49:38.259,Nữ,1997,Bình Thọ,TP. Thủ Đức ,Bình Thạnh,Không có,"Giáo viên, nghiên cứu sinh",Đại học,<5 triệu/tháng,Xe máy cá nhân;,3,1,2,1,2,2,20-30 phút,Không cảm thấy thoải mái khi phải đi bộ đến các trạm,5,Có,Gần nhà,3,5,Nước sinh hoạt,5,5,4,5,Gia đình/họ hàng tôi sống ở đây,4,3,5,4,4,Không,Được mời,Không Thích tham gia,Tham gia vào phát triển khu vực nơi tôi sinh sống,Không tham gia,Thiếu thông tin,3,5,5,Thêm dịch vụ tiện ích,Có,C196,Walking discomfort,Experiential,1,6,3.0,1,26,0,1,True,344.32744488760096,196.5253660837785,177.0,99.26135922963525,194.6420562592588,190.0,245.06608565796571,13.0,1.0,24632.740850939783,437.8321968874027,1.2715576506842914,179.59358717578834,1.809300099954397,179.59358717578834,1.809300099954397,239.2343597412109,271.5959167480469,4732.0,4732.0,0.059940330684185,0.058174904435873,-0.001765425899066,13.52713591887164
2023-04-01 15:52:57.645,Nữ,1974,Bình Thọ,TP. Thủ Đức,Thủ Đức ,Đạo phật,Kinh doanh,Trung học cơ sở,<5 triệu/tháng,Xe máy cá nhân;,2,1,1,1,2,2,<10 phút,Thói quen sử dụng xe máy để di chuyển,4,Có,Gần nhà,2,3,Nước sinh hoạt,4,4,4,4,An ninh và An toàn,3,3,4,4,4,Không,,Không Thích tham gia,Không tham gia,Không tham gia,Thiếu thông tin,3,3,3,"Thêm nơi làm việc, Thêm sân chơi cộng đồng (công viên, sân chơi thể thao,hồ bơi..)",Không,C197,Motorcycle habit,Behavioural,1,2,1.0,1,49,1,1,True,296.0105051349624,192.04467534391668,179.0,52.07868897291698,181.11436011373596,193.0,243.9318161620454,14.0,1.0,25545.845861097987,340.8524228862131,1.151487589032712,82.7815878760092,1.5895482299690564,82.7815878760092,1.5895482299690564,209.0462188720703,237.3242034912109,4106.0,4106.0,0.038081806153059,0.0853242352604866,0.0472424253821373,13.527144749002066
2023-04-01 15:57:46.627,Nam,2003,Linh Chiểu,TP. Thủ Đức ,Thủ Đức ,Không có,Sinh viên/ học sinh,Đại học,<5 triệu/tháng,Xe máy cá nhân;,2,2,1,1,3,2,<10 phút,Thói quen sử dụng xe máy để di chuyển,4,Không,Ở xa (vì lý do khác),3,4,Nước sinh hoạt,4,4,4,4,Tôi có thể kiếm sống ở đây,3,4,2,3,2,Có,Thích tham gia,Không Được mời,Không tham gia,Không tham gia,Tôi không có đủ kiến thức,2,4,4,Thêm nơi làm việc,Không,C198,Motorcycle habit,Behavioural,1,6,1.0,0,20,0,1,True,24.675936010728176,842.5475464885075,137.0,26.042060168147547,820.1335039128074,148.0,-1.366124157419371,11.0,1.0,24760.335513112,29.495560172575686,1.1953167717630695,36.4279670085872,1.3988127964293249,36.4279670085872,1.3988127964293249,107.54326629638672,122.09078979492188,2061.0,2061.0,-0.1049478575587272,-0.0757761225104332,0.0291717369109392,13.527135635291682
2023-04-01 16:01:38.140,Nam,2003,Linh Trung,TP. Thủ Đức ,Thủ Đức ,Không có,Khác,Đại học,<5 triệu/tháng,Xe máy cá nhân;,2,3,3,3,4,3,<10 phút,Thói quen sử dụng xe máy để di chuyển,4,Không,Gần nhà,2,3,Cả hai,4,4,3,4,Tôi có thể kiếm sống ở đây,3,4,4,3,3,Không,Được mời,Không Có điều kiện tham gia,Tham gia vào phát triển khu vực nơi tôi sinh sống,Tham gia vào phát triển khu vực nơi tôi sinh sống,Thiếu thông tin,3,3,3,"Thêm dịch vụ tiện ích, Thêm nơi làm việc, Thêm sân chơi cộng đồng (công viên, sân chơi thể thao,hồ bơi..)",Không,C199,Motorcycle habit,Behavioural,1,6,1.0,0,20,0,1,True,150.76114416590224,1522.7757694370025,84.0,143.49910177283718,1501.4585760182515,86.0,7.262042393065059,2.0,0.0,24368.38811403977,312.2687069109991,2.0712810892929343,262.9448405685484,1.832379696597661,262.9448405685484,1.832379696597661,180.01351928710938,204.36419677734372,4411.0,4411.0,0.1148806512355804,0.0841892585158348,-0.0306913927197456,13.527138176437012
2023-04-01 16:05:22.340,Nam,2001,Bình Thọ,TP. Thủ Đức ,Thủ Đức ,Đạo phật,Sinh viên/ học sinh,Đại học,5-15 triệu/tháng,Xe máy cá nhân;,3,4,4,3,4,4,20-30 phút,Thiếu cơ sở hạ tầng giữ xe cá nhân tại các trạm giao thông công cộng,4,Có,Gần nhà,3,3,Nước sinh hoạt,4,3,2,4,Tôi có thể kiếm sống ở đây,3,4,3,3,5,Có,Thích tham gia,Không Bắt buộc,Tham gia tích cực,Tham gia vào phát triển khu vực nơi tôi sinh sống,Thiếu thông tin,3,5,5,Thêm dịch vụ tiện ích,Có,C200,No parking at stops,Infrastructure,2,6,3.0,0,22,0,1,False,,,,,,,,,,,,,,,,,,,,,,,,
2023-04-01 16:14:16.406,Nam,2003,Phước Long B,TP. Thủ Đức ,Thủ Đức ,Không có,Khác,Đại học,<5 triệu/tháng,Xe máy cá nhân;,3,1,3,2,3,2,<10 phút,Không cảm thấy thoải mái khi phải đi bộ đến các trạm,4,Không,Gần nhà,4,4,Nước sinh hoạt,4,4,4,5,"Chi phí bất động sản (Đất đai, Nhà cửa, vv)",4,4,4,4,3,Không,Được mời,Không Bắt buộc,Tham gia vào phát triển khu vực nơi tôi sinh sống,Không tham gia,Thiếu thông tin,3,3,4,Thêm dịch vụ tiện ích,Có,C201,Walking discomfort,Experiential,1,6,1.0,0,20,0,1,True,275.2571781218675,645.5252226105777,45.0,29.891687900342674,639.6958358601098,53.0,245.36549022152485,8.0,1.0,23749.329456347477,415.3185153797358,1.5088380917567117,48.90245128690343,1.635988287109836,48.90245128690343,1.635988287109836,81.05545043945312,90.84828186035156,2824.0,2824.0,-0.0309582315385341,-0.1050110980868339,-0.0740528628230094,12.081644562833558
2023-04-01 16:17:59.842,Nam,2006,Bình Thọ,TP. Thủ Đức ,Thủ Đức ,Không có,Kinh doanh,Trung học phổ thông,5-15 triệu/tháng,Grab/ taxi,2,1,1,1,1,1,<10 phút,Thiếu cơ sở hạ tầng giữ xe cá nhân tại các trạm giao thông công cộng,4,Không,Gần nơi làm việc,4,4,Nước sinh hoạt,3,4,3,4,Nơi này rất đáng sống,3,4,3,4,4,Không,Có điều kiện tham gia,Không Được mời,Không tham gia,Không tham gia,Tôi không có đủ kiến thức,3,4,4,"Thêm sân chơi cộng đồng (công viên, sân chơi thể thao,hồ bơi..)",Có,C202,No parking at stops,Infrastructure,2,3,1.0,0,17,1,0,True,210.24429569739755,542.5244700944572,142.0,20.21809795644736,561.2553759765963,151.0,190.02619774095015,9.0,1.0,25927.610280836136,276.1757656190844,1.3135945719858262,85.69156278559805,4.2383592645653305,85.69156278559805,4.2383592645653305,192.46885681152344,218.5043792724609,4177.0,4177.0,0.0128898946568369,0.048514250665903,0.0356243550777435,13.527135190724897
2023-04-01 16:22:16.991,Nữ,2003,Trường Thọ,TP. Thủ Đức ,Thủ Đức ,Đạo phật,Sinh viên/ học sinh,Cao Đẳng,<5 triệu/tháng,Xe máy cá nhân;,4,4,4,3,3,4,<10 phút,Số lượng điểm dừng và tần suất các chuyến chưa đủ,4,Không,Gần nơi làm việc,2,2,Nước sinh hoạt,4,2,4,4,Gia đình/họ hàng tôi sống ở đây,4,4,2,2,3,Không,,Không Bắt buộc,Tham gia tích cực,Tham gia tích cực,Thiếu thông tin,3,4,3,Thêm nơi làm việc,Có,C203,Stop density / frequency,Infrastructure,1,5,1.0,1,20,0,1,True,228.4653955161806,789.1014909172945,51.0,220.35878758196768,792.0075810005101,58.0,8.106607934212917,7.0,1.0,19365.454373739474,344.3299082622688,1.5071425039416193,367.62443327543417,1.6682994007610772,367.62443327543417,1.6682994007610772,488.22509765625,554.2680053710938,4273.0,4273.0,0.0929156318306922,0.0589683353900909,-0.033947292715311,13.527143121458968
2023-04-01 16:32:54.738,Nam,2004,Phước Long B,TP. Thủ Đức ,Thủ Đức ,Không có,Khác,Trung cấp nghề,5-15 triệu/tháng,Xe máy cá nhân;,3,1,4,2,2,2,<10 phút,Không cảm thấy thoải mái khi phải đi bộ đến các trạm,3,Có,Gần nơi làm việc,4,4,Nước sinh hoạt,1,4,4,4,Nơi này rất đáng sống,4,4,4,4,4,Có,Được mời,Không Bắt buộc,Tham gia tích cực,Tham gia tích cực,Không rõ,3,5,5,Thêm dịch vụ tiện ích,Có,C204,Walking discomfort,Experiential,2,4,1.0,0,19,0,1,True,416.3774642986741,1157.3800516754482,80.0,413.5361230217215,1149.440366033731,98.0,2.841341276952619,18.0,0.0,19074.846004667543,606.5693589853112,1.4567775900335698,611.1316921140422,1.4778193683504204,611.1316921140422,1.4778193683504204,205.1432647705078,229.92794799804688,5986.0,5986.0,0.07009918987751,0.1018131077289581,0.0317139253020286,12.081646090241128
2023-04-01 16:37:13.380,Nam,2004,Trường Thọ,TP. Thủ Đức ,Thủ Đức ,Đạo phật,Sinh viên/ học sinh,Cao Đẳng,<5 triệu/tháng,Khác,2,1,3,2,4,2,<10 phút,Không cảm thấy thoải mái khi phải đi bộ đến các trạm,4,Có,Gần nhà,4,4,Nước sinh hoạt,1,4,4,4,Tôi có thể kiếm sống ở đây,4,4,4,4,4,Có,Được mời,Không Bắt buộc,Tham gia vào phát triển khu vực nơi tôi sinh sống,Tham gia tích cực,Ý kiến của tôi không được lắng nghe,4,4,4,"Thêm sân chơi cộng đồng (công viên, sân chơi thể thao,hồ bơi..)",Có,C205,Walking discomfort,Experiential,1,5,1.0,0,19,0,0,True,25.821273694292827,1083.343326664355,93.0,51.08910326577957,1090.6565081640497,97.0,-25.267829571486743,4.0,0.0,20854.21352661977,91.03443044264486,3.5255592547615437,94.11734010295416,1.842219457509948,94.11734010295416,1.842219457509948,226.76116943359372,257.4354858398437,4682.0,4682.0,0.0525778457522392,0.0196691993623971,-0.0329086445271968,13.527146858021858
2023-04-01 16:41:42.314,Nữ,2004,Trường Thọ,TP. Thủ Đức ,Thủ Đức,Không có,Sinh viên/ học sinh,Đại học,<5 triệu/tháng,Xe máy cá nhân;,3,3,4,3,4,3,<10 phút,Không cảm thấy thoải mái khi phải đi bộ đến các trạm,4,Không,Gần nhà,2,4,Nước sinh hoạt,3,4,4,4,Gia đình/họ hàng tôi sống ở đây,1,4,4,4,4,Không,Bắt buộc tham gia,Không Được mời,Tham gia vào phát triển khu vực nơi tôi sinh sống,Tham gia vào phát triển khu vực nơi tôi sinh sống,Bận,2,4,4,Thêm dịch vụ tiện ích,Có,C206,Walking discomfort,Experiential,1,6,1.0,1,19,0,1,True,573.0582226051848,1614.1667761883316,18.0,34.9910935696919,1625.3033708662902,20.0,538.0671290354929,2.0,0.0,17745.73536549208,918.7125134066408,1.603174820928446,62.463006155202834,1.7851115750582365,62.463006155202834,1.7851115750582365,189.10519409179688,214.6857147216797,4299.0,4299.0,0.0170833338052034,0.0494966432452201,0.0324133113026618,13.5271380316848
2023-04-01 16:44:53.894,Nữ,2003,Linh Trung,TP. Thủ Đức ,Thủ Đức ,Không có,Sinh viên/ học sinh,Đại học,5-15 triệu/tháng,Xe máy cá nhân;,2,1,3,2,3,3,10-20 phút,Không cảm thấy thoải mái khi phải đi bộ đến các trạm,4,Có,Gần nhà,3,4,Nước sinh hoạt,3,3,3,4,Tôi có thể kiếm sống ở đây,3,4,4,4,3,Không,,Không Thích tham gia,Không tham gia,Không tham gia,Tôi không được cho phép tham gia,3,3,3,Thêm nơi làm việc,Có,C207,Walking discomfort,Experiential,2,6,2.0,1,20,0,1,True,156.20634259010848,1523.2233960069557,84.0,147.13423563261816,1501.8548620390654,86.0,9.07210695749032,2.0,0.0,24564.29068021292,343.262659985175,2.1974950203264765,293.93879364272425,1.9977593411819172,293.93879364272425,1.9977593411819172,180.01351928710938,204.36419677734372,4411.0,4411.0,0.1148806512355804,0.0841892585158348,-0.0306913927197456,13.527138176437012
2023-04-01 16:48:24.324,Nam,2004,Trường Thọ,TP. Thủ Đức ,Thủ Đức ,Đạo phật,Sinh viên/ học sinh,Cao Đẳng,<5 triệu/tháng,Xe máy cá nhân;,3,1,2,1,4,2,<10 phút,Không cảm thấy thoải mái khi phải đi bộ đến các trạm,4,Không,Gần nhà,4,4,Cả hai,2,4,4,4,Gia đình/họ hàng tôi sống ở đây,4,4,4,4,4,Có,Thích tham gia,Không Bắt buộc,Tham gia vào phát triển khu vực nơi tôi sinh sống,Tham gia vào phát triển khu vực nơi tôi sinh sống,Ý kiến của tôi không được lắng nghe,4,4,4,Thêm dịch vụ tiện ích,Có,C208,Walking discomfort,Experiential,1,5,1.0,0,19,0,1,True,19.466484462344965,1079.387375567148,94.0,44.70677237495326,1086.8012678791688,98.0,-25.24028791260829,4.0,0.0,20627.922487187505,95.948942399216,4.928930161211956,99.03185205952528,2.215142064583651,99.03185205952528,2.215142064583651,226.76116943359372,257.4354858398437,4682.0,4682.0,0.013551665470004,0.0738710537552833,0.0603193864226341,13.527146858021858
2023-04-01 17:12:51.572,Nam,1998,Bình Thọ,TP. Thủ Đức ,Thủ Đức ,Không có,Khác,Cao Đẳng,5-15 triệu/tháng,Xe máy cá nhân;,3,2,4,2,4,2,<10 phút,Thiếu cơ sở hạ tầng giữ xe cá nhân tại các trạm giao thông công cộng,4,Có,Gần nhà,4,4,Cả hai,4,4,4,4,An ninh và An toàn,4,4,4,4,4,Có,Có điều kiện tham gia,Không Bắt buộc,Tham gia vào phát triển khu vực nơi tôi sinh sống,Tham gia vào phát triển khu vực nơi tôi sinh sống,Thiếu thông tin,4,4,4,Thêm nơi làm việc,Có,C209,No parking at stops,Infrastructure,2,5,1.0,0,25,0,1,True,6.443610570855554,891.2003679023778,178.0,46.25382228531063,881.6247923434744,187.0,-39.81021171445508,9.0,1.0,22062.54909210649,6.515708904454975,1.0111891202620966,103.78615695946289,2.243839575446794,103.78615695946289,2.243839575446794,141.3136444091797,160.42933654785156,3578.0,3578.0,0.1698670536279678,0.1537828892469406,-0.0160841662436723,13.527138316043688
2023-04-01 23:32:12.497,Nam,1959,Linh Trung,TP. Thủ Đức,TP.Thủ Đức ,Đạo phật,Khác,Trung học phổ thông,<5 triệu/tháng,Xe máy cá nhân;,4,4,2,2,2,2,Khác:,Thói quen sử dụng xe máy để di chuyển,2,Không,Gần nhà,2,2,Nước sinh hoạt,4,4,4,4,Gia đình/họ hàng tôi sống ở đây,2,4,2,4,4,Không,Không tham gia ,Bận,Không tham gia,Không tham gia,Bận,2,4,4,"Thêm sân chơi cộng đồng (công viên, sân chơi thể thao,hồ bơi..)",Không,C210,Motorcycle habit,Behavioural,1,3,,0,64,0,1,True,295.2234934835905,1135.1896637485704,111.0,208.19712742829975,1112.6694388886308,120.0,87.02636605529074,9.0,0.0,23072.33394103209,506.3676115546791,1.7152009332984357,501.00084425064665,2.406377313842548,501.00084425064665,2.406377313842548,153.30502319335938,174.04281616210938,3598.0,3598.0,0.0908546298742294,0.0712489485740661,-0.0196056794375181,13.527145123349284
2023-04-01 23:42:19.601,Nữ,1975,Linh Tây,TP. Thủ Đức,TP.Thủ Đức ,Đạo phật,Kinh doanh,Trung học phổ thông,5-15 triệu/tháng,Xe máy cá nhân;,3,1,1,1,2,2,Khác:,Thói quen sử dụng xe máy để di chuyển,4,Không,Gần nhà,2,2,Nước sinh hoạt,4,4,4,4,Gia đình/họ hàng tôi sống ở đây,2,4,4,4,4,Có,Được mời,Đã tham gia,Không tham gia,Không tham gia,Bận,2,4,4,Thêm dịch vụ tiện ích,Có,C211,Motorcycle habit,Behavioural,2,3,,1,48,1,1,True,83.42372455067557,2212.7317324127644,72.0,103.37763739583497,2208.2121129082384,74.0,-19.953912845159397,2.0,0.0,26840.16928230347,386.6565993090036,4.634851792958846,395.50087134639216,3.8257874846956663,395.50087134639216,3.8257874846956663,132.9312744140625,150.91307067871094,3207.0,3207.0,0.0751932561397552,0.0223312247544527,-0.0528620295226573,13.527137495603656
2023-04-02 00:02:13.172,Nữ,1991,Trường Thọ,TP. Thủ Đức,TP.Thủ Đức ,Không có,Kinh doanh,Trung học phổ thông,5-15 triệu/tháng,Xe máy cá nhân;,2,2,2,1,1,1,Khác:,Thói quen sử dụng xe máy để di chuyển,2,Không,Gần nhà,4,2,Nước sinh hoạt,4,4,4,4,Gia đình/họ hàng tôi sống ở đây,2,4,4,4,4,Không,Không tham gia ,Bận,Không tham gia,Không tham gia,Bận,2,4,4,Thêm dịch vụ tiện ích,Không,C212,Motorcycle habit,Behavioural,2,3,,1,32,1,1,True,123.73802577987745,1828.8766065460743,85.0,111.93070738020371,1826.568439789652,88.0,11.80731839967372,3.0,0.0,24575.2535118044,251.47312791375555,2.0323027325578256,168.83085767257808,1.5083515652152293,168.83085767257808,1.5083515652152293,186.60699462890625,211.84957885742188,4688.0,4688.0,0.1514869928359985,0.1682222634553909,0.0167352817952632,13.527137221578425
2023-04-02 00:11:41.868,Nữ,1966,Trường Thọ,TP. Thủ Đức,TP.Thủ Đức ,Đạo phật,Khác,Trung học phổ thông,<5 triệu/tháng,Khác,1,4,4,4,3,1,Khác:,Thói quen sử dụng xe máy để di chuyển,2,Không,Gần nhà,4,2,Nước sinh hoạt,4,4,4,4,Gia đình/họ hàng tôi sống ở đây,2,2,2,2,4,Có,Được mời,Đã tham gia ,Không tham gia,Không tham gia,Không có thời gian ,2,4,4,"Thêm sân chơi cộng đồng (công viên, sân chơi thể thao,hồ bơi..)",Có,C213,Motorcycle habit,Behavioural,1,3,,1,57,0,0,True,185.00170908963335,1781.9078328901237,81.0,177.26388941301192,1781.2725224506175,84.0,7.737819676621456,3.0,0.0,23418.45435489312,242.4711965853826,1.3106430085351548,235.40779347112908,1.3280076063469763,235.40779347112908,1.3280076063469763,212.67308044433597,241.4416656494141,5995.0,5995.0,0.1533715277910232,0.1532424688339233,-0.000129067513626,13.52713993937182
2023-04-02 00:24:43.071,Nữ,1998,Trường Thọ,TP. Thủ Đức,TP.Thủ Đức ,Đạo phật,Nhân viên văn phòng (admin/kế toán/quản lý chung),Đại học,5-15 triệu/tháng,Xe máy cá nhân;,2,2,2,1,1,1,20-30 phút,Thói quen sử dụng xe máy để di chuyển,4,Không,Gần nhà,4,2,Nước sinh hoạt,4,4,4,4,Tôi có thể kiếm sống ở đây,2,4,4,4,4,Không,Đã tham gia ,Bận ,Không tham gia,Không tham gia,Bận đi làm,2,4,4,"Thêm sân chơi cộng đồng (công viên, sân chơi thể thao,hồ bơi..)",Không,C214,Motorcycle habit,Behavioural,2,6,3.0,1,25,0,1,True,103.5403933283372,1841.6331649438,82.0,91.85686336464624,1839.6427738683865,84.0,11.683529963690958,2.0,0.0,24821.747809432505,148.789652846698,1.4370203556680607,143.4659870396643,1.5618428692709023,143.4659870396643,1.5618428692709023,186.60699462890625,211.84957885742188,4688.0,4688.0,0.1930030584335327,0.2089897096157074,0.0159866549074649,13.527137221578425
2023-04-02 00:31:48.636,Nữ,1958,Trường Thọ,TP. Thủ Đức,TP.Thủ Đức ,Đạo phật,Khác,Trung học cơ sở,<5 triệu/tháng,Xe máy cá nhân;,1,1,1,1,1,1,Khác:,Thói quen sử dụng xe máy để di chuyển,4,Có,Gần nhà,4,4,Nước sinh hoạt,4,4,4,4,Gia đình/họ hàng tôi sống ở đây,2,4,4,4,4,Không,Không tham gia ,Bận,Không tham gia,Không tham gia,Không có thời gian ,2,4,4,Thêm dịch vụ tiện ích,Có,C215,Motorcycle habit,Behavioural,1,2,,1,65,0,1,True,215.16960979065223,1821.1337689287668,78.0,211.9087535324335,1821.517994493133,81.0,3.2608562582187237,3.0,0.0,23466.607465263263,334.23189416315074,1.5533415452504624,327.16849104889724,1.5439121112041403,327.16849104889724,1.5439121112041403,168.8875732421875,191.7332305908203,5051.0,5051.0,0.051944077014923,0.0944748595356941,0.0425307862460613,13.527139333023497
2023-04-02 00:38:31.795,Nam,1950,Trường Thọ,TP. Thủ Đức,TP.Thủ Đức ,Không có,Nghỉ hưu,Trung cấp nghề,5-15 triệu/tháng,Xe máy cá nhân;,3,3,3,1,2,1,Khác:,Không cảm thấy thoải mái khi phải đi bộ đến các trạm,3,Có,Gần nhà,4,4,Nước sinh hoạt,4,4,4,5,"Nơi này rất đáng sống, An ninh và An toàn",4,3,5,4,4,Có,Có điều kiện tham gia,Đã tham gia,Tham gia tích cực,Tham gia tích cực,Bận,5,4,5,"Thêm sân chơi cộng đồng (công viên, sân chơi thể thao,hồ bơi..)",Có,C216,Walking discomfort,Experiential,2,4,,0,73,0,1,True,275.77863310702094,1545.288162342679,84.0,44.360911978670245,1546.8879627593635,87.0,231.4177211283507,3.0,0.0,21506.442196333657,364.4415480696748,1.3215003061105413,112.91009246193391,2.5452608484745243,112.91009246193391,2.5452608484745243,165.5373077392578,187.9297637939453,4505.0,4505.0,0.0788104832172393,0.0850962921977043,0.0062858089804649,13.527135580795148
2023-04-02 00:46:33.841,Nữ,1970,Trường Thọ,TP. Thủ Đức,TP.Thủ Đức ,Đạo phật,Khác,Trung học cơ sở,5-15 triệu/tháng,Xe máy cá nhân;,1,2,2,1,2,1,>30 phút,Thói quen sử dụng xe máy để di chuyển,2,Có,Gần nhà,2,2,Nước sinh hoạt,4,4,2,4,Gia đình/họ hàng tôi sống ở đây,2,4,4,4,4,Không,Không tham gia ,Bận,Không tham gia,Không tham gia,Bận,2,4,4,Thêm các khu nhà ở,Có,C217,Motorcycle habit,Behavioural,2,2,4.0,1,53,0,1,True,89.4711091553701,1853.5267393388235,82.0,78.4496460065023,1851.7886541607215,84.0,11.021463148867795,2.0,0.0,24346.908369598925,124.994665875416,1.39703941367663,119.50303413051722,1.5233087746579788,119.50303413051722,1.5233087746579788,186.60699462890625,211.84957885742188,4688.0,4688.0,0.1840390861034393,0.1738834679126739,-0.010155614465475,13.527137221578425
2023-04-02 00:52:35.562,Nam,1987,Linh Trung,TP. Thủ Đức,TP.Thủ Đức ,Đạo phật,Khác,Trung học cơ sở,<5 triệu/tháng,Xe máy cá nhân;,1,2,2,2,1,1,20-30 phút,Thói quen sử dụng xe máy để di chuyển,4,Không,Gần nhà,2,2,Nước sinh hoạt,4,4,4,2,Tôi có thể kiếm sống ở đây,2,4,4,4,4,Không,Không tham gia ,Bận,Không tham gia,Không tham gia,Bận,2,4,4,"Thêm sân chơi cộng đồng (công viên, sân chơi thể thao,hồ bơi..)",Có,C218,Motorcycle habit,Behavioural,1,2,3.0,0,36,0,1,True,354.9364308602248,2000.9299043383528,77.0,255.40067903323344,1979.642294226681,77.0,99.53575182699134,0.0,0.0,21718.66097314049,930.723058495509,2.622224650875669,470.5457387049958,1.842382488903904,470.5457387049958,1.842382488903904,176.00746154785156,199.8162384033203,3230.0,3230.0,-0.013258040882647,0.0669920146465301,0.0802500545978546,13.527140637157478
2023-04-02 00:58:25.862,Nam,1976,Trường Thọ,TP. Thủ Đức,TP.Thủ Đức ,Không có,Nhân viên văn phòng (admin/kế toán/quản lý chung),Đại học,5-15 triệu/tháng,Xe máy cá nhân;,3,2,2,1,3,3,<10 phút,Thói quen sử dụng xe máy để di chuyển,3,Có,Gần nhà,2,4,Cả hai,4,4,4,4,Gia đình/họ hàng tôi sống ở đây,2,2,4,4,4,Có,Có điều kiện tham gia,Đã tham gia,Tham gia vào phát triển khu vực nơi tôi sinh sống,Tham gia vào phát triển khu vực nơi tôi sinh sống,Thiếu thông tin,3,4,4,"Thêm sân chơi cộng đồng (công viên, sân chơi thể thao,hồ bơi..)",Có,C219,Motorcycle habit,Behavioural,2,6,1.0,0,47,0,1,True,547.06502553623,1623.1829957874877,15.0,4.459028281385318,1634.455845488974,17.0,542.6059972548446,2.0,0.0,17226.4307859367,868.5276356710895,1.5876131632062636,12.278128419651578,2.753543517745316,12.278128419651578,2.753543517745316,164.12313842773438,186.3243103027344,3708.0,3708.0,0.0542524605989456,0.0569720417261123,0.0027195794973522,13.527143148542384
2023-04-02 08:51:15.413,Nam,1978,Trường Thọ,TP. Thủ Đức,TP.Thủ Đức ,Thiên Chúa Giáo,Khác,Trung học phổ thông,5-15 triệu/tháng,Xe máy cá nhân;,1,4,2,1,1,1,Khác:,Thói quen sử dụng xe máy để di chuyển,4,Không,Gần nhà,4,2,Nước sinh hoạt,4,4,4,4,Gia đình/họ hàng tôi sống ở đây,2,4,4,4,4,Không,Không tham gia ,Bận,Không tham gia,Không tham gia,Bận,2,4,4,Thêm trung tâm thương mại,Không,C220,Motorcycle habit,Behavioural,2,3,,0,45,0,1,True,184.41096671737185,1787.1299909609909,88.0,57.101455129528816,1783.929948315081,91.0,127.30951158784303,3.0,0.0,24432.617628467746,206.41291331507267,1.119309317603768,98.7846967210599,1.7299856281591584,98.7846967210599,1.7299856281591584,169.074951171875,191.94595336914065,3243.0,3243.0,0.1534144133329391,0.1461736857891082,-0.0072407172992825,13.52713813533257
2023-04-02 08:56:43.559,Nam,1995,Trường Thọ,TP. Thủ Đức,TP.Thủ Đức ,Không có,Kinh doanh,Trung học phổ thông,<5 triệu/tháng,Xe máy cá nhân;,3,4,2,1,2,2,Khác:,Thói quen sử dụng xe máy để di chuyển,2,Không,Gần nhà,2,2,Nước sinh hoạt,4,4,4,4,Tôi có thể kiếm sống ở đây,2,4,4,4,4,Không,Không tham gia ,Không có thời gian,Không tham gia,Không tham gia,Bận,2,4,4,Thêm dịch vụ tiện ích,Không,C221,Motorcycle habit,Behavioural,1,3,,0,28,1,1,True,221.06470739589665,1826.8762919711944,78.0,218.32786160793825,1827.385662056807,80.0,2.7368457879584014,2.0,0.0,23797.73858508325,345.64942401542504,1.563566740648539,338.58602090117154,1.5508145337363617,338.58602090117154,1.5508145337363617,168.8875732421875,191.7332305908203,5051.0,5051.0,0.1277717053890228,0.1382311582565307,0.0104594640433788,13.527139333023497
2023-04-02 13:51:27.844,Nữ,1971,Linh Đông,TP. Thủ Đức,Bình Dương,Không có,Kinh doanh,Trung học phổ thông,5-15 triệu/tháng,Xe máy cá nhân;,3,4,3,3,3,2,>30 phút,Thói quen sử dụng xe máy để di chuyển,3,Có,Gần nhà,2,2,Nước sinh hoạt,4,2,4,5,Gia đình/họ hàng tôi sống ở đây,3,3,4,4,4,Không,,Không Có điều kiện tham gia,Không tham gia,Không tham gia,Bận ,3,4,4,"Thêm sân chơi cộng đồng (công viên, sân chơi thể thao,hồ bơi..)",Không,C222,Motorcycle habit,Behavioural,2,3,4.0,1,52,1,1,True,311.0404527966908,2067.164504979497,24.0,214.73798945170503,2078.190212044726,25.0,96.30246334498572,1.0,0.0,20693.519243306146,312.100935930103,1.0034094701312224,242.21719554356665,1.127966207386149,242.21719554356665,1.127966207386149,121.44844818115234,137.876953125,2797.0,2797.0,0.1177558600902557,0.1595038920640945,0.0417480356991291,13.527142742361695
2023-04-02 13:57:55.325,Nữ,1974,Linh Đông,TP. Thủ Đức,Nội trợ,Không có,Khác,Tiểu học,<5 triệu/tháng,Xe đạp;,3,4,3,3,3,3,10-20 phút,Thiếu cơ sở hạ tầng giữ xe cá nhân tại các trạm giao thông công cộng,4,Có,Gần nhà,2,4,Cả hai,3,3,2,4,Gia đình/họ hàng tôi sống ở đây,4,3,4,4,4,Có,Thích tham gia,,Tham gia vào phát triển khu vực nơi tôi sinh sống,Tham gia vào phát triển khu vực nơi tôi sinh sống,Tôi không có đủ kiến thức,3,4,4,Thêm dịch vụ tiện ích,Có,C223,No parking at stops,Infrastructure,1,1,2.0,1,49,0,0,True,289.6031347689403,2381.3788291334117,19.0,210.79747944564252,2392.7894337660746,21.0,78.80565532329777,2.0,0.0,21896.50498576013,415.1427167606615,1.433488339454208,412.4868372191534,1.9567920750471768,412.4868372191534,1.9567920750471768,119.50341796875,135.66880798339844,2290.0,2290.0,0.1503234207630157,0.1381727457046508,-0.0121506694704294,13.527136118295518
2023-04-02 14:05:52.097,Nam,1990,Trường Thọ,TP. Thủ Đức,TP. Thủ Đức,Thiên Chúa Giáo,Kinh doanh,Trung học cơ sở,5-15 triệu/tháng,Xe máy cá nhân;,2,3,2,1,2,1,10-20 phút,Thói quen sử dụng xe máy để di chuyển,4,Có,Gần nhà,2,1,Nước sinh hoạt,2,4,2,4,Gia đình/họ hàng tôi sống ở đây,2,4,4,4,4,Không,,Không Thích tham gia,Tham gia vào phát triển khu vực nơi tôi sinh sống,Tham gia vào phát triển khu vực nơi tôi sinh sống,Ý kiến của tôi không được lắng nghe,2,1,2,"Thêm sân chơi cộng đồng (công viên, sân chơi thể thao,hồ bơi..)",Có,C224,Motorcycle habit,Behavioural,2,2,2.0,0,33,1,1,True,175.42668847965422,1452.291008267454,87.0,33.68554465987789,1453.3290034162749,91.0,141.7411438197763,4.0,0.0,21875.03419388408,218.0883013487596,1.243187699880986,145.85427020883054,4.329877152990028,145.85427020883054,4.329877152990028,186.8568115234375,212.13319396972656,5289.0,5289.0,0.0305877849459648,0.030584055930376,-3.727236617123708e-06,13.52713997429986
2023-04-02 14:14:38.404,Nữ,1997,Linh Tây,TP. Thủ Đức,TP. Thủ Đức,Không có,Khác,Đại học,<5 triệu/tháng,Xe máy cá nhân;,4,4,4,4,4,4,10-20 phút,Thói quen sử dụng xe máy để di chuyển,4,Có,Gần nhà,2,2,Nước sinh hoạt,4,3,4,4,Tôi có thể kiếm sống ở đây,2,4,4,4,2,Không,,Không Bắt buộc,Tham gia vào phát triển khu vực nơi tôi sinh sống,Tham gia vào phát triển khu vực nơi tôi sinh sống,Thiếu thông tin,4,4,4,Thêm dịch vụ tiện ích,Có,C225,Motorcycle habit,Behavioural,1,6,2.0,1,26,0,1,True,111.36839905106628,5411.24554344836,27.0,84.15512432780595,5421.905940866367,27.0,27.21327472326034,0.0,0.0,23706.635824458663,,,766.8300596930727,9.112101797937717,766.8300596930727,9.112101797937717,197.35372924804688,224.050048828125,5027.0,5027.0,0.1434171795845031,0.1354246437549591,-0.0079925470054149,13.527142193763398
2023-04-02 14:24:30.876,Nam,1981,Trường Thọ,TP. Thủ Đức,TP. Thủ Đức,Không có,"Chăm sóc sức khỏe (bác sĩ, chuyên viên tư vấn sức khỏe, massage,..)",Trung học phổ thông,5-15 triệu/tháng,Xe máy cá nhân;,2,2,2,2,2,3,<10 phút,Thói quen sử dụng xe máy để di chuyển,4,Có,Gần nhà,2,2,Nước sinh hoạt,4,2,4,4,Tôi có thể kiếm sống ở đây,2,4,4,4,2,Có,Có điều kiện tham gia,,Tham gia tích cực,Tham gia tích cực,Thiếu thông tin,4,4,3,"Thêm sân chơi cộng đồng (công viên, sân chơi thể thao,hồ bơi..)",Có,C226,Motorcycle habit,Behavioural,2,3,1.0,0,42,0,1,True,257.57351097961543,1775.4690772454603,80.0,226.87450474980847,1776.1062838076148,83.0,30.69900622980697,3.0,0.0,22961.972313138533,454.305077521745,1.7637880378068034,356.1866364500411,1.569972072634758,356.1866364500411,1.569972072634758,226.72547912597656,257.3949584960937,6036.0,6036.0,0.1878592371940612,0.2082031220197677,0.0203438941389322,13.527142819742885
2023-04-02 14:32:02.916,Nữ,1969,Trường Thọ,TP. Thủ Đức,TP. Thủ Đức,Đạo phật,Kinh doanh,Trung học cơ sở,<5 triệu/tháng,Xe máy cá nhân;,2,2,3,1,3,2,Khác:,Thói quen sử dụng xe máy để di chuyển,2,Có,Gần nhà,2,2,Nước sinh hoạt,4,3,4,5,Gia đình/họ hàng tôi sống ở đây,3,2,4,4,4,Không,,Không Có điều kiện tham gia,Không tham gia,Không tham gia,Tôi không được cho phép tham gia,2,4,4,Không cần thêm tại cô ấy không biết nên thêm gì,Không,C227,Motorcycle habit,Behavioural,1,2,,1,54,1,1,True,227.80859521925507,1838.2089953788657,78.0,225.89437015557263,1838.8795196990056,80.0,1.9142250636824367,2.0,0.0,23861.35166861425,335.3669253485456,1.4721434238500557,403.5329185283336,1.7863788205541464,403.5329185283336,1.7863788205541464,203.0594482421875,230.527587890625,5494.0,5494.0,0.1277717053890228,0.1382311582565307,0.0104594640433788,13.527141872106563
2023-04-02 14:41:18.126,Nữ,1979,Trường Thọ,TP. Thủ Đức,TP. Thủ Đức,Không có,Khác,Trung học phổ thông,<5 triệu/tháng,Xe máy cá nhân;,3,4,3,2,3,2,Khác:,Thói quen sử dụng xe máy để di chuyển,2,Có,Gần nhà,2,3,Nước sinh hoạt,4,4,2,5,Gia đình/họ hàng tôi sống ở đây,3,4,4,4,2,Không,,Không Có điều kiện tham gia,Không tham gia,Không tham gia,Bận,3,4,3,"Thêm sân chơi cộng đồng (công viên, sân chơi thể thao,hồ bơi..)",Không,C228,Motorcycle habit,Behavioural,1,3,,1,44,0,1,True,246.39223268388687,1841.5866185462264,77.0,231.7507717833685,1842.520091853041,78.0,14.641460900518354,1.0,0.0,23481.59062197077,334.1945763559061,1.3563519138392108,386.8562735997929,1.66927717488428,386.8562735997929,1.66927717488428,203.0594482421875,230.527587890625,5494.0,5494.0,0.0602703317999839,0.1237666234374046,0.0634962916374206,13.527141872106563
2023-04-02 14:49:35.533,Nữ,1975,Trường Thọ,TP. Thủ Đức,Nội Trợ,Không có,Khác,Trung học cơ sở,5-15 triệu/tháng,Xe máy cá nhân;,3,4,3,4,3,2,Khác:,Thói quen sử dụng xe máy để di chuyển,4,Có,Gần nhà,2,2,Nước sinh hoạt,4,4,4,4,Gia đình/họ hàng tôi sống ở đây,2,2,4,4,4,Không,,Không Thích tham gia,Không tham gia,Không tham gia,Bận,3,4,4,"Thêm sân chơi cộng đồng (công viên, sân chơi thể thao,hồ bơi..)",Không,C229,Motorcycle habit,Behavioural,2,2,,1,48,0,1,True,270.032065340664,1826.5379622063704,77.0,248.92156135827645,1827.7116826998413,78.0,21.110503982387517,1.0,0.0,23097.77290689864,359.034200631709,1.329598394837897,378.1134547730662,1.5190064400602163,378.1134547730662,1.5190064400602163,203.0594482421875,230.527587890625,5494.0,5494.0,0.1311933845281601,0.1457619816064834,0.0145686073228716,13.527141872106563
2023-04-02 16:28:59.775,Nữ,1957,Linh Tây,TP. Thủ Đức,TP.Thủ Đức ,Đạo phật,Khác,Trung học phổ thông,<5 triệu/tháng,Xe máy cá nhân;,1,2,1,1,2,1,<10 phút,Thói quen sử dụng xe máy để di chuyển,4,Không,Gần nhà,4,4,Nước sinh hoạt,4,4,4,4,Gia đình/họ hàng tôi sống ở đây,3,4,4,4,4,Có,Được mời,Đã tham gia,Không tham gia,Không tham gia,Bận,2,4,4,Thêm các khu nhà ở,Không,C230,Motorcycle habit,Behavioural,1,3,1.0,1,66,0,1,True,126.08863500529782,2037.4482139937115,82.0,89.35185015097571,2033.208870612173,84.0,36.73678485432211,2.0,0.0,25405.23383658986,220.56019215426832,1.7492472033264626,109.18418805659697,1.2219577756040978,109.18418805659697,1.2219577756040978,145.05203247070312,164.6734161376953,3803.0,3803.0,0.079971008002758,0.1078314706683158,0.0278604608029127,13.527134596307857
2023-04-02 16:33:57.245,Nữ,1969,Trường Thọ,TP. Thủ Đức,Nội trợ,Không có,Khác,Trung học phổ thông,5-15 triệu/tháng,Xe máy cá nhân;,4,4,3,3,3,2,Khác:,Thói quen sử dụng xe máy để di chuyển,4,Có,Gần nhà,2,2,Nước sinh hoạt,4,2,4,5,Gần trường học cho cháu đi học,4,4,4,4,4,Không,,Không Có điều kiện tham gia,Không tham gia,Không tham gia,Bận chăm cháu,3,4,4,"Thêm sân chơi cộng đồng (công viên, sân chơi thể thao,hồ bơi..)",Không,C231,Motorcycle habit,Behavioural,2,3,,1,54,0,1,True,306.3612788769742,1806.0161630794405,77.0,234.3341570132522,1807.57352097313,79.0,72.02712186372202,2.0,0.0,22546.434867389235,406.3569467022746,1.3263978665706504,337.4242378479493,1.439927674858203,337.4242378479493,1.439927674858203,226.72547912597656,257.3949584960937,6036.0,6036.0,0.1588919460773468,0.1506469547748565,-0.0082450034096837,13.527142819742885
2023-04-02 16:34:47.112,Nữ,1961,Trường Thọ,TP. Thủ Đức,TP.Thủ Đức ,Đạo phật,Khác,Trung học cơ sở,<5 triệu/tháng,Xe điện 2 bánh cá nhân;,1,4,3,1,3,1,10-20 phút,Số lượng điểm dừng và tần suất các chuyến chưa đủ,4,Có,Gần nhà,4,4,Nước sinh hoạt,1,4,4,4,Gia đình/họ hàng tôi sống ở đây,2,2,4,4,4,Không,Không tham gia,Bận,Không tham gia,Không tham gia,Tôi không có đủ kiến thức,2,4,3,Thêm nơi làm việc,Không,C232,Stop density / frequency,Infrastructure,1,2,2.0,1,62,0,0,True,940.278951067452,1072.8757766847348,4.0,118.9548757292598,1085.2384125197425,4.0,821.3240753381922,0.0,0.0,17450.46574553031,1322.0001161337302,1.405965872822027,189.32762184658236,1.5915919434651022,189.32762184658236,1.5915919434651022,203.9828948974609,231.5759429931641,5209.0,5209.0,0.0591153353452682,0.0990687757730484,0.0399534404277801,13.527138199295448
2023-04-02 16:40:26.468,Nữ,1986,Trường Thọ,TP. Thủ Đức,TP.Thủ Đức ,Đạo phật,Khác,Trung học phổ thông,<5 triệu/tháng,Xe điện 2 bánh cá nhân;,1,4,1,1,2,1,10-20 phút,Số lượng điểm dừng và tần suất các chuyến chưa đủ,4,Có,Gần nhà,2,2,Nước sinh hoạt,4,4,4,4,Gia đình/họ hàng tôi sống ở đây,2,2,4,4,4,Không,Không tham gia ,Bận,Không tham gia,Không tham gia,Bận,2,4,4,Thêm nơi làm việc,Có,C233,Stop density / frequency,Infrastructure,1,3,2.0,1,37,0,0,True,968.4573202807594,1046.2015766432546,4.0,117.50347512340925,1058.5514953381794,4.0,850.9538451573502,0.0,0.0,17859.53081655766,1301.5546272485826,1.343946294784841,168.88213296143456,1.4372522411278847,168.88213296143456,1.4372522411278847,203.9828948974609,231.5759429931641,5209.0,5209.0,0.0907741785049438,0.0581599399447441,-0.0326142385601997,13.527138199295448
2023-04-02 16:44:30.349,Nữ,1988,Trường Thọ,TP. Thủ Đức,TP. Thủ Đức,Không có,Kinh doanh,Trung học phổ thông,5-15 triệu/tháng,Xe máy cá nhân;,3,4,3,2,3,3,Khác:,Thói quen sử dụng xe máy để di chuyển,2,Có,Gần nhà,2,2,Cả hai,2,2,4,5,Gia đình/họ hàng tôi sống ở đây,4,2,4,4,2,Không,,Không Thích tham gia,Không tham gia,Không tham gia,Bận,4,4,4,"Thêm sân chơi cộng đồng (công viên, sân chơi thể thao,hồ bơi..)",Không,C234,Motorcycle habit,Behavioural,2,3,,1,35,1,1,True,324.94089120627706,1804.743344499584,77.0,230.86316488767923,1806.5427563490448,78.0,94.07772631859784,1.0,0.0,22080.92829034671,429.61890626690354,1.3221447896939982,341.6948600218102,1.4800752653116116,341.6948600218102,1.4800752653116116,179.78599548339844,204.10589599609372,4444.0,4444.0,0.077503778040409,0.060372669249773,-0.0171311032027006,13.527138444407385
2023-04-02 16:46:45.695,Nữ,1964,Trường Thọ,TP. Thủ Đức,TP.Thủ Đức ,Đạo phật,Khác,Trung học phổ thông,<5 triệu/tháng,Khác,1,4,1,1,1,1,<10 phút,Số lượng điểm dừng và tần suất các chuyến chưa đủ,4,Không,Gần nhà,4,4,Nước sinh hoạt,4,4,4,4,Gia đình/họ hàng tôi sống ở đây,2,4,4,4,4,Không,Không tham gia,Bận,Không tham gia,Không tham gia,Bận,2,4,4,"Thêm sân chơi cộng đồng (công viên, sân chơi thể thao,hồ bơi..)",Không,C235,Stop density / frequency,Infrastructure,1,3,1.0,1,59,0,0,True,630.6940738172904,1592.9789052460214,19.0,143.57532795251578,1603.7308612086806,21.0,487.1187458647746,2.0,0.0,17318.725421304825,932.8882463333312,1.4791454130637436,169.15954107929173,1.178193659674156,169.15954107929173,1.178193659674156,200.14190673828125,227.2153778076172,4685.0,4685.0,-0.0333857014775276,0.0917262509465217,0.1251119524240493,13.527137574810354
2023-04-02 16:51:08.084,Nam,1953,Trường Thọ,TP. Thủ Đức,TP. Thủ Đức,Không có,Kinh doanh,Trung học cơ sở,5-15 triệu/tháng,Xe máy cá nhân;,3,4,3,3,3,2,<10 phút,Thói quen sử dụng xe máy để di chuyển,4,Có,Gần nhà,2,2,Nước sinh hoạt,2,3,4,5,"Gia đình/họ hàng tôi sống ở đây, Tôi có thể kiếm sống ở đây",4,2,4,4,4,Không,,Không Có điều kiện tham gia,Không tham gia,Không tham gia,Bận,4,4,4,Hệ thống chiếu sáng,Không,C236,Motorcycle habit,Behavioural,2,2,1.0,0,70,1,1,True,346.18690437050725,1782.9978653904336,76.0,208.4009045871302,1784.9768037912536,77.0,137.78599978337704,1.0,0.0,21847.63117850963,460.5299196137344,1.330292722802857,296.61512757144686,1.4232909792742057,296.61512757144686,1.4232909792742057,179.78599548339844,204.10589599609372,4444.0,4444.0,0.0786290317773819,0.0856757387518882,0.0070467041805386,13.527138444407385
2023-04-02 16:52:38.998,Nữ,1948,Trường Thọ,TP. Thủ Đức,TP.Thủ Đức ,Đạo phật,Nghỉ hưu,Trung học phổ thông,5-15 triệu/tháng,Xe máy cá nhân;,1,1,2,1,1,1,10-20 phút,Thói quen sử dụng xe máy để di chuyển,4,Không,Gần nhà,2,4,Nước sinh hoạt,4,4,4,4,Gia đình/họ hàng tôi sống ở đây,2,4,4,4,4,Không,Không tham gia,Không Thích tham gia,Không tham gia,Không tham gia,Tôi không có đủ kiến thức,2,4,4,Thêm dịch vụ tiện ích,Không,C237,Motorcycle habit,Behavioural,2,3,2.0,1,75,0,1,True,218.87607019800944,1681.260193220642,93.0,91.30506768855376,1678.417210843967,95.0,127.5710025094557,2.0,0.0,23925.68207887309,349.4918502045523,1.5967567851907216,117.66725054183637,1.2887263929665478,117.66725054183637,1.2887263929665478,174.5040740966797,198.1094970703125,3007.0,3007.0,0.1004627272486686,0.0915642604231834,-0.0088984640315175,13.527147200331155
2023-04-02 16:56:18.455,Nữ,1960,Trường Thọ,TP. Thủ Đức,TP. Thủ Đức,Đạo phật,Kinh doanh,Trung học cơ sở,5-15 triệu/tháng,Khác,3,4,2,3,2,3,Khác:,Số lượng điểm dừng và tần suất các chuyến chưa đủ,2,Có,Gần nhà,2,2,Nước sinh hoạt,2,3,4,5,"Gia đình/họ hàng tôi sống ở đây, Tôi có thể kiếm sống ở đây",5,2,4,4,4,Không,,Không Có điều kiện tham gia,Không tham gia,Không tham gia,Không có điều kiên tham gia,4,4,4,Thêm dịch vụ tiện ích,Không,C238,Stop density / frequency,Infrastructure,2,2,,1,63,1,0,True,216.46413761260808,1842.8504543951071,78.0,214.56262556319697,1843.394040202588,80.0,1.9015120494110815,2.0,0.0,23844.787716375205,341.7041486517713,1.5785716397202811,405.3875399461797,1.8893669803028088,405.3875399461797,1.8893669803028088,168.8875732421875,191.7332305908203,5051.0,5051.0,0.1277717053890228,0.1382311582565307,0.0104594640433788,13.527139333023497
2023-04-02 17:01:19.186,Nữ,1949,Trường Thọ,TP. Thủ Đức,TP.Thủ Đức ,Đạo phật,Kinh doanh,Trung học phổ thông,5-15 triệu/tháng,Xe máy cá nhân;,2,4,2,1,2,2,10-20 phút,Thói quen sử dụng xe máy để di chuyển,4,Không,Gần nhà,4,2,Nước sinh hoạt,4,4,4,4,Tôi có thể kiếm sống ở đây,2,4,4,4,4,Không,Không tham gia,Không Thích tham gia,Không tham gia,Không tham gia,Thiếu thông tin,2,4,4,Thêm trung tâm thương mại,Không,C239,Motorcycle habit,Behavioural,2,3,2.0,1,74,1,1,True,195.4655858619456,1764.5763519919583,89.0,80.3299113161732,1761.875810128525,93.0,115.1356745457724,4.0,0.0,24224.455731865688,325.689483730702,1.666224170840649,151.13246116407225,1.8813970871849328,151.13246116407225,1.8813970871849328,241.8530120849609,274.5688171386719,4956.0,4956.0,0.1255066990852356,0.1676525473594665,0.0421458482742309,13.527143934109098
2023-04-02 17:06:37.858,Nữ,1962,Trường Thọ,TP. Thủ Đức,Bác bị tai biến và liệt tay phải nên ở nhà,Đạo phật,Khác,Trung học cơ sở,5-15 triệu/tháng,Khác,2,3,3,3,3,3,Khác:,Không cảm thấy thoải mái khi phải đi bộ đến các trạm,2,Có,Gần nhà,2,2,Nước sinh hoạt,4,4,2,5,Gia đình/họ hàng tôi sống ở đây,3,3,2,4,4,Không,,Không Có điều kiện tham gia,Không tham gia,Không tham gia,Bị tai biến ,2,4,4,"Bác gái không cần thêm gì, vì bác không muốn đòi hỏi",Không,C240,Walking discomfort,Experiential,2,2,,1,61,0,0,True,229.1865030332085,1787.6694858426342,79.0,224.33618750706685,1787.969547974695,82.0,4.850315526141685,3.0,0.0,23432.14428965274,461.607512457072,2.0141129881029087,363.4890713853681,1.6202872814441394,363.4890713853681,1.6202872814441394,212.67308044433597,241.4416656494141,5995.0,5995.0,0.1108647435903549,0.1022187024354934,-0.0086460448801517,13.52713993937182
2023-04-02 17:09:46.593,Nữ,1966,Trường Thọ,TP. Thủ Đức,TP.Thủ Đức ,Đạo phật,Kinh doanh,Trung học phổ thông,5-15 triệu/tháng,Xe đạp;,3,3,2,1,2,1,<10 phút,Không cảm thấy thoải mái khi phải đi bộ đến các trạm,4,Không,Gần nhà,2,2,Nước sinh hoạt,4,4,4,4,Gia đình/họ hàng tôi sống ở đây,2,4,4,4,4,Không,Không tham gia,Không Thích tham gia,Không tham gia,Không tham gia,Thiếu thông tin,2,4,4,"Thêm sân chơi cộng đồng (công viên, sân chơi thể thao,hồ bơi..)",Không,C241,Walking discomfort,Experiential,2,3,1.0,1,57,1,0,True,428.9988231922706,505.7461863551984,37.0,306.11849045315324,509.2854558624816,43.0,122.88033273911736,6.0,1.0,22406.62031850409,750.510842446635,1.7494473221672866,601.4846974905108,1.964875419972577,601.4846974905108,1.964875419972577,108.56484985351562,123.25057220458984,1657.0,1657.0,0.0005480453255586,0.015192437916994,0.0146443918347358,13.527142874410428
2023-04-02 17:12:10.268,Nam,1987,Trường Thọ,TP. Thủ Đức,TP. Thủ Đức,Thiên Chúa Giáo,Kĩ sư,Đại học,5-15 triệu/tháng,Xe máy cá nhân;,3,4,2,3,3,2,Khác:,Thói quen sử dụng xe máy để di chuyển,4,Có,Gần nhà,2,2,Nước sinh hoạt,4,4,4,4,Tình cờ,2,2,4,3,4,Có,Có điều kiện tham gia,,Tham gia vào phát triển khu vực nơi tôi sinh sống,Tham gia vào phát triển khu vực nơi tôi sinh sống,Tôi không có đủ kiến thức,3,4,4,"Thêm sân chơi cộng đồng (công viên, sân chơi thể thao,hồ bơi..)",Có,C242,Motorcycle habit,Behavioural,2,6,,0,36,0,1,True,122.765075736655,1820.2325509918076,83.0,111.70626010657791,1818.4955353690632,86.0,11.058815630077092,3.0,0.0,24604.7915984224,168.32856362542125,1.3711437280949923,161.26515765587203,1.4436537173656196,161.26515765587203,1.4436537173656196,197.67047119140625,224.40963745117188,5541.0,5541.0,0.1341859996318817,0.1708357632160186,0.0366497598588466,13.527142470295338
2023-04-02 17:17:12.681,Nữ,1965,Trường Thọ,TP. Thủ Đức,TP.Thủ Đức ,Thiên Chúa Giáo,Kinh doanh,Trung học phổ thông,5-15 triệu/tháng,Xe buýt,3,3,3,3,3,2,<10 phút,Thói quen sử dụng xe máy để di chuyển,2,Có,Gần nhà,4,2,Nước sinh hoạt,4,4,4,4,Gia đình/họ hàng tôi sống ở đây,3,3,3,3,4,Không,Không tham gia,Không Có điều kiện tham gia,Không tham gia,Không tham gia,Tôi không được cho phép tham gia,2,4,4,"Thêm sân chơi cộng đồng (công viên, sân chơi thể thao,hồ bơi..)",Không,C243,Motorcycle habit,Behavioural,2,3,1.0,1,58,1,0,True,476.9750277248978,419.5220167210574,34.0,235.2314526468719,423.0354905674546,39.0,241.743575078026,5.0,1.0,22962.42989219597,970.28745216037,2.034252100761965,455.06129581910864,1.9345257222138743,455.06129581910864,1.9345257222138743,167.91506958007812,190.6291656494141,3868.0,3868.0,0.0664210617542266,0.0729531720280647,0.0065321056172251,13.52713376240699
2023-04-02 17:18:12.196,Nữ,1977,Trường Thọ,TP. Thủ Đức,TP. Thủ Đức,Thiên Chúa Giáo,Khác,Trung học phổ thông,5-15 triệu/tháng,Xe máy cá nhân;,2,2,2,1,3,2,10-20 phút,Thói quen sử dụng xe máy để di chuyển,4,Có,Gần nhà,2,2,Nước sinh hoạt,4,2,4,5,Gia đình/họ hàng tôi sống ở đây,2,4,4,4,4,Có,Được mời,,Không tham gia,Không tham gia,Bận,4,4,4,"Thêm sân chơi cộng đồng (công viên, sân chơi thể thao,hồ bơi..)",Có,C244,Motorcycle habit,Behavioural,2,3,2.0,1,46,0,1,True,59.58088382901006,1894.07474654416,81.0,48.24084542734574,1891.9332874142008,84.0,11.340038401664325,3.0,0.0,24320.29243914002,67.656193270986,1.1355352408861723,60.60828945560036,1.256368724857463,60.60828945560036,1.256368724857463,186.60699462890625,211.84957885742188,4688.0,4688.0,0.1499580591917038,0.1483416855335235,-0.0016163665568456,13.527137221578425
2023-04-02 17:26:32.826,Nữ,1962,Trường Thọ,TP. Thủ Đức,TP.Thủ Đức ,Đạo phật,Khác,Trung học cơ sở,<5 triệu/tháng,Xe máy cá nhân;,2,1,2,1,1,1,20-30 phút,Thói quen sử dụng xe máy để di chuyển,2,Không,Gần nhà,4,4,Nước sinh hoạt,4,4,4,4,Gia đình/họ hàng tôi sống ở đây,2,2,4,4,4,Không,Không tham gia,Không Bắt buộc,Không tham gia,Không tham gia,Bận,2,4,4,"Thêm sân chơi cộng đồng (công viên, sân chơi thể thao,hồ bơi..)",Có,C245,Motorcycle habit,Behavioural,1,2,3.0,1,61,0,1,True,183.78415561946028,1976.2076267782277,72.0,103.631127411198,1976.535257126131,73.0,80.15302820826227,1.0,0.0,23338.45200983152,227.79223895106827,1.2394552630681082,286.8976230000326,2.7684502732625047,286.8976230000326,2.7684502732625047,149.3302001953125,169.53030395507812,4306.0,4306.0,0.1498383730649948,0.1875596195459365,0.0377212539315223,13.527139006942624
2023-04-02 18:24:21.861,Nữ,2006,Trường Thọ,TP. Thủ Đức,Học sinh,Không có,Sinh viên/ học sinh,Trung học phổ thông,5-15 triệu/tháng,Xe máy cá nhân;,2,4,3,4,4,2,10-20 phút,Thói quen sử dụng xe máy để di chuyển,2,Không,Gần nhà,2,2,Nước sinh hoạt,4,2,4,4,Gia đình/họ hàng tôi sống ở đây,2,2,4,3,4,Không,,Không Bắt buộc,Không tham gia,Không tham gia,Bận đi học,2,4,4,"Thêm sân chơi cộng đồng (công viên, sân chơi thể thao,hồ bơi..)",Không,C246,Motorcycle habit,Behavioural,2,3,2.0,1,17,0,1,True,56.90110402241517,1914.915129628769,81.0,48.45829663975911,1912.594415873718,84.0,8.442807382656056,3.0,0.0,24593.41107874317,57.12262340537075,1.0038930594891151,50.07471958998512,1.0333569906974354,50.07471958998512,1.0333569906974354,186.60699462890625,211.84957885742188,4688.0,4688.0,0.3071065843105316,0.2328869998455047,-0.074219599366188,13.527137221578425
2023-04-02 18:29:35.228,Nam,2005,Trường Thọ,TP. Thủ Đức,Học sinh,Đạo phật,Sinh viên/ học sinh,Trung học phổ thông,5-15 triệu/tháng,Xe máy cá nhân;,4,2,2,4,4,2,10-20 phút,Thói quen sử dụng xe máy để di chuyển,4,Có,Gần nhà,2,2,Nước sinh hoạt,4,4,4,5,Gia đình/họ hàng tôi sống ở đây,2,4,4,4,4,Không,,Không Có điều kiện tham gia,Không tham gia,Không tham gia,Bận ,4,4,4,Thêm trung tâm thương mại,Không,C247,Motorcycle habit,Behavioural,2,3,2.0,0,18,0,1,True,46.67846613267652,1904.667789410795,79.0,40.870869073274335,1903.2347208149288,82.0,5.807597059402184,3.0,0.0,24047.182100844373,131.62308021416615,2.8197816063631427,124.57517639878054,3.048018777761711,124.57517639878054,3.048018777761711,197.67047119140625,224.40963745117188,5541.0,5541.0,0.1298621147871017,0.1514400690793991,0.0215779636055231,13.527142470295338
2023-04-02 18:40:23.458,Nữ,1983,Trường Thọ,TP. Thủ Đức,TP. Thủ Đức,Không có,Khác,Trung học cơ sở,5-15 triệu/tháng,Xe máy cá nhân;,4,4,3,3,3,2,<10 phút,Thói quen sử dụng xe máy để di chuyển,4,Có,Gần nhà,2,3,Nước sinh hoạt,4,4,4,5,"Gia đình/họ hàng tôi sống ở đây, Tôi có thể kiếm sống ở đây",4,4,4,4,4,Không,,Không Bắt buộc,Không tham gia,Không tham gia,Tôi không có đủ kiến thức,4,4,4,Thêm trung tâm thương mại,Có,C248,Motorcycle habit,Behavioural,2,2,1.0,1,40,0,1,True,227.72555801594788,1667.1544801934235,106.0,87.16411352721882,1662.9760745193832,108.0,140.56144448872908,2.0,0.0,23819.86172277875,253.67821054715307,1.1139646017659015,92.9777435269577,1.0666975176420908,92.9777435269577,1.0666975176420908,179.03207397460938,203.25,2824.0,2824.0,0.1410916596651077,0.1001767814159393,-0.0409148745238781,13.52714376130461
2023-04-02 18:57:01.749,Nam,1981,Trường Thọ,TP. Thủ Đức,Không cố định do chạy Grab,Thiên Chúa Giáo,Khác,Trung học cơ sở,5-15 triệu/tháng,Xe máy cá nhân;,4,4,3,3,3,2,Khác:,Thói quen sử dụng xe máy để di chuyển,2,Có,Gần nhà,2,2,Nước sinh hoạt,4,2,4,4,Gia đình/họ hàng tôi sống ở đây,3,2,4,3,2,Có,,Không Có điều kiện tham gia,Không tham gia,Không tham gia,Bận chạy grab,2,4,4,"Thêm sân chơi cộng đồng (công viên, sân chơi thể thao,hồ bơi..)",Không,C249,Motorcycle habit,Behavioural,2,2,,0,42,0,1,True,230.32886024823,1651.265343468332,112.0,133.25941771071462,1646.3553181431766,114.0,97.06944253751536,2.0,0.0,23640.154826687525,439.1109077741231,1.9064519630795924,207.50861803354405,1.5571778835475092,207.50861803354405,1.5571778835475092,327.38531494140625,371.6711730957031,5486.0,5486.0,0.0139248063787817,0.0234269127249717,0.0095021054148674,13.527136414845891
2023-04-02 19:03:57.002,Nữ,2007,Trường Thọ,TP. Thủ Đức,TP. Thủ Đức,Thiên Chúa Giáo,Kinh doanh,Trung học cơ sở,5-15 triệu/tháng,Xe máy cá nhân;,3,2,3,2,4,2,10-20 phút,Thói quen sử dụng xe máy để di chuyển,2,Có,Gần nhà,2,3,Nước sinh hoạt,4,4,4,5,Gia đình/họ hàng tôi sống ở đây,3,4,4,4,3,Không,,Không Thích tham gia,Không tham gia,Không tham gia,Bận,2,4,4,"Thêm sân chơi cộng đồng (công viên, sân chơi thể thao,hồ bơi..)",Không,C250,Motorcycle habit,Behavioural,2,2,2.0,1,16,1,1,True,183.54347569295248,1802.973565952464,91.0,59.7564630831643,1799.0670331714475,93.0,123.78701260978818,2.0,0.0,24424.60037016088,243.02438031719012,1.324069839037714,94.17702386435964,1.5760140243456435,94.17702386435964,1.5760140243456435,169.074951171875,191.94595336914065,3243.0,3243.0,0.1523665487766266,0.1595419049263,0.007175353821367,13.52713813533257
2023-04-02 19:16:59.579,Nam,1991,Linh Tây,TP. Thủ Đức,To thủ đức,Không có,Khác,Trung học phổ thông,25-35 Triệu/tháng,Ô tô cá nhân;,1,1,1,2,1,1,Khác:,Không cảm thấy thoải mái khi phải đi bộ đến các trạm,5,Có,Gần nơi làm việc,3,4,Nước sinh hoạt,4,5,4,4,Nơi này rất đáng sống,4,5,5,4,5,Không,Bận nhiều việc,Không Thích tham gia,Không tham gia,Không tham gia,Bận đi làm,5,5,4,"Thêm sân chơi cộng đồng (công viên, sân chơi thể thao,hồ bơi..), Nhà wc công cộng",Có,C251,Walking discomfort,Experiential,4,3,,0,32,0,0,True,142.1904988138675,2173.158124882707,76.0,155.68148991808067,2168.1979989068354,78.0,-13.49099110421318,2.0,0.0,26851.381831466104,227.76625030119123,1.6018387459161072,295.5469175741198,1.8984075610378348,295.5469175741198,1.8984075610378348,155.1920623779297,176.1851043701172,3718.0,3718.0,0.0634249448776245,0.0476448312401771,-0.0157801173627376,13.52713642084634
2023-04-02 19:22:20.133,Nam,1985,Trường Thọ,TP. Thủ Đức ,Tp thủ đức,Đạo phật,Khác,Trung học phổ thông,15-25 triệu/tháng,Ô tô cá nhân;,3,2,3,3,3,2,Khác:,Thiếu cơ sở hạ tầng giữ xe cá nhân tại các trạm giao thông công cộng,4,Có,Gần nhà,3,4,Nước sinh hoạt,5,4,4,4,Nơi này rất đáng sống,4,4,4,4,4,Không,Đi làm,Đi làm,Tham gia vào phát triển khu vực nơi tôi sinh sống,Tham gia vào phát triển khu vực nơi tôi sinh sống,Đi làm,4,3,4,"Thêm sân chơi cộng đồng (công viên, sân chơi thể thao,hồ bơi..)",Không,C252,No parking at stops,Infrastructure,3,3,,0,38,0,0,True,692.6744576073102,1518.447717681774,17.0,163.58137439445565,1529.2568458635014,19.0,529.0930832128545,2.0,0.0,17232.489086970618,1078.4929584305723,1.5569983079150722,250.68667287333736,1.5324890978653742,250.68667287333736,1.5324890978653742,160.3000030517578,181.9840087890625,3895.0,3895.0,0.1097787916660308,0.1611428558826446,0.051364067941904,13.527139940417428
2023-04-02 19:27:56.631,Nam,1966,Trường Thọ,TP. Thủ Đức,Tp thủ đức,Đạo phật,Khác,Trung học cơ sở,5-15 triệu/tháng,Xe máy cá nhân;,3,1,2,1,3,2,10-20 phút,Có sử dụng phương tiện công cộng,3,Có,Gần nơi làm việc,4,4,Nước sinh hoạt,4,5,4,5,"Tôi có thể kiếm sống ở đây, An ninh và An toàn",4,4,4,5,5,Không,,Bận công việc,Không tham gia,Không tham gia,Đi làm,3,4,4,K ý kiến,Có,C253,Uses public transport,Not a barrier,2,2,2.0,0,57,0,1,True,416.1089341223626,27.597616446627363,29.0,37.39711336810627,38.170640561120415,37.0,378.71182075425634,8.0,1.0,26302.405373021986,747.1674692607409,1.795605448454577,41.62883396116988,1.1131563431490032,41.62883396116988,1.1131563431490032,141.7686767578125,160.9459228515625,3426.0,3426.0,0.0733888000249862,0.136084496974945,0.0626957044005394,13.52713909188208
2023-04-02 19:39:41.900,Nữ,1975,Trường Thọ,TP. Thủ Đức,Tp thủ đức,Khác,Kinh doanh,Trung học phổ thông,5-15 triệu/tháng,Xe máy cá nhân;,4,1,1,4,3,1,<10 phút,Không cảm thấy thoải mái khi phải đi bộ đến các trạm,2,Không,Gần nhà,4,4,Nước sinh hoạt,3,4,5,4,"Gia đình/họ hàng tôi sống ở đây, Tôi có thể kiếm sống ở đây",4,4,4,4,4,Không,,K thời gian,Không tham gia,Không tham gia,K thời gian,3,4,4,Thấy ổn,Không,C254,Walking discomfort,Experiential,2,3,1.0,1,48,1,1,True,722.5911241932714,584.0202274191751,26.0,241.5402439262954,593.8221862547666,31.0,481.050880266976,5.0,1.0,16481.347251063908,865.2165500504366,1.1973805393975712,274.4461905645726,1.136233805610953,274.4461905645726,1.136233805610953,181.5035095214844,206.0557556152344,4403.0,4403.0,0.0969050154089927,0.1229592859745025,0.0260542724281549,13.527146752412396
2023-04-02 20:12:38.420,Nam,1999,Trường Thọ,TP. Thủ Đức ,Thủ Đức ,Không có,Kinh doanh,Đại học,5-15 triệu/tháng,Xe máy cá nhân;,3,4,4,3,4,3,20-30 phút,Thói quen sử dụng xe máy để di chuyển,4,Không,Ở xa (vì lý do khác),3,1,Cả hai,3,4,3,4,Tôi có thể kiếm sống ở đây,3,3,3,3,3,Không,Không tham gia ,Không Bắt buộc,Tham gia vào phát triển khu vực nơi tôi sinh sống,Tham gia vào phát triển khu vực nơi tôi sinh sống,Thiếu thông tin,3,3,3,Thêm dịch vụ tiện ích,Không,C255,Motorcycle habit,Behavioural,2,6,3.0,0,24,1,1,True,39.75582090265353,1906.5136804744968,80.0,27.96933794088836,1904.5849973718127,83.0,11.786482961765174,3.0,0.0,24570.05591914381,58.34721078306926,1.4676394414276783,51.29930696768362,1.8341266095072344,51.29930696768362,1.8341266095072344,186.60699462890625,211.84957885742188,4688.0,4688.0,0.1915254294872284,0.1719585806131363,-0.0195668488740921,13.527137221578425
2023-04-02 20:17:16.325,Nam,2005,Trường Thọ,TP. Thủ Đức ,Thủ Đức ,Không có,Sinh viên/ học sinh,Trung học phổ thông,<5 triệu/tháng,Xe máy cá nhân;,1,2,1,1,1,1,10-20 phút,Không cảm thấy thoải mái khi phải đi bộ đến các trạm,4,Có,Gần nhà,4,5,Nước sinh hoạt,5,4,5,5,"Gia đình/họ hàng tôi sống ở đây, Tôi có thể kiếm sống ở đây, Nơi này rất đáng sống, An ninh và An toàn",4,3,5,5,3,Có,Thích tham gia,Không Bắt buộc,Không tham gia,Không tham gia,Tôi không có đủ kiến thức,3,5,5,Thêm dịch vụ tiện ích,Không,C256,Walking discomfort,Experiential,1,3,2.0,0,18,0,1,True,293.36147530471294,1443.1618045770033,81.0,204.47147005244855,1447.6171392898666,83.0,88.89000525226436,2.0,0.0,21515.959067012,507.69646616104376,1.7306173744650768,550.8024066171399,2.6937861134164813,550.8024066171399,2.6937861134164813,146.6624755859375,166.501708984375,3994.0,3994.0,0.0249399971216917,0.0360116362571716,0.0110716382041573,13.527136589762948
2023-04-02 20:22:14.785,Nam,1996,Trường Thọ,TP. Thủ Đức ,Thủ Đức ,Thiên Chúa Giáo,Kinh doanh,Tiểu học,<5 triệu/tháng,Xe máy cá nhân;,1,2,2,1,1,1,Khác:,Thói quen sử dụng xe máy để di chuyển,4,Không,Gần nhà,2,4,Nước sinh hoạt,4,4,4,4,"Gia đình/họ hàng tôi sống ở đây, An ninh và An toàn",4,4,4,4,4,Không,,Không Có điều kiện tham gia,Không tham gia,Không tham gia,Thiếu thông tin,3,3,4,"Thêm sân chơi cộng đồng (công viên, sân chơi thể thao,hồ bơi..)",Không,C257,Motorcycle habit,Behavioural,1,1,,0,27,1,1,True,79.67423428783967,1869.4759284451457,77.0,71.30438661514985,1868.09618150988,79.0,8.369847672689815,2.0,0.0,24305.642384499937,127.4115116262558,1.599155771813951,122.35320407086142,1.715928148028769,122.35320407086142,1.715928148028769,197.67047119140625,224.40963745117188,5541.0,5541.0,0.1823004335165023,0.149797573685646,-0.032502856105566,13.527142470295338
2023-04-02 20:23:32.486,Nữ,1985,Trường Thọ,TP. Thủ Đức,Nội trợ,Không có,Khác,Trung học phổ thông,5-15 triệu/tháng,Xe máy cá nhân;,3,4,2,2,3,2,Khác:,Thói quen sử dụng xe máy để di chuyển,2,Có,Gần nhà,2,2,Nước sinh hoạt,4,2,4,5,Gia đình/họ hàng tôi sống ở đây,3,4,4,4,4,Không,,Không Có điều kiện tham gia,Không tham gia,Không tham gia,Bận,2,4,4,"Thêm sân chơi cộng đồng (công viên, sân chơi thể thao,hồ bơi..)",Không,C258,Motorcycle habit,Behavioural,2,3,,1,38,0,1,True,186.5976616199393,1781.0165752077069,81.0,178.9033068354914,1780.4017310228394,84.0,7.69435478444791,3.0,0.0,23501.11468452208,243.57459882611263,1.305346469572719,236.51119571185916,1.3220057241834016,236.51119571185916,1.3220057241834016,212.67308044433597,241.4416656494141,5995.0,5995.0,0.1533715277910232,0.1532424688339233,-0.000129067513626,13.52713993937182
2023-04-02 20:32:40.783,Nam,1984,Trường Thọ,TP. Thủ Đức,Quận 8,Đạo phật,Kĩ sư,Đại học,>35 Triệu/tháng,Xe máy cá nhân;,3,4,3,3,4,4,>30 phút,Không cảm thấy thoải mái khi phải đi bộ đến các trạm,2,Không,Gần nhà,2,2,Nước sinh hoạt,2,2,4,4,Gia đình/họ hàng tôi sống ở đây,2,2,3,3,4,Có,Thích tham gia,,Tham gia vào phát triển khu vực nơi tôi sinh sống,Tham gia vào phát triển khu vực nơi tôi sinh sống,Ý kiến của tôi không được lắng nghe,3,3,3,"Thêm sân chơi cộng đồng (công viên, sân chơi thể thao,hồ bơi..)",Có,C259,Walking discomfort,Experiential,5,6,4.0,0,39,0,1,True,285.37450538439623,1691.3139653409671,84.0,193.10803600948068,1691.2565468583978,87.0,92.26646937491554,3.0,0.0,23303.265490160986,365.5574326788571,1.2809743890276932,273.1808463517896,1.414652916558986,273.1808463517896,1.414652916558986,178.2647705078125,202.3788909912109,4517.0,4517.0,0.1482814997434616,0.1983471065759658,0.0500656031072139,13.527137423006208
2023-04-02 20:40:35.315,Nữ,1991,Trường Thọ,TP. Thủ Đức,Nội trợ,Thiên Chúa Giáo,Khác,Trung học phổ thông,<5 triệu/tháng,Xe điện 2 bánh cá nhân;,3,1,2,2,3,3,Khác:,Thói quen sử dụng xe máy để di chuyển,4,Có,Gần nhà,2,4,Nước sinh hoạt,4,3,4,5,Gia đình/họ hàng tôi sống ở đây,3,3,4,4,4,Không,,Không Có điều kiện tham gia,Không tham gia,Không tham gia,Bận,2,4,4,"Thêm sân chơi cộng đồng (công viên, sân chơi thể thao,hồ bơi..)",Không,C260,Motorcycle habit,Behavioural,1,3,,1,32,0,0,True,293.6039698658705,1669.6079867476662,88.0,162.28940727422736,1669.8484164156905,91.0,131.31456259164315,3.0,0.0,23295.88518038164,387.5595037196551,1.3200077093532048,233.03703164905608,1.43593494833143,233.03703164905608,1.43593494833143,178.2647705078125,202.3788909912109,4517.0,4517.0,0.0904757380485534,0.1002102345228195,0.0097344946116209,13.527137423006208
2023-04-02 21:37:16.374,Nam,1987,Trường Thọ,TP. Thủ Đức,TP. Thủ Đức,Thiên Chúa Giáo,Khác,Tiểu học,<5 triệu/tháng,Xe máy cá nhân;,4,4,4,4,3,3,20-30 phút,Thói quen sử dụng xe máy để di chuyển,4,Có,Gần nhà,2,2,Nước sinh hoạt,4,4,4,5,Tôi có thể kiếm sống ở đây,4,4,2,3,2,Không,,Không Thích tham gia,Tham gia tích cực,Tham gia tích cực,Tôi không có đủ kiến thức,2,4,4,"Thêm sân chơi cộng đồng (công viên, sân chơi thể thao,hồ bơi..)",Có,C261,Motorcycle habit,Behavioural,1,1,3.0,0,36,0,1,True,277.8711044723342,1646.2188255255787,88.0,147.3393942494913,1646.4879784161317,91.0,130.5317102228429,3.0,0.0,22667.558513229968,398.0461650980113,1.4324849136576636,243.5236930274122,1.65280775225023,243.5236930274122,1.65280775225023,179.42465209960938,203.6956787109375,4697.0,4697.0,0.1149839758872985,0.1202825456857681,0.0052985684014856,13.527141520025811
2023-04-02 21:48:17.397,Nữ,1960,Trường Thọ,TP. Thủ Đức,Quận 2,Không có,Khác,Trung học cơ sở,5-15 triệu/tháng,Xe máy cá nhân;,3,3,3,1,3,2,10-20 phút,Thói quen sử dụng xe máy để di chuyển,2,Có,Gần nhà,4,4,Nước sinh hoạt,4,4,4,4,Gia đình/họ hàng tôi sống ở đây,2,2,4,4,4,Có,Có điều kiện tham gia,,Tham gia vào phát triển khu vực nơi tôi sinh sống,Tham gia vào phát triển khu vực nơi tôi sinh sống,Bận,3,4,4,"Thêm sân chơi cộng đồng (công viên, sân chơi thể thao,hồ bơi..)",Không,C262,Motorcycle habit,Behavioural,2,2,2.0,1,63,0,1,True,357.7895207724753,1644.009374025737,82.0,73.57123542571513,1645.7342134599785,85.0,284.2182853467602,3.0,0.0,22166.32840513013,487.4268546614425,1.3623284818657555,127.89418794202216,1.7383721668118095,127.89418794202216,1.7383721668118095,182.46710205078125,207.14968872070312,4758.0,4758.0,0.0485044457018375,0.078979842364788,0.0304753966629505,13.527143464498396
2023-04-02 21:53:33.061,Nữ,1981,Trường Thọ,TP. Thủ Đức,TP. Thủ Đức,Đạo phật,Kinh doanh,Trung học cơ sở,5-15 triệu/tháng,Xe máy cá nhân;,3,3,3,1,3,2,<10 phút,Thói quen sử dụng xe máy để di chuyển,2,Có,Gần nhà,2,4,Nước sinh hoạt,4,4,4,4,Gia đình/họ hàng tôi sống ở đây,4,3,4,4,4,Không,,Không Có điều kiện tham gia,Không tham gia,Không tham gia,Bận,2,4,4,"Thêm sân chơi cộng đồng (công viên, sân chơi thể thao,hồ bơi..)",Không,C263,Motorcycle habit,Behavioural,2,2,1.0,1,42,1,1,True,282.0860359201877,1649.3772360504038,88.0,146.64326438913065,1649.6843697174884,91.0,135.44277153105708,3.0,0.0,22731.17218887698,395.34438842743776,1.4015028682217183,240.82191635683876,1.6422296473010642,240.82191635683876,1.6422296473010642,179.42465209960938,203.6956787109375,4697.0,4697.0,0.0750482380390167,0.0787996128201484,0.0037513747811317,13.527141520025811
2023-04-02 22:08:50.412,Nữ,1997,Phước Long B,TP. Thủ Đức,Thủ Đức,Không có,Khác,Đại học,<5 triệu/tháng,Xe máy cá nhân;,1,1,1,1,1,1,10-20 phút,Thói quen sử dụng xe máy để di chuyển,4,Có,Gần nhà,3,3,Nước sinh hoạt,4,4,3,4,An ninh và An toàn,3,3,4,4,4,Không,,Không Thích tham gia,Không tham gia,Không tham gia,Thiếu thông tin,3,4,3,"Thêm nơi làm việc, Thêm sân chơi cộng đồng (công viên, sân chơi thể thao,hồ bơi..)",Không,C264,Motorcycle habit,Behavioural,1,6,2.0,1,26,0,1,True,1092.6498483934388,1834.6308204355744,11.0,59.10054224106534,1822.437437446387,31.0,1033.5493061523734,20.0,0.0,19102.870562095464,1454.7600372876598,1.3314055179036943,86.83936262279657,1.4693496764985217,86.83936262279657,1.4693496764985217,116.72964477539062,130.83250427246094,3629.0,3629.0,0.0399524122476577,0.0995883196592331,0.059635903686285,12.081643462726898
2023-04-02 22:10:36.061,Nam,1993,Trường Thọ,TP. Thủ Đức,TP. Thủ Đức,Đạo phật,Khác,Trung học phổ thông,25-35 Triệu/tháng,Xe máy cá nhân;,2,1,1,1,2,2,10-20 phút,Thói quen sử dụng xe máy để di chuyển,4,Có,Gần nhà,4,4,Nước sinh hoạt,4,4,4,5,Gia đình/họ hàng tôi sống ở đây,4,4,4,4,4,Có,Thích tham gia,,Không tham gia,Không tham gia,Tôi không có đủ kiến thức,3,4,4,"Thêm sân chơi cộng đồng (công viên, sân chơi thể thao,hồ bơi..)",Có,C265,Motorcycle habit,Behavioural,4,3,2.0,0,30,0,1,True,1130.1110912129432,885.2620314351101,4.0,69.93306357996144,897.5963783680259,4.0,1060.1780276329816,0.0,1.0,18380.41039866931,1423.245275057992,1.2593852817871465,103.9453816497362,1.4863553279184614,103.9453816497362,1.4863553279184614,216.25979614257807,245.5135498046875,5099.0,5099.0,0.0114416480064392,0.0723493844270706,0.0609077326953411,13.52713457790492
2023-04-02 22:13:44.098,Nam,2004,Trường Thọ,TP. Thủ Đức ,Thủ Đức,Đạo phật,Sinh viên/ học sinh,Đại học,5-15 triệu/tháng,Xe máy cá nhân;,4,4,3,5,3,2,10-20 phút,Không cảm thấy thoải mái khi phải đi bộ đến các trạm,4,Có,Ở xa (vì lý do khác),1,2,Cả hai,2,2,4,5,Gia đình/họ hàng tôi sống ở đây,4,4,1,3,3,Không,,Không Bắt buộc,Tham gia tích cực,Tham gia tích cực,Tôi không được cho phép tham gia,4,4,3,"Thêm trung tâm thương mại, Thêm sân chơi cộng đồng (công viên, sân chơi thể thao,hồ bơi..)",Có,C266,Walking discomfort,Experiential,2,6,2.0,0,19,0,1,True,150.77606854074233,1792.2301636535533,83.0,139.74455232911174,1790.5136249724887,86.0,11.031516211630588,3.0,0.0,24213.066452799085,243.5382152453684,1.6152312339909574,236.47481213111487,1.6921934214236427,236.47481213111487,1.6921934214236427,249.34315490722656,283.0721740722656,6195.0,6195.0,0.0267875120043754,0.0210922788828611,-0.0056952340528368,13.52714863080507
2023-04-02 22:17:37.424,Nữ,2004,Trường Thọ,TP. Thủ Đức ,Thủ Đức ,Đạo phật,Sinh viên/ học sinh,Đại học,5-15 triệu/tháng,Xe máy cá nhân;,4,4,3,5,3,2,<10 phút,Chất lượng xe buýt và thái độ phục vụ chưa tốt,4,Có,Gần nhà,1,2,Nước sinh hoạt,3,2,5,5,Gia đình/họ hàng tôi sống ở đây,4,4,2,3,3,Không,,Không Bắt buộc,Không tham gia,Không tham gia,Thiếu thông tin,4,4,3,Thêm dịch vụ tiện ích,Có,C267,Bus quality / staff,Service,2,6,1.0,1,19,0,1,True,174.33024556161237,1623.6106421901366,93.0,167.79333779420182,1621.8279685595564,95.0,6.536907767410554,2.0,0.0,23210.50046079205,436.0689768540312,2.501395988109902,299.07673139888533,1.78241124069957,299.07673139888533,1.78241124069957,196.9433135986328,223.5841064453125,4166.0,4166.0,0.0838056653738021,0.1203864738345146,0.0365808047354221,13.527137509716718
2023-04-02 22:18:41.200,Nam,1973,Trường Thọ,TP. Thủ Đức,Thủ Đức,Không có,Kinh doanh,Trung học phổ thông,5-15 triệu/tháng,Xe máy cá nhân;,3,3,3,3,4,3,10-20 phút,Thói quen sử dụng xe máy để di chuyển,4,Có,Gần nhà,2,4,Nước sinh hoạt,4,2,4,5,Gia đình/họ hàng tôi sống ở đây,3,2,4,4,4,Không,,Lớn tuổi,Không tham gia,Không tham gia,Do không thích tham gia,2,4,4,"Thêm sân chơi cộng đồng (công viên, sân chơi thể thao,hồ bơi..)",Có,C268,Motorcycle habit,Behavioural,2,3,2.0,0,50,1,1,True,327.35144436334576,1665.1922588917428,82.0,120.97623734478616,1666.1449839758284,85.0,206.3752070185596,3.0,0.0,22549.79789581839,448.04562531918486,1.368699093998418,203.4609030478267,1.681825352758795,203.4609030478267,1.681825352758795,179.42465209960938,203.6956787109375,4697.0,4697.0,0.126055434346199,0.1393628567457199,0.0133074279874563,13.527141520025811
2023-04-02 22:22:09.215,Nữ,1977,Trường Thọ,TP. Thủ Đức ,Thủ Đức ,Đạo phật,Kinh doanh,Trung học phổ thông,5-15 triệu/tháng,Xe máy cá nhân;,3,4,3,2,1,2,Khác:,Không cảm thấy thoải mái khi phải đi bộ đến các trạm,4,Có,Gần nhà,3,4,Nước sinh hoạt,4,4,4,5,Gia đình/họ hàng tôi sống ở đây,2,4,4,5,3,Không,,Không Có điều kiện tham gia,Không tham gia,Không tham gia,Thiếu thông tin,3,4,3,"Thêm sân chơi cộng đồng (công viên, sân chơi thể thao,hồ bơi..)",Không,C269,Walking discomfort,Experiential,2,3,,1,46,1,1,True,213.8430679518674,1831.931649109104,78.0,211.21323887565623,1832.373350380198,80.0,2.6298290762111662,2.0,0.0,23714.01698800849,345.65187847809034,1.6163810302043131,338.5884753638369,1.6030646429467803,338.5884753638369,1.6030646429467803,168.8875732421875,191.7332305908203,5051.0,5051.0,0.1277717053890228,0.1382311582565307,0.0104594640433788,13.527139333023497
2023-04-02 22:26:02.532,Nam,1994,Trường Thọ,TP. Thủ Đức ,Thủ Đức ,Đạo phật,Kinh doanh,Trung học phổ thông,5-15 triệu/tháng,Xe máy cá nhân;,3,2,2,3,1,2,<10 phút,Thói quen sử dụng xe máy để di chuyển,4,Có,Gần nhà,4,4,Cả hai,3,4,4,4,Gia đình/họ hàng tôi sống ở đây,3,2,4,4,3,Không,,Không Thích tham gia,Không tham gia,Không tham gia,Thiếu thông tin,3,4,4,"Thêm nơi làm việc, Thêm sân chơi cộng đồng (công viên, sân chơi thể thao,hồ bơi..)",Có,C270,Motorcycle habit,Behavioural,2,3,1.0,0,29,1,1,True,213.8282236426872,1848.6190548290776,78.0,212.2109676527171,1849.1582683086924,80.0,1.61725598997009,2.0,0.0,23899.345638913008,340.9940308088355,1.594710113565952,404.5084491146211,1.9061618425707316,404.5084491146211,1.9061618425707316,168.8875732421875,191.7332305908203,5051.0,5051.0,0.1361161470413208,0.16018907725811,0.0240729227662086,13.527139333023497
2023-04-02 22:30:55.217,Nam,1995,Trường Thọ,TP. Thủ Đức ,Thủ Đức ,Thiên Chúa Giáo,Nông nghiệp,Trung học cơ sở,<5 triệu/tháng,Xe máy cá nhân;,3,2,2,2,2,5,10-20 phút,Không cảm thấy thoải mái khi phải đi bộ đến các trạm,1,Không,Gần nhà,1,4,Nước sinh hoạt,3,3,4,2,An ninh và An toàn,4,4,4,4,4,Không,,Không Có điều kiện tham gia,Tham gia tích cực,Tham gia tích cực,Tôi không có đủ kiến thức,4,4,4,"Thêm sân chơi cộng đồng (công viên, sân chơi thể thao,hồ bơi..)",Không,C271,Walking discomfort,Experiential,1,2,2.0,0,28,0,1,True,202.78824561755067,1745.9179592459147,89.0,107.62331432236944,1743.6035760650002,92.0,95.16493129518122,3.0,0.0,24257.34299885481,283.8617410304597,1.3997938596786814,146.86949556800616,1.3646624478417444,146.86949556800616,1.3646624478417444,241.8530120849609,274.5688171386719,4956.0,4956.0,0.1303030252456665,0.1577932089567184,0.0274901799857616,13.527143934109098
2023-04-02 22:31:35.866,Nam,1982,Trường Thọ,TP. Thủ Đức,Quận 7,Đạo phật,Khác,Trung học phổ thông,25-35 Triệu/tháng,Ô tô cá nhân;,3,3,3,3,3,3,20-30 phút,Thói quen sử dụng xe máy để di chuyển,4,Có,Gần nhà,4,4,Nước sinh hoạt,4,4,4,5,Gia đình/họ hàng tôi sống ở đây,2,4,4,4,4,Có,Được mời,,Tham gia tích cực,Tham gia tích cực,Thiếu thông tin,3,4,4,"Thêm sân chơi cộng đồng (công viên, sân chơi thể thao,hồ bơi..)",Có,C272,Motorcycle habit,Behavioural,4,3,3.0,0,41,0,0,True,295.5908960013602,1676.1283040870794,87.0,169.88818755808174,1676.3073069588756,90.0,125.70270844327844,3.0,0.0,23153.262281433937,395.1542368229013,1.3368281708550422,240.63176475230236,1.4164125723575374,240.63176475230236,1.4164125723575374,178.2647705078125,202.3788909912109,4517.0,4517.0,0.0904757380485534,0.1002102345228195,0.0097344946116209,13.527137423006208
2023-04-02 22:37:05.773,Nam,2005,Trường Thọ,TP. Thủ Đức,Thủ Đức ,Thiên Chúa Giáo,Khác,Trung học cơ sở,<5 triệu/tháng,Xe máy cá nhân;,3,1,1,3,1,2,<10 phút,Chất lượng xe buýt và thái độ phục vụ chưa tốt,5,Có,Gần nơi làm việc,1,4,Nước sinh hoạt,2,4,4,2,Gia đình/họ hàng tôi sống ở đây,2,5,4,2,2,Có,Được mời,Không trả lời,Tham gia vào phát triển khu vực nơi tôi sinh sống,Tham gia tích cực,Ý kiến của tôi không được lắng nghe,2,2,3,Thêm dịch vụ tiện ích,Không,C273,Bus quality / staff,Service,1,2,1.0,0,18,0,1,True,197.0857191264566,1785.515722448834,79.0,190.51728821892436,1785.2119536970192,82.0,6.568430907532274,3.0,0.0,23317.377076657314,312.2535592975859,1.5843540601601571,305.1901561833324,1.6019026883934908,305.1901561833324,1.6019026883934908,212.67308044433597,241.4416656494141,5995.0,5995.0,0.118989922106266,0.0970754474401474,-0.0219144765287637,13.52713993937182
2023-04-02 22:41:10.008,Nữ,1982,Trường Thọ,TP. Thủ Đức ,9,Không có,Kinh doanh,Trung học phổ thông,5-15 triệu/tháng,Xe máy cá nhân;,2,4,1,3,1,1,10-20 phút,Thói quen sử dụng xe máy để di chuyển,2,Có,Gần nhà,4,3,Nước sinh hoạt,4,2,4,4,Gia đình/họ hàng tôi sống ở đây,3,1,3,4,4,Có,Được mời,,Không tham gia,Không tham gia,Thiếu thông tin,3,4,2,"Thêm sân chơi cộng đồng (công viên, sân chơi thể thao,hồ bơi..)",Có,C274,Motorcycle habit,Behavioural,2,3,2.0,1,41,1,1,True,511.5505899227759,1642.714528532813,31.0,256.0756717642466,1652.978617651679,34.0,255.4749181585293,3.0,0.0,17716.92888920311,969.5358975972816,1.895288397074556,383.8567512990093,1.4989973418966682,383.8567512990093,1.4989973418966682,205.7896423339844,233.6270904541016,5261.0,5261.0,0.1096929982304573,0.1539456695318222,0.0442526675760746,13.527137617032572
2023-04-02 22:42:02.655,Nam,1994,Trường Thọ,TP. Thủ Đức,TP. HCM,Không có,Khác,Cao Đẳng,15-25 triệu/tháng,Xe máy cá nhân;,3,4,3,4,3,4,>30 phút,Số lượng điểm dừng và tần suất các chuyến chưa đủ,2,Không,Ở xa (vì lý do khác),3,2,Cả hai,4,3,3,4,"Chi phí bất động sản (Đất đai, Nhà cửa, vv)",3,3,3,3,3,Không,Được mời,Không Được mời,Không tham gia,Tham gia vào phát triển khu vực nơi tôi sinh sống,Thiếu thông tin,3,3,3,Thêm trung tâm thương mại,Không,C275,Stop density / frequency,Infrastructure,3,5,4.0,0,29,0,1,True,271.3842504210034,1671.9037969748654,89.0,194.73207009542696,1671.6298785894369,92.0,76.65218032557644,3.0,0.0,23121.110041076965,342.1382727785778,1.26071528560634,289.4103242960265,1.4861975439084234,289.4103242960265,1.4861975439084234,178.2647705078125,202.3788909912109,4517.0,4517.0,0.0770437195897102,0.0910079777240753,0.0139642599970102,13.527137423006208
2023-04-02 22:46:47.323,Nữ,1982,Trường Thọ,TP. Thủ Đức ,Thủ Đức,Đạo phật,Khác,Trung học cơ sở,5-15 triệu/tháng,Xe máy cá nhân;,2,1,1,1,1,1,Khác:,Thói quen sử dụng xe máy để di chuyển,4,Có,Gần nhà,4,4,Nước sinh hoạt,4,4,4,4,An ninh và An toàn,3,4,4,4,4,Có,Được mời,,Tham gia vào phát triển khu vực nơi tôi sinh sống,Tham gia vào phát triển khu vực nơi tôi sinh sống,Không biết,3,4,4,"Thêm các khu nhà ở, Thêm nơi làm việc",Không,C276,Motorcycle habit,Behavioural,2,2,,1,41,0,1,True,553.4609905091106,1666.9720776894362,25.0,184.05080060241016,1677.578532412466,27.0,369.41018990670045,2.0,0.0,17328.941122841614,846.910677109199,1.5302084367864006,272.8203996596969,1.4823103119722276,272.8203996596969,1.4823103119722276,205.7896423339844,233.6270904541016,5261.0,5261.0,0.0418282821774482,0.0599535554647445,0.0181252732872962,13.527137617032572
2023-04-02 22:49:07.460,Nữ,1989,Trường Thọ,TP. Thủ Đức,Nội trợ,Không có,Khác,Đại học,25-35 Triệu/tháng,Xe máy cá nhân;,3,3,2,3,4,2,Khác:,Thói quen sử dụng xe máy để di chuyển,2,Có,Gần nhà,2,4,Nước sinh hoạt,4,3,4,5,Nơi này rất đáng sống,2,3,4,4,4,Không,,Không Có điều kiện tham gia,Không tham gia,Không tham gia,Bận,3,4,4,"Thêm sân chơi cộng đồng (công viên, sân chơi thể thao,hồ bơi..)",Không,C277,Motorcycle habit,Behavioural,4,6,,1,34,0,1,True,335.0729498720667,1674.5895314880927,81.0,127.24236742618528,1675.5649340143352,84.0,207.83058244588145,3.0,0.0,22667.848688645336,457.161439564343,1.364363908632107,193.93893848053145,1.5241695231192358,193.93893848053145,1.5241695231192358,179.42465209960938,203.6956787109375,4697.0,4697.0,0.126055434346199,0.1393628567457199,0.0133074279874563,13.527141520025811
2023-04-02 22:50:22.754,Nữ,1996,Trường Thọ,TP. Thủ Đức ,Thủ Đức ,Đạo phật,Khác,Trung học phổ thông,5-15 triệu/tháng,Xe máy cá nhân;,4,4,3,4,3,3,<10 phút,Thói quen sử dụng xe máy để di chuyển,2,Có,Gần nơi làm việc,2,2,Nước sinh hoạt,2,4,4,4,Gia đình/họ hàng tôi sống ở đây,4,4,4,4,4,Không,Được mời,Không Bắt buộc,Tham gia vào phát triển khu vực nơi tôi sinh sống,Tham gia vào phát triển khu vực nơi tôi sinh sống,Thiếu thông tin,4,3,4,"Thêm nơi làm việc, Thêm sân chơi cộng đồng (công viên, sân chơi thể thao,hồ bơi..)",Có,C278,Motorcycle habit,Behavioural,2,3,1.0,1,27,0,1,True,406.3531186507751,1665.2456427347618,52.0,94.6880883229239,1674.541503615231,53.0,311.6650303278511,1.0,0.0,18355.57709053625,986.5170128973336,2.4277333373812704,245.0030282188735,2.5874746502782493,245.0030282188735,2.5874746502782493,197.3671112060547,224.06524658203125,5344.0,5344.0,0.0294066462665796,0.0257123000919818,-0.003694346640259,13.527145030816834
2023-04-03 06:51:32.178,Nam,1983,Trường Thọ,TP. Thủ Đức,TP.Thủ Đức ,Thiên Chúa Giáo,Kinh doanh,Trung học phổ thông,5-15 triệu/tháng,Xe máy cá nhân;,2,1,3,4,4,1,10-20 phút,Thói quen sử dụng xe máy để di chuyển,1,Không,Gần nhà,2,4,Nước sinh hoạt,1,4,2,4,Tôi có thể kiếm sống ở đây,4,4,4,4,4,Không,,Ko có thời gian ,Tham gia vào phát triển khu vực nơi tôi sinh sống,Tham gia vào phát triển khu vực nơi tôi sinh sống,Thiếu thông tin,3,4,4,Thêm các khu nhà ở,Không,C279,Motorcycle habit,Behavioural,2,3,2.0,0,40,1,1,True,193.8860615889964,1845.1423684336075,78.0,191.53483527245055,1845.3924322924345,80.0,2.351226316545791,2.0,0.0,23873.17592568721,354.8110702895428,1.8299978213064048,291.71772961997254,1.52305312610636,291.71772961997254,1.52305312610636,168.8875732421875,191.7332305908203,5051.0,5051.0,0.0104803489521145,0.0596497170627117,0.0491693690419197,13.527139333023497
2023-04-03 13:09:15.501,Nữ,1999,Trường Thọ,TP. Thủ Đức ,5,Không có,Nhân viên văn phòng (admin/kế toán/quản lý chung),Đại học,25-35 Triệu/tháng,Xe máy cá nhân;,2,3,1,3,1,1,>30 phút,Số lượng điểm dừng và tần suất các chuyến chưa đủ,3,Có,Gần nhà,3,2,Nước sinh hoạt,4,4,4,4,"Gia đình/họ hàng tôi sống ở đây, Dịch vụ giao thông công cộng ở đây rất tốt",4,2,4,4,4,Có,Có điều kiện tham gia,,Tham gia vào phát triển khu vực nơi tôi sinh sống,Tham gia vào phát triển khu vực nơi tôi sinh sống,Thiếu thông tin,3,4,4,Thêm nơi làm việc,Có,C280,Stop density / frequency,Infrastructure,4,6,4.0,1,24,0,1,True,321.8547413314669,1768.0218728722243,52.0,71.63911661253674,1777.592815533277,54.0,250.2156247189302,2.0,0.0,18794.81044704991,926.9058582445024,2.8798887796713077,105.9274625905786,1.4786260300150245,105.9274625905786,1.4786260300150245,156.82481384277344,178.03872680664062,4258.0,4258.0,0.0433758571743965,0.0698594897985458,0.0264836307615041,13.527140536022218
2023-04-03 13:15:23.484,Nam,1996,Trường Thọ,TP. Thủ Đức,Bình Dương,Không có,Khác,Trung cấp nghề,5-15 triệu/tháng,Xe máy cá nhân;,3,4,3,4,3,3,>30 phút,Thói quen sử dụng xe máy để di chuyển,2,Không,Gần nhà,2,2,Nước sinh hoạt,2,3,4,4,Gia đình/họ hàng tôi sống ở đây,4,4,4,4,4,Không,Bắt buộc tham gia,Không Bắt buộc,Không tham gia,Tham gia tích cực,Thiếu thông tin,3,4,4,"Thêm dịch vụ tiện ích, Thêm sân chơi cộng đồng (công viên, sân chơi thể thao,hồ bơi..)",Có,C281,Motorcycle habit,Behavioural,2,4,4.0,0,27,0,1,True,283.62201814455454,1859.4047925538025,48.0,172.9905512113374,1869.2637291328604,51.0,110.63146693321715,3.0,0.0,17933.323905254325,1083.3791302376655,3.819799102076399,262.40073458374144,1.5168500981488535,262.40073458374144,1.5168500981488535,57.133056640625,64.86152648925781,1510.0,1510.0,-0.2476182430982589,-0.217629075050354,0.0299891624599695,13.52714225889572
2023-04-03 13:19:43.774,Nữ,1958,Trường Thọ,TP. Thủ Đức ,Thủ Đức,Thiên Chúa Giáo,Kinh doanh,Tiểu học,<5 triệu/tháng,Xe đạp;,2,4,1,2,1,1,<10 phút,Không cảm thấy thoải mái khi phải đi bộ đến các trạm,4,Có,Gần nhà,4,3,Nước sinh hoạt,3,2,4,4,Gia đình/họ hàng tôi sống ở đây,4,3,3,4,4,Có,Được mời,Không Được mời,Không tham gia,Tham gia vào phát triển khu vực nơi tôi sinh sống,Thiếu thông tin,3,4,4,Thêm nơi làm việc,Có,C282,Walking discomfort,Experiential,1,1,1.0,1,65,1,0,True,596.5117149458144,1537.6009700118857,27.0,272.849321820664,1547.856232422036,29.0,323.6623931251505,2.0,0.0,17302.154259744693,1071.438836006596,1.7961740049043673,440.9943359243168,1.6162559356265132,440.9943359243168,1.6162559356265132,105.72314453125,120.0244598388672,2647.0,2647.0,-0.2090930938720703,-0.1428098678588867,0.0662832409143447,13.527137667939831
2023-04-03 13:23:18.656,Nam,1995,Trường Thọ,TP. Thủ Đức ,Thủ Đức ,Không có,Khác,Cao Đẳng,5-15 triệu/tháng,Xe máy cá nhân;,3,4,3,3,4,3,10-20 phút,Thói quen sử dụng xe máy để di chuyển,4,Có,Gần nhà,3,2,Nước sinh hoạt,2,2,3,3,Gia đình/họ hàng tôi sống ở đây,3,3,4,4,3,Không,,Không Bắt buộc,Không tham gia,Không tham gia,Bận,3,4,3,Thêm dịch vụ tiện ích,Không,C283,Motorcycle habit,Behavioural,2,5,2.0,0,28,0,1,True,521.8755310016224,1644.9162496200954,28.0,245.0353446791364,1655.2590961635144,31.0,276.8401863224861,3.0,0.0,17548.727715434634,957.736442489733,1.835181735099888,372.0572961914608,1.5183821610660064,372.0572961914608,1.5183821610660064,205.7896423339844,233.6270904541016,5261.0,5261.0,0.1263243705034256,0.1032967045903205,-0.023027665913105,13.527137617032572
2023-04-03 13:26:51.289,Nữ,1974,Trường Thọ,TP. Thủ Đức ,Thủ Đức ,Đạo phật,Kinh doanh,Trung học cơ sở,<5 triệu/tháng,Xe máy cá nhân;,1,1,1,1,1,1,Khác:,Thói quen sử dụng xe máy để di chuyển,4,Có,Gần nhà,2,4,Nước sinh hoạt,4,4,4,4,Gia đình/họ hàng tôi sống ở đây,3,3,4,4,4,Không,,Không Thích tham gia,Không tham gia,Không tham gia,Thiếu thông tin,3,4,4,"Thêm sân chơi cộng đồng (công viên, sân chơi thể thao,hồ bơi..)",Không,C284,Motorcycle habit,Behavioural,1,2,,1,49,1,1,True,216.17210628412363,1914.4753025845105,65.0,196.3974060254461,1922.896001428809,65.0,19.77470025867757,0.0,0.0,21666.822639754693,499.7204174432376,2.311678532596778,597.6267322681008,3.042946158823858,597.6267322681008,3.042946158823858,116.51895904541016,132.2806396484375,3048.0,3048.0,-0.0177257526665925,-0.0849478393793106,-0.0672220885753631,13.527138186056613
2023-04-03 13:31:41.863,Nam,1984,Trường Thọ,TP. Thủ Đức ,Bình Dương,Không có,Khác,Trung học phổ thông,5-15 triệu/tháng,Xe máy cá nhân;,2,3,2,1,2,1,Khác:,Không cảm thấy thoải mái khi phải đi bộ đến các trạm,3,Có,Gần nhà,3,3,Nước sinh hoạt,3,3,3,4,Gia đình/họ hàng tôi sống ở đây,3,3,3,3,3,Không,Thích hợp,Không Được mời,Không tham gia,Không tham gia,Tôi không có đủ kiến thức,3,4,3,Thêm dịch vụ tiện ích,Có,C285,Walking discomfort,Experiential,2,3,,0,39,0,1,True,516.7441951643913,1702.0594141465867,26.0,213.0808890449568,1712.5949501688417,28.0,303.6633061194345,2.0,0.0,17368.08073698159,818.2659434838577,1.5835029229956683,322.09729976627005,1.511619841694543,322.09729976627005,1.511619841694543,188.7393798828125,214.2704315185547,4953.0,4953.0,0.1021365746855735,0.1301508843898773,0.028014313429594,13.527146084507809
2023-04-03 13:35:16.835,Nam,1979,Trường Thọ,TP. Thủ Đức ,Thủ Đức ,Đạo phật,Công nghệ thông tin,Trung học phổ thông,15-25 triệu/tháng,Xe máy cá nhân;,2,4,2,3,2,2,20-30 phút,Không cảm thấy thoải mái khi phải đi bộ đến các trạm,4,Không,Gần nhà,4,3,Nước sinh hoạt,2,2,4,4,An ninh và An toàn,4,2,4,4,4,Có,Có điều kiện tham gia,Không Có điều kiện tham gia,Tham gia vào phát triển khu vực nơi tôi sinh sống,Tham gia vào phát triển khu vực nơi tôi sinh sống,Ý kiến của tôi không được lắng nghe,4,4,5,"Thêm trung tâm thương mại, Thêm dịch vụ tiện ích, Thêm sân chơi cộng đồng (công viên, sân chơi thể thao,hồ bơi..)",Có,C286,Walking discomfort,Experiential,3,3,3.0,0,44,0,1,True,993.3534478720768,1090.836131217641,5.0,134.6055487323437,1102.7696377562793,5.0,858.7478991397331,0.0,0.0,17358.90908926078,1640.7691104130904,1.6517475365167176,481.7626702329119,3.579069917770422,481.7626702329119,3.579069917770422,227.64447021484372,258.4382629394531,4639.0,4639.0,0.1380113065242767,0.1532646119594574,0.0152532979846,13.52714287131471
2023-04-03 13:39:50.003,Nữ,2001,Trường Thọ,TP. Thủ Đức ,Thủ Đức ,Thiên Chúa Giáo,Sinh viên/ học sinh,Đại học,15-25 triệu/tháng,Xe máy cá nhân;,2,2,3,2,2,2,10-20 phút,Số lượng điểm dừng và tần suất các chuyến chưa đủ,3,Không,Gần nhà,3,3,Nước sinh hoạt,4,4,4,4,Gia đình/họ hàng tôi sống ở đây,4,4,4,4,4,Có,Được mời,,Tham gia vào phát triển khu vực nơi tôi sinh sống,Tham gia vào phát triển khu vực nơi tôi sinh sống,Thiếu thông tin,4,3,4,"Thêm sân chơi cộng đồng (công viên, sân chơi thể thao,hồ bơi..)",Có,C287,Stop density / frequency,Infrastructure,3,6,2.0,1,22,0,1,True,235.51950682658844,1450.2242989759056,82.0,102.32451259820824,1453.108641416983,84.0,133.1949942283802,2.0,0.0,21312.770081972907,370.3195591833354,1.5723519642727488,132.7700923999293,1.297539455880625,132.7700923999293,1.297539455880625,180.9681854248047,205.447998046875,4992.0,4992.0,0.0536970980465412,0.0673278644680976,0.013630767352879,13.527136034771198
2023-04-03 13:44:07.303,Nam,1997,Trường Thọ,TP. Thủ Đức ,Thủ Đức ,Không có,Khác,Đại học,5-15 triệu/tháng,Khác,2,1,1,2,1,2,Khác:,Không cảm thấy thoải mái khi phải đi bộ đến các trạm,4,Có,Gần nhà,4,3,Nước sinh hoạt,4,3,3,4,Nơi này rất đáng sống,4,4,4,4,4,Không,Được mời,Không Bắt buộc,Tham gia vào phát triển khu vực nơi tôi sinh sống,Không tham gia,Thiếu thông tin,3,3,3,Thêm dịch vụ tiện ích,Không,C288,Walking discomfort,Experiential,2,6,,0,26,0,0,True,413.9652385300727,1723.1631089725315,73.0,153.42209526473988,1725.7485280276535,75.0,260.54314326533284,2.0,0.0,21342.401166796542,527.3178650425332,1.273821606169055,252.79261145340067,1.6476936455416702,252.79261145340067,1.6476936455416702,182.46710205078125,207.14968872070312,4758.0,4758.0,-0.0069900886155664,0.0618101544678211,0.0688002407550811,13.527143464498396
2023-04-03 13:52:41.460,Nam,2004,Trường Thọ,TP. Thủ Đức ,Thủ Đức ,Đạo phật,Sinh viên/ học sinh,Cao Đẳng,5-15 triệu/tháng,Khác,3,1,3,4,4,1,10-20 phút,Không cảm thấy thoải mái khi phải đi bộ đến các trạm,3,Không,Gần nhà,3,4,Nước sinh hoạt,2,3,4,4,Tôi có thể kiếm sống ở đây,4,4,4,4,4,Không,Thích tham gia,Không Thích tham gia,Tham gia tích cực,Tham gia tích cực,Thiếu thông tin,4,4,4,Thêm dịch vụ tiện ích,Có,C289,Walking discomfort,Experiential,2,5,2.0,0,19,0,0,True,483.55319296150094,1543.8135927995509,69.0,254.73386458330293,1551.3664153561135,71.0,228.819328378198,2.0,0.0,19953.462982484183,697.8398435186587,1.4431501098044006,493.08296582428034,1.9356788962114324,493.08296582428034,1.9356788962114324,173.1613006591797,196.58506774902344,4655.0,4655.0,0.1277165859937667,0.1336855739355087,0.0059689925983548,13.527137415043436
2023-04-03 13:56:21.868,Nam,2001,Trường Thọ,TP. Thủ Đức ,Thủ Đức ,Không có,Sinh viên/ học sinh,Trung học phổ thông,25-35 Triệu/tháng,Xe máy cá nhân;,3,3,3,3,3,3,10-20 phút,Số lượng điểm dừng và tần suất các chuyến chưa đủ,3,Có,Gần nơi làm việc,3,3,Nước sinh hoạt,3,3,3,4,Gia đình/họ hàng tôi sống ở đây,3,3,3,4,4,Không,Được mời,Không Bắt buộc,Tham gia tích cực,Tham gia tích cực,Thiếu thông tin,3,4,3,"Thêm các khu nhà ở, Thêm sân chơi cộng đồng (công viên, sân chơi thể thao,hồ bơi..)",Có,C290,Stop density / frequency,Infrastructure,4,3,2.0,0,22,0,1,True,435.5517572214988,1732.499958793558,70.0,203.3776638003333,1740.266895426638,71.0,232.17409342116545,1.0,0.0,20208.89020416334,585.5728656468372,1.344439222062524,236.98724195597669,1.165256978212906,236.98724195597669,1.165256978212906,222.16180419921875,252.2139434814453,5619.0,5619.0,0.2206504940986633,0.2608607709407806,0.0402102880179882,13.527140450875148
2023-04-03 14:00:01.813,Nam,1997,Trường Thọ,TP. Thủ Đức ,Thủ Đức ,Không có,Nhân viên văn phòng (admin/kế toán/quản lý chung),Đại học,5-15 triệu/tháng,Xe máy cá nhân;,3,4,3,2,2,2,<10 phút,Thói quen sử dụng xe máy để di chuyển,4,Không,Gần nơi làm việc,4,4,Nước sinh hoạt,1,3,4,4,Tôi có thể kiếm sống ở đây,4,4,4,4,4,Có,Thích tham gia,Không Có điều kiện tham gia,Tham gia vào phát triển khu vực nơi tôi sinh sống,Tham gia vào phát triển khu vực nơi tôi sinh sống,Thiếu thông tin,4,4,4,"Thêm sân chơi cộng đồng (công viên, sân chơi thể thao,hồ bơi..)",Có,C291,Motorcycle habit,Behavioural,2,6,1.0,0,26,0,1,True,219.7136703007245,1393.4613711781876,85.0,166.0656369576506,1397.074133163383,88.0,53.64803334307391,3.0,0.0,21505.132682681306,266.8258892647592,1.2144255243633757,309.9318293484434,1.8663212632453328,309.9318293484434,1.8663212632453328,171.23410034179688,194.39718627929688,4591.0,4591.0,-0.0486891381442546,-0.0344444438815116,0.0142446942627429,13.527145522570937
2023-04-03 14:46:09.702,Nam,1995,Phước Long A,TP. Thủ Đức ,TP. Thủ Đức(Tp Thủ Đức),Đạo phật,Nhân viên văn phòng (admin/kế toán/quản lý chung),Trung cấp nghề,5-15 triệu/tháng,Xe điện 2 bánh cá nhân;,4,4,3,3,3,3,10-20 phút,Thiếu cơ sở hạ tầng giữ xe cá nhân tại các trạm giao thông công cộng,3,Không,Gần nhà,3,2,Nước sinh hoạt,2,4,5,5,"Tôi có thể kiếm sống ở đây, Nơi này rất đáng sống, Nơi tôi làm việc",3,4,4,3,3,Có,Có tham gia để phát triển cộng đồng vào lúc rảnh,Không Được mời,Tham gia vào phát triển khu vực nơi tôi sinh sống,Tham gia vào phát triển khu vực nơi tôi sinh sống,Thiếu thông tin,3,4,4,"Thêm dịch vụ tiện ích, Thêm các khu nhà ở, Thêm nơi làm việc, Thêm đèn đường",Có,C292,No parking at stops,Infrastructure,2,4,2.0,0,28,0,0,True,821.579406652729,507.3121517772775,22.0,286.34121406707914,480.7840507080049,29.0,535.2381925856498,7.0,1.0,25908.1682045881,1194.7988018315823,1.4542706306374211,392.7574684654201,1.371641416500426,392.7574684654201,1.371641416500426,152.6278839111328,171.06784057617188,5069.0,5069.0,0.1118279546499252,0.1374646127223968,0.0256366543471813,12.081643401264529
2023-04-03 15:01:18.283,Nữ,1986,Phước Long A,TP. Thủ Đức ,TP. Thủ Đức,Không có,Kinh doanh,Trung học phổ thông,5-15 triệu/tháng,Xe máy cá nhân;,3,4,1,1,4,1,Khác:,Không cảm thấy thoải mái khi phải đi bộ đến các trạm,3,Có,Gần nhà,4,4,Cả hai,2,4,4,4,"Gia đình/họ hàng tôi sống ở đây, An ninh và An toàn, Nơi làm việc của tôi ở đây",3,3,3,5,4,Có,Được mời,Có tham gia,Tham gia vào phát triển khu vực nơi tôi sinh sống,Không tham gia,Tôi không có đủ kiến thức,3,4,4,"Thêm đèn đường, sửa cống rãnh thoát nước,thêm đường để các xe tránh hốt công an vào h cao điểm đỡ gây ùn tắc giao thông",Có,C293,Walking discomfort,Experiential,2,3,,1,37,1,1,True,743.8327642911382,605.8236608563416,21.0,167.64579052236198,577.1115050956687,29.0,576.1869737687763,8.0,1.0,25889.507794244168,1092.9203473748316,1.4693092316474776,290.8790140086692,1.7350809292755212,290.8790140086692,1.7350809292755212,68.6739730834961,76.97091674804688,3724.0,3724.0,0.1410762518644333,0.1052346602082252,-0.0358415953814983,12.081642130218798
2023-04-03 15:14:52.567,Nữ,1982,Phước Long A,TP. Thủ Đức ,TP. Thủ Đức,Thiên Chúa Giáo,Thiết kế và giải trí,Trung học phổ thông,5-15 triệu/tháng,Xe điện 2 bánh cá nhân;,1,1,1,1,4,2,<10 phút,Có sử dụng phương tiện công cộng,5,Có,Gần nhà,4,4,Nước sinh hoạt,1,5,5,5,"Gia đình/họ hàng tôi sống ở đây, Tôi có thể kiếm sống ở đây, An ninh và An toàn",3,3,4,5,5,Có,Thích tham gia,Không Được mời,Tham gia vào phát triển khu vực nơi tôi sinh sống,Tham gia vào phát triển khu vực nơi tôi sinh sống,Thiếu thông tin,3,3,4,"Thêm dịch vụ tiện ích, Thêm các khu nhà ở, Thêm nơi làm việc, Thêm sân chơi cộng đồng (công viên, sân chơi thể thao,hồ bơi..)",Có,C294,Uses public transport,Not a barrier,2,3,1.0,1,41,0,0,True,778.5700438834969,597.8966068698454,21.0,135.4185561173134,567.8546842769299,29.0,643.1514877661834,8.0,1.0,25698.22928579224,1033.379925445486,1.3272793290260705,231.3385920793236,1.7083226901261184,231.3385920793236,1.7083226901261184,182.8797149658203,204.9745941162109,4606.0,4606.0,0.0750000029802322,0.0314722992479801,-0.0435277000069618,12.081645662297808
2023-04-03 15:22:20.056,Nam,1988,Phước Long A,TP. Thủ Đức ,TP. Thủ Đức,Thiên Chúa Giáo,Kĩ sư,Cao Đẳng,5-15 triệu/tháng,Xe điện 2 bánh cá nhân;,3,1,1,1,2,2,Khác:,Số lượng điểm dừng và tần suất các chuyến chưa đủ,4,Có,Gần nhà,4,5,Nước sinh hoạt,1,4,1,1,Gia đình/họ hàng tôi sống ở đây,3,3,5,5,4,Có,Thích tham gia,Không Được mời,Tham gia vào phát triển khu vực nơi tôi sinh sống,Tham gia vào phát triển khu vực nơi tôi sinh sống,Thiếu thông tin,3,4,3,"Thêm các khu nhà ở, Thêm nơi làm việc, Thêm sân chơi cộng đồng (công viên, sân chơi thể thao,hồ bơi..)",Có,C295,Stop density / frequency,Infrastructure,2,5,,0,35,0,0,True,662.9166300489015,665.0202145517776,21.0,239.1569426038336,638.9689998179865,30.0,423.7596874450679,9.0,1.0,25061.175180087917,931.465910825159,1.40510264579793,490.6933573711793,2.0517629638041446,490.6933573711793,2.0517629638041446,88.38912200927734,99.06797790527344,4169.0,4169.0,0.1119949743151664,0.0999897420406341,-0.0120052313432097,12.081640425023386
2023-04-03 15:35:20.821,Nữ,1963,Phước Long A,TP. Thủ Đức ,TP. Thủ Đức,Đạo phật,Nông nghiệp,Trung học phổ thông,5-15 triệu/tháng,Xe đạp;,1,1,1,1,3,2,<10 phút,Có sử dụng phương tiện công cộng,4,Có,Gần nhà,4,4,Nước sinh hoạt,4,4,4,4,Tôi có thể kiếm sống ở đây,3,3,4,4,4,Có,Thích tham gia,Không Có điều kiện tham gia,Không tham gia,Không tham gia,Tôi không có đủ kiến thức,4,1,3,"Thêm dịch vụ tiện ích, Thêm các khu nhà ở, Thêm nơi làm việc, Thêm sân chơi cộng đồng (công viên, sân chơi thể thao,hồ bơi..)",Có,C296,Uses public transport,Not a barrier,2,3,1.0,1,60,0,0,True,1143.789702243097,202.98400635999303,14.0,187.65112871340128,189.5497318145111,19.0,956.1385735296958,5.0,1.0,26394.420089448107,1579.112239714345,1.38059665742534,320.7941841992847,1.709524405202125,320.7941841992847,1.709524405202125,106.93157958984376,119.85067749023438,3265.0,3265.0,-0.096536174416542,-0.1086556166410446,-0.0121194412931799,12.081648798179415
2023-04-03 15:38:03.760,Nữ,1973,Phước Long A,TP. Thủ Đức,phước long a,Thiên Chúa Giáo,Kinh doanh,Trung học phổ thông,5-15 triệu/tháng,Xe máy cá nhân;,3,1,4,5,3,2,<10 phút,Thói quen sử dụng xe máy để di chuyển,1,Có,Gần nhà,2,2,Cả hai,1,1,5,5,"An ninh và An toàn, ",3,3,5,5,1,Không,,Không Được mời,Không tham gia,Tham gia vào phát triển khu vực nơi tôi sinh sống,Thiếu thông tin,4,4,3,"Thêm sân chơi cộng đồng (công viên, sân chơi thể thao,hồ bơi..)",Có,C297,Motorcycle habit,Behavioural,2,3,1.0,1,50,1,1,True,1210.1160228720644,156.63167884169036,14.0,150.46977612772386,152.56379855289484,19.0,1059.6462467443405,5.0,1.0,25970.32414261049,1599.5201474283783,1.3217907351000198,295.9490740561717,1.9668340159219757,295.9490740561717,1.9668340159219757,106.93157958984376,119.85067749023438,3265.0,3265.0,-0.052652258425951,-0.0666666701436042,-0.0140144070610404,12.081648798179415
2023-04-03 15:39:38.180,Nữ,1976,Phước Long A,TP. Thủ Đức,TP. Thủ Đức,Không có,Kinh doanh,Trung học phổ thông,5-15 triệu/tháng,Xe máy cá nhân;,3,1,1,4,4,2,Khác:,Có sử dụng phương tiện công cộng,5,Có,Gần nhà,4,5,Cả hai,1,4,4,5,"Gia đình/họ hàng tôi sống ở đây, Tôi có thể kiếm sống ở đây",3,3,4,4,4,Không,Có điều kiện tham gia,Không Bắt buộc,Không tham gia,Không tham gia,Thiếu thông tin,3,4,4,"Thêm dịch vụ tiện ích, Thêm các khu nhà ở, Thêm nơi làm việc",Có,C298,Uses public transport,Not a barrier,2,3,,1,47,1,1,True,1292.8721457510878,149.6213294949703,14.0,104.06765539342676,163.8244898024165,18.0,1188.804490357661,4.0,1.0,25770.47897507116,1693.0364721417466,1.3095157767191166,182.2899574036629,1.7516485474234764,182.2899574036629,1.7516485474234764,44.59012222290039,49.97734069824219,1317.0,1317.0,-0.0883190855383873,0.0017681232420727,0.0900872126221656,12.081640970643166
2023-04-03 15:47:02.513,Nữ,1975,Phước Long A,TP. Thủ Đức,TP. Thủ Đức,Đạo phật,Khác,Trung học phổ thông,5-15 triệu/tháng,Xe buýt,1,1,3,1,4,2,<10 phút,Số lượng điểm dừng và tần suất các chuyến chưa đủ,1,Có,Gần nhà,4,4,Nước sinh hoạt,3,3,4,5,"Gia đình/họ hàng tôi sống ở đây, Tôi có thể kiếm sống ở đây, An ninh và An toàn",3,4,4,5,4,Không,Không tham gia,Không Có điều kiện tham gia,Không tham gia,Không tham gia,Tôi không có đủ kiến thức,2,3,4,"Thêm dịch vụ tiện ích, Thêm sân chơi cộng đồng (công viên, sân chơi thể thao,hồ bơi..)",Có,C299,Stop density / frequency,Infrastructure,2,3,1.0,1,48,0,0,True,975.8253919207652,350.7925858943575,17.0,324.5036368362036,325.70712383688675,23.0,651.3217550845616,6.0,1.0,27203.083910084617,1336.7274693598777,1.3698428842159265,519.6882268511944,1.601486602486098,519.6882268511944,1.601486602486098,150.34901428222656,168.51365661621094,4694.0,4694.0,0.1247366219758987,0.1554726362228393,0.0307360161095857,12.08165043229798
2023-04-03 15:53:53.051,Nữ,1973,Phước Long A,TP. Thủ Đức,thủ đức,Thiên Chúa Giáo,Khác,Trung học phổ thông,5-15 triệu/tháng,Xe máy cá nhân;,3,1,1,1,3,1,<10 phút,Thói quen sử dụng xe máy để di chuyển,4,Có,Gần nhà,5,1,Nước sinh hoạt,4,4,4,4,khác khu vực,3,3,3,5,5,Không,,Không Được mời,Tham gia vào phát triển khu vực nơi tôi sinh sống,Tham gia vào phát triển khu vực nơi tôi sinh sống,Tôi không có đủ kiến thức,3,4,3,khác khu vực,Có,C300,Motorcycle habit,Behavioural,2,3,1.0,1,50,0,1,True,1075.1986268210885,254.42293284828943,15.0,231.47669845349725,232.979831043082,21.0,843.7219283675913,6.0,1.0,26349.364337417173,1481.0075315741583,1.377426918738612,416.0253330855297,1.797266575275211,416.0253330855297,1.797266575275211,156.15994262695312,175.02662658691406,4978.0,4978.0,-0.0361263491213321,-0.0672094076871872,-0.0310830604285001,12.081641195931484
2023-04-03 16:02:53.573,Nữ,1977,Phước Long A,TP. Thủ Đức,TP. Thủ Đức,Thiên Chúa Giáo,Khác,Cao Đẳng,5-15 triệu/tháng,Grab/ taxi,1,1,1,1,1,2,<10 phút,Không cảm thấy thoải mái khi phải đi bộ đến các trạm,4,Có,Gần nhà,2,4,Cả hai,2,4,4,4,Tôi có thể kiếm sống ở đây,4,4,4,4,4,Không,Không tham gia,Không Có điều kiện tham gia,Không tham gia,Không tham gia,"Rất bận, nhiều việc phải làm nên ít thời gian để tham gia hoạt động",3,4,4,Thêm dịch vụ tiện ích,Không,C301,Walking discomfort,Experiential,2,5,1.0,1,46,0,0,True,1082.3686562705725,248.92745548904028,15.0,226.87208550659795,228.43636481047847,21.0,855.4965707639745,6.0,1.0,26684.454433645933,1474.2485924315076,1.3620577276426344,409.2663939428789,1.803952183138796,409.2663939428789,1.803952183138796,156.15994262695312,175.02662658691406,4978.0,4978.0,-0.0361263491213321,-0.0672094076871872,-0.0310830604285001,12.081641195931484
2023-04-03 16:08:34.783,Nữ,1965,Phước Long A,TP. Thủ Đức,thủ đức,Đạo phật,Khác,Trung học phổ thông,5-15 triệu/tháng,Xe máy cá nhân;,3,1,4,2,2,2,<10 phút,Thói quen sử dụng xe máy để di chuyển,1,Có,Gần nhà,2,4,Cả hai,5,5,5,5,khu vực khác,3,3,5,5,1,Không,,Không Được mời,Không tham gia,Không tham gia,Tôi không có đủ kiến thức,2,2,2,khu vực khác,Có,C302,Motorcycle habit,Behavioural,2,3,1.0,1,58,0,1,True,764.7788063572381,580.4188812765027,21.0,190.60057122022047,551.9196245777421,27.0,574.1782351370176,6.0,1.0,25803.765121099637,1101.6099347700203,1.4404294753108575,299.56860140385794,1.571708833221363,299.56860140385794,1.571708833221363,68.6739730834961,76.97091674804688,3724.0,3724.0,0.0741482973098754,0.0913453325629234,0.0171970333904027,12.081642130218798
2023-04-03 17:01:30.809,Nữ,2005,Trường Thọ,TP. Thủ Đức,TP.Thủ Đức,Đạo phật,Khác,Trung học phổ thông,<5 triệu/tháng,Xe máy cá nhân;,3,2,3,3,1,1,10-20 phút,Thói quen sử dụng xe máy để di chuyển,3,Không,Gần nơi làm việc,4,4,Nước sinh hoạt,4,4,4,4,Tôi có thể kiếm sống ở đây,3,4,4,4,4,Không,,Không Thích tham gia,Tham gia vào phát triển khu vực nơi tôi sinh sống,Tham gia vào phát triển khu vực nơi tôi sinh sống,Thiếu thông tin,3,4,4,Thêm các khu nhà ở,Không,C303,Motorcycle habit,Behavioural,1,3,2.0,1,18,0,1,True,117.48148158392358,1841.361645910935,85.0,105.84663084677275,1838.9230078967505,87.0,11.634850737150812,2.0,0.0,24399.172685759542,253.19478970437888,2.1551889394883714,170.5525194632014,1.6113174136841362,170.5525194632014,1.6113174136841362,186.60699462890625,211.84957885742188,4688.0,4688.0,0.1196153834462165,0.1594313532114029,0.039815966039896,13.527137221578425
2023-04-03 17:09:59.283,Nữ,1983,Trường Thọ,TP. Thủ Đức,TP.Thủ Đức ,Thiên Chúa Giáo,Khác,Trung học phổ thông,15-25 triệu/tháng,Xe máy cá nhân;,3,4,3,4,3,3,<10 phút,Thói quen sử dụng xe máy để di chuyển,1,Có,Gần nhà,4,4,Nước sinh hoạt,1,4,4,4,Gia đình/họ hàng tôi sống ở đây,4,4,1,1,4,Không,,Không Thích tham gia,Tham gia vào phát triển khu vực nơi tôi sinh sống,Tham gia vào phát triển khu vực nơi tôi sinh sống,Tôi không có đủ kiến thức,3,4,4,Thêm nơi làm việc,Không,C304,Motorcycle habit,Behavioural,3,3,1.0,1,40,0,1,True,213.47623624520168,1758.3502213726288,91.0,36.69026996123742,1755.0952751047805,93.0,176.78596628396426,2.0,0.0,24406.4458318174,232.70198113233843,1.0900603515655662,108.64530540947284,2.961147615546426,108.64530540947284,2.961147615546426,169.074951171875,191.94595336914065,3243.0,3243.0,0.1228273436427116,0.145550861954689,0.0227235201746225,13.52713813533257
2023-04-03 17:31:04.425,Nữ,1969,Trường Thọ,TP. Thủ Đức,TP.Thủ Đức,Đạo phật,Kinh doanh,Trung học phổ thông,5-15 triệu/tháng,Xe máy cá nhân;,3,4,3,1,3,1,<10 phút,Thói quen sử dụng xe máy để di chuyển,2,Không,Gần nhà,2,2,Nước sinh hoạt,4,4,4,4,Tôi có thể kiếm sống ở đây,4,3,4,4,4,Có,Thích tham gia,,Không tham gia,Không tham gia,Không có thời gian ,3,4,4,Ở đây có đầy đủ rồi ,Không,C305,Motorcycle habit,Behavioural,2,3,1.0,1,54,1,1,True,147.39315425393744,1807.1770186908843,81.0,138.77955962403374,1806.12684986909,84.0,8.613594629903702,3.0,0.0,23861.660454594225,195.3074305838677,1.3250780307434142,186.37699020269125,1.3429714772665602,186.37699020269125,1.3429714772665602,249.34315490722656,283.0721740722656,6195.0,6195.0,0.1483126133680343,0.1730808019638061,0.0247681867331266,13.52714863080507
2023-04-03 17:39:36.904,Nữ,1967,Trường Thọ,TP. Thủ Đức,TP.Thủ Đức ,Thiên Chúa Giáo,Khác,Trung học phổ thông,5-15 triệu/tháng,Xe máy cá nhân;,3,2,3,4,3,3,20-30 phút,Thói quen sử dụng xe máy để di chuyển,5,Không,Gần nhà,2,4,Nước sinh hoạt,1,5,4,4,Tôi có thể kiếm sống ở đây,4,4,4,4,4,Không,,Không Thích tham gia,Tham gia vào phát triển khu vực nơi tôi sinh sống,Tham gia vào phát triển khu vực nơi tôi sinh sống,Không có thời gian ,4,4,4,Thêm trung tâm thương mại,Không,C306,Motorcycle habit,Behavioural,2,3,3.0,1,56,0,1,True,113.61760247359462,1852.324263664228,85.0,102.33492281006669,1849.7742476690205,87.0,11.282679663527944,2.0,0.0,24107.797577322337,259.8170880546805,2.286767916221991,177.174817813503,1.731323119697261,177.174817813503,1.731323119697261,186.60699462890625,211.84957885742188,4688.0,4688.0,0.1789686530828476,0.1821830570697784,0.0032144088763743,13.527137221578425
2023-04-03 17:48:24.347,Nữ,1969,Trường Thọ,TP. Thủ Đức,Trường Thọ ,Đạo phật,Khác,Trung học phổ thông,5-15 triệu/tháng,Xe máy cá nhân;,1,4,2,3,1,3,<10 phút,Thói quen sử dụng xe máy để di chuyển,4,Không,Gần nhà,4,4,Nước sinh hoạt,1,4,4,4,Nơi này rất đáng sống,3,1,4,4,5,Có,Thích tham gia,,Tham gia vào phát triển khu vực nơi tôi sinh sống,Tham gia vào phát triển khu vực nơi tôi sinh sống,Ý kiến của tôi không được lắng nghe,3,4,4,Thêm dịch vụ tiện ích,Không,C307,Motorcycle habit,Behavioural,2,3,1.0,1,54,0,1,True,84.04025231202213,1995.1100099935445,71.0,76.15390283573633,1994.1127071737828,73.0,7.886349476285801,2.0,0.0,24716.385108739367,228.54693988781816,2.719493737825488,151.41661396412502,1.9882974913410552,151.41661396412502,1.9882974913410552,92.78154754638672,105.33223724365234,3550.0,3550.0,0.2124711275100708,0.2626546621322632,0.0501835383474826,13.527139856112909
2023-04-03 17:58:11.571,Nữ,1967,Trường Thọ,TP. Thủ Đức,TP.Thủ Đức ,Không có,Kinh doanh,Trung học cơ sở,5-15 triệu/tháng,Khác,4,1,3,1,1,1,<10 phút,Số lượng điểm dừng và tần suất các chuyến chưa đủ,4,Có,Gần nhà,4,4,Nước sinh hoạt,4,4,4,4,Gia đình/họ hàng tôi sống ở đây,4,4,4,4,4,Không,,Không có thời gian ,Tham gia vào phát triển khu vực nơi tôi sinh sống,Tham gia vào phát triển khu vực nơi tôi sinh sống,Không có thời gian ,4,4,4,"Thêm sân chơi cộng đồng (công viên, sân chơi thể thao,hồ bơi..)",Không,C308,Stop density / frequency,Infrastructure,2,2,1.0,1,56,1,0,True,217.14604913946283,1739.6503478631405,91.0,80.66169729831809,1736.9894590478436,94.0,136.48435184114476,3.0,0.0,24319.01252858426,310.75353085391833,1.4310807499626013,129.24681677497802,1.6023319754476948,129.24681677497802,1.6023319754476948,241.8530120849609,274.5688171386719,4956.0,4956.0,0.1543385535478592,0.1706698089838028,0.0163312591612339,13.527143934109098
2023-04-03 22:08:55.963,Nữ,1996,Trường Thọ,TP. Thủ Đức, ,Không có,Nhân viên văn phòng (admin/kế toán/quản lý chung),Đại học,5-15 triệu/tháng,Xe máy cá nhân;,4,2,3,3,3,3,10-20 phút,Thói quen sử dụng xe máy để di chuyển,2,Có,Gần nhà,3,4,Nước sinh hoạt,2,2,3,4,Gia đình/họ hàng tôi sống ở đây,4,4,3,3,3,Có,Bắt buộc tham gia,,Tham gia vào phát triển khu vực nơi tôi sinh sống,Tham gia vào phát triển khu vực nơi tôi sinh sống,Thiếu thông tin,3,4,4,"Thêm các khu nhà ở, Thêm nơi làm việc",Có,C309,Motorcycle habit,Behavioural,2,6,2.0,1,27,0,1,True,1004.7102499131016,1018.6404933347732,4.0,262.06899005612536,1030.9746561474594,4.0,742.6412598569764,0.0,0.0,16255.862240031753,1596.27816775394,1.5887945483705412,488.89380839875525,1.865515673159394,488.89380839875525,1.865515673159394,163.84210205078125,186.0052490234375,3903.0,3903.0,0.00373216252774,-0.0385515205562114,-0.042283684015274,13.527137832855074
2023-04-03 22:13:47.169,Nam,1977,Trường Thọ,TP. Thủ Đức,Thủ Đức,Đạo phật,Kinh doanh,Trung học phổ thông,5-15 triệu/tháng,Xe máy cá nhân;,3,2,4,3,1,2,<10 phút,Thói quen sử dụng xe máy để di chuyển,4,Không,Gần nhà,4,3,Cả hai,3,2,4,4,Tôi có thể kiếm sống ở đây,3,4,3,4,4,Không,,Không Thích tham gia,Không tham gia,Không tham gia,Ý kiến của tôi không được lắng nghe,2,4,4,Thêm dịch vụ tiện ích,Không,C310,Motorcycle habit,Behavioural,2,3,1.0,0,46,1,1,True,992.3847056041432,664.3435286195725,8.0,155.37591957539664,676.3728440247745,10.0,837.0087860287466,2.0,1.0,19337.261013969928,1262.2872480914891,1.2719737022982782,190.35513653488752,1.2251263712876506,190.35513653488752,1.2251263712876506,246.6442108154297,280.00811767578125,5844.0,5844.0,0.1222668439149856,0.0802217349410057,-0.0420451126992702,13.527139660017662
2023-04-04 01:22:01.848,Nữ,2000,Trường Thọ,TP. Thủ Đức ,Thủ Đức ,Không có,Kĩ sư,Đại học,5-15 triệu/tháng,Xe máy cá nhân;,2,3,3,3,4,2,<10 phút,Thói quen sử dụng xe máy để di chuyển,4,Có,Gần nhà,4,3,Nước sinh hoạt,3,3,4,4,"Chi phí bất động sản (Đất đai, Nhà cửa, vv)",4,3,4,4,4,Không,,Không Bắt buộc,Tham gia vào phát triển khu vực nơi tôi sinh sống,Tham gia vào phát triển khu vực nơi tôi sinh sống,Tôi không có đủ kiến thức,3,3,4,"Thêm sân chơi cộng đồng (công viên, sân chơi thể thao,hồ bơi..)",Không,C311,Motorcycle habit,Behavioural,2,6,1.0,1,23,0,1,True,567.4979560985739,1571.380254614089,16.0,156.10841672842656,1583.066680224979,18.0,411.38953937014736,2.0,0.0,18182.88554652205,802.3209966948986,1.4137865838507726,220.8073067512104,1.4144484415298184,220.8073067512104,1.4144484415298184,231.494384765625,262.8089599609375,5763.0,5763.0,0.0380390211939811,0.0572124160826206,0.0191733930259943,13.527142451864108
2023-04-04 01:27:42.615,Nam,1977,Trường Thọ,TP. Thủ Đức ,Thủ Đức ,Không có,Nhân viên văn phòng (admin/kế toán/quản lý chung),Đại học,15-25 triệu/tháng,Xe máy cá nhân;,3,2,2,3,2,3,<10 phút,Thói quen sử dụng xe máy để di chuyển,3,Có,Gần nhà,3,4,Nước sinh hoạt,4,4,3,4,Gia đình/họ hàng tôi sống ở đây,3,3,3,3,4,Không,,Không Thích tham gia,Không tham gia,Không tham gia,Tôi không được cho phép tham gia,3,4,4,"Thêm sân chơi cộng đồng (công viên, sân chơi thể thao,hồ bơi..)",Không,C312,Motorcycle habit,Behavioural,3,6,1.0,0,46,0,1,True,648.4238435384752,1490.3440383227965,14.0,135.23144118552452,1502.0886670775835,16.0,513.1924023529507,2.0,0.0,18197.40357092933,878.6829871409554,1.3551059170587354,164.01418570679056,1.2128406254413786,164.01418570679056,1.2128406254413786,162.83834838867188,184.86572265625,4256.0,4256.0,0.0879768207669258,0.1177277192473411,0.029750894755125,13.527141785423868
2023-04-04 01:32:02.541,Nam,1987,Trường Thọ,TP. Thủ Đức,Trưởng Thọ,Không có,Kinh doanh,Trung học cơ sở,5-15 triệu/tháng,Xe máy cá nhân;,3,1,3,2,3,1,<10 phút,Thói quen sử dụng xe máy để di chuyển,4,Có,Gần nhà,3,4,Nước sinh hoạt,4,4,3,4,"Gia đình/họ hàng tôi sống ở đây, Tôi có thể kiếm sống ở đây, An ninh và An toàn",4,4,4,4,4,Không,,Bận đi làm,Không tham gia,Không tham gia,Không thời gian,4,4,4,"Thêm sân chơi cộng đồng (công viên, sân chơi thể thao,hồ bơi..)",Không,C313,Motorcycle habit,Behavioural,2,2,1.0,0,36,1,1,True,489.8642618504669,454.3418528229152,33.0,241.2139087068308,458.8877184507536,38.0,248.65035314363607,5.0,1.0,22833.180240876165,767.9736503268917,1.5677274505101966,481.9182750028196,1.9978875910863776,481.9182750028196,1.9978875910863776,167.91506958007812,190.6291656494141,3868.0,3868.0,0.0642124190926551,0.1007513031363487,0.0365388803184032,13.52713376240699
2023-04-04 01:34:09.393,Nữ,1952,Linh Đông,TP. Thủ Đức,Thủ Đức ,Đạo phật,"Giáo viên, nghiên cứu sinh",Trung học phổ thông,5-15 triệu/tháng,Xe đạp;,2,1,3,1,3,1,>30 phút,Thiếu cơ sở hạ tầng giữ xe cá nhân tại các trạm giao thông công cộng,4,Có,Gần nơi làm việc,4,4,Nước sinh hoạt,2,3,5,5,"Gia đình/họ hàng tôi sống ở đây, An ninh và An toàn",4,3,5,3,3,Không,,Không Được mời,Không tham gia,Không tham gia,Lớn tuổi ,3,4,3,"Thêm sân chơi cộng đồng (công viên, sân chơi thể thao,hồ bơi..)",Không,C314,No parking at stops,Infrastructure,2,3,4.0,1,71,0,0,True,1068.873153399723,750.3865963181045,7.0,68.9896634221204,762.5758981301248,7.0,999.8834899776024,0.0,1.0,18458.207961350214,1422.8030448115871,1.3311243156272878,84.40826320550111,1.2234914481179653,84.40826320550111,1.2234914481179653,246.6442108154297,280.00811767578125,5844.0,5844.0,0.0911430418491363,0.114103227853775,0.0229601878672838,13.527139660017662
2023-04-04 01:37:20.715,Nữ,1974,Trường Thọ,TP. Thủ Đức,Thủ Đức,Đạo phật,Kinh doanh,Trung học cơ sở,5-15 triệu/tháng,Xe máy cá nhân;,3,1,1,1,1,1,<10 phút,Thiếu cơ sở hạ tầng giữ xe cá nhân tại các trạm giao thông công cộng,1,Không,Gần nhà,2,4,Nước sinh hoạt,1,5,5,3,"Gia đình/họ hàng tôi sống ở đây, An ninh và An toàn",4,5,4,5,4,Không,,Bận đi làm,Không tham gia,Không tham gia,Đi làm không có thời gian,4,4,4,"Thêm sân chơi cộng đồng (công viên, sân chơi thể thao,hồ bơi..)",Không,C315,No parking at stops,Infrastructure,2,2,1.0,1,49,1,1,True,1161.2599937805844,841.1098315928037,5.0,28.653678166556784,853.4174878556915,5.0,1132.6063156140276,0.0,1.0,18480.74391287937,1475.14760676054,1.2702991704364728,60.49848837091856,2.1113690193369146,60.49848837091856,2.1113690193369146,225.20425415039065,255.6679534912109,5310.0,5310.0,0.0581642501056194,0.0855263173580169,0.0273620653897523,13.527142040787895
2023-04-04 14:25:22.680,Nữ,1992,Trường Thọ,TP. Thủ Đức,Thủ Đức,Không có,Kinh doanh,Trung học cơ sở,5-15 triệu/tháng,Xe máy cá nhân;,4,4,3,3,4,3,<10 phút,Thói quen sử dụng xe máy để di chuyển,4,Có,Gần nhà,3,3,Nước sinh hoạt,3,3,3,3,Tôi có thể kiếm sống ở đây,3,3,3,3,3,Không,,Không Có điều kiện tham gia,Không tham gia,Không tham gia,Tôi không có đủ kiến thức,3,3,3,Thêm dịch vụ tiện ích,Không,C316,Motorcycle habit,Behavioural,2,2,1.0,1,31,1,1,True,1085.3156756865794,758.2318726905486,7.0,52.64694200800929,770.4602130987269,7.0,1032.66873367857,0.0,1.0,18457.296291828323,1406.3621438077666,1.2958092979888922,67.96736220168071,1.2910030404299777,67.96736220168071,1.2910030404299777,225.20425415039065,255.6679534912109,5310.0,5310.0,0.0646823123097419,0.1687321215867996,0.1040498167276382,13.527142040787895
2023-04-04 14:29:28.913,Nữ,1973,Trường Thọ,TP. Thủ Đức,Thủ Đức,Không có,Kinh doanh,Trung học phổ thông,15-25 triệu/tháng,Xe máy cá nhân;,3,3,3,3,3,3,<10 phút,Thói quen sử dụng xe máy để di chuyển,3,Không,Gần nơi làm việc,2,3,Nước sinh hoạt,3,3,4,4,Tôi có thể kiếm sống ở đây,4,4,4,4,3,Không,,Không Có điều kiện tham gia,Tham gia vào phát triển khu vực nơi tôi sinh sống,Tham gia vào phát triển khu vực nơi tôi sinh sống,Tôi không có đủ kiến thức,3,3,3,"Thêm sân chơi cộng đồng (công viên, sân chơi thể thao,hồ bơi..)",Không,C317,Motorcycle habit,Behavioural,3,3,1.0,1,50,1,1,True,1001.5687012140352,665.7617659466405,8.0,147.77779849641382,677.8305549494713,10.0,853.7909027176213,2.0,1.0,19640.129460096603,1261.1079717217715,1.2591327686190077,189.17586016517004,1.2801372201370345,189.17586016517004,1.2801372201370345,246.6442108154297,280.00811767578125,5844.0,5844.0,0.1308139562606811,0.1448192298412323,0.0140052745118737,13.527139660017662
2023-04-04 14:34:48.655,Nam,1989,Trường Thọ,TP. Thủ Đức,Thủ Đức,Không có,Kinh doanh,Trung học phổ thông,5-15 triệu/tháng,Xe máy cá nhân;,3,4,4,3,3,2,<10 phút,Thói quen sử dụng xe máy để di chuyển,3,Có,Ở xa (vì lý do khác),3,4,Nước sinh hoạt,4,4,4,4,Tôi có thể kiếm sống ở đây,3,3,3,3,2,Không,,Không Có điều kiện tham gia,Tham gia vào phát triển khu vực nơi tôi sinh sống,Tham gia vào phát triển khu vực nơi tôi sinh sống,Thiếu thông tin,4,4,2,"Thêm sân chơi cộng đồng (công viên, sân chơi thể thao,hồ bơi..)",Không,C318,Motorcycle habit,Behavioural,2,3,1.0,0,34,1,1,True,925.653505113205,591.6940626106729,16.0,149.9587118892803,603.5074480661652,19.0,775.6947932239248,3.0,1.0,19724.07193862816,1227.3230267608965,1.3258989675740471,209.38172766034316,1.3962625113433684,209.38172766034316,1.3962625113433684,184.90286254882807,209.91493225097656,4523.0,4523.0,0.1108479425311088,0.0757504701614379,-0.0350974686443805,13.527140335939032
2023-04-04 15:45:30.736,Nam,2004,Trường Thọ,TP. Thủ Đức,TP.Thủ Đức ,Thiên Chúa Giáo,Kinh doanh,Trung học cơ sở,5-15 triệu/tháng,Xe máy cá nhân;,1,1,3,1,1,3,Khác:,Thói quen sử dụng xe máy để di chuyển,4,Có,Gần nhà,4,4,Nước sinh hoạt,4,4,4,4,Gia đình/họ hàng tôi sống ở đây,2,4,2,2,4,Có,Được mời,Đã tham gia ,Không tham gia,Không tham gia,Thiếu thông tin,2,4,4,Thêm dịch vụ tiện ích,Có,C319,Motorcycle habit,Behavioural,2,2,,0,19,1,1,True,170.9169794876252,1015.8605523092476,66.0,209.7159197181826,1019.5517719423406,70.0,-38.79894023055738,4.0,0.0,17554.45990629729,273.5743329456541,1.600627004793643,333.4902302187481,1.5901998792790462,333.4902302187481,1.5901998792790462,350.0609741210937,397.4142150878906,4890.0,4890.0,0.0955241248011589,0.0945970863103866,-0.0009270367445424,13.527140831875863
2023-04-04 15:51:46.069,Nam,2001,Trường Thọ,TP. Thủ Đức,TP.Thủ Đức ,Không có,Khác,Trung học phổ thông,5-15 triệu/tháng,Xe máy cá nhân;,2,1,1,1,2,1,10-20 phút,Thói quen sử dụng xe máy để di chuyển,4,Không,Gần nhà,4,4,Nước sinh hoạt,5,4,4,2,Tôi có thể kiếm sống ở đây,2,4,4,4,4,Không,Không tham gia ,Không Bắt buộc,Không tham gia,Không tham gia,Tôi không có đủ kiến thức,2,4,4,Thêm dịch vụ tiện ích,Có,C320,Motorcycle habit,Behavioural,2,3,2.0,0,22,0,1,True,134.87977302168474,1038.4380808087997,74.0,179.3269392577851,1041.680139641275,78.0,-44.44716623610037,4.0,0.0,17689.85853308319,207.1410466437449,1.5357458127575785,233.60579566467052,1.3026809950113452,233.60579566467052,1.3026809950113452,290.8222961425781,330.1622314453125,5674.0,5674.0,0.129186600446701,0.1156250014901161,-0.0135616026818752,13.527138676962936
2023-04-04 15:57:10.540,Nam,1966,Trường Thọ,TP. Thủ Đức,TP.Thủ Đức ,Không có,Kinh doanh,Trung học cơ sở,5-15 triệu/tháng,Xe máy cá nhân;,1,1,1,1,1,1,10-20 phút,Thói quen sử dụng xe máy để di chuyển,2,Không,Gần nhà,4,4,Nước sinh hoạt,4,4,4,4,Tôi có thể kiếm sống ở đây,2,4,4,4,4,Không,Không tham gia ,Không Được mời,Tham gia vào phát triển khu vực nơi tôi sinh sống,Không tham gia,Thiếu thông tin,4,4,4,"Thêm sân chơi cộng đồng (công viên, sân chơi thể thao,hồ bơi..)",Có,C321,Motorcycle habit,Behavioural,2,2,2.0,0,57,1,1,True,105.93075241654894,996.175978235384,88.0,116.80477863815612,1008.97966154194,94.0,-10.87402622160718,6.0,0.0,19096.023419970352,110.13800443625765,1.0397170030772993,139.22216352722592,1.191921813049409,139.22216352722592,1.191921813049409,302.6396789550781,343.57818603515625,4828.0,4828.0,0.1908862143754959,0.1827798336744308,-0.0081063825637102,13.527144630018846
2023-04-04 16:02:29.540,Nữ,1965,Trường Thọ,TP. Thủ Đức,TP.Thủ Đức ,Đạo phật,Khác,Trung học cơ sở,<5 triệu/tháng,Xe máy cá nhân;,2,1,1,1,1,2,<10 phút,Thói quen sử dụng xe máy để di chuyển,2,Không,Gần nhà,4,4,Nước sinh hoạt,2,4,4,4,Gia đình/họ hàng tôi sống ở đây,2,2,4,4,4,Không,Không tham gia,Không Có điều kiện tham gia,Không tham gia,Không tham gia,Thiếu thông tin,2,4,4,Thêm nơi làm việc,Có,C322,Motorcycle habit,Behavioural,1,2,1.0,1,58,0,1,True,105.46401799191908,1024.9932646580055,84.0,116.38339805803056,1038.1134734845275,90.0,-10.919380066111458,6.0,0.0,18717.84209230828,128.5055518356571,1.218477678761523,157.58971092662534,1.3540566228187347,157.58971092662534,1.3540566228187347,302.6396789550781,343.57818603515625,4828.0,4828.0,0.1478912830352783,0.1342388391494751,-0.0136524410918354,13.527144630018846
2023-04-04 16:07:53.523,Nam,1980,Trường Thọ,TP. Thủ Đức,TP.Thủ Đức ,Không có,Khác,Trung học cơ sở,5-15 triệu/tháng,Xe máy cá nhân;,1,1,1,1,1,1,10-20 phút,Thói quen sử dụng xe máy để di chuyển,2,Có,Gần nhà,2,4,Nước sinh hoạt,4,4,4,2,Gia đình/họ hàng tôi sống ở đây,2,4,4,4,4,Không,Không tham gia ,Không Có điều kiện tham gia,Tham gia vào phát triển khu vực nơi tôi sinh sống,Tham gia vào phát triển khu vực nơi tôi sinh sống,Thiếu thông tin,4,4,4,Thêm các khu nhà ở,Có,C323,Motorcycle habit,Behavioural,2,2,2.0,0,43,0,1,True,20.84268032747229,1030.490664003529,93.0,74.72407472473442,1040.7809545743753,97.0,-53.88139439726213,4.0,0.0,19735.259581207505,20.84649277610486,1.0001829154682922,104.95474123696576,1.40456394573762,104.95474123696576,1.40456394573762,136.2101593017578,154.635498046875,3561.0,3561.0,0.0235306993126869,0.0289415102452039,0.0054108104668557,13.52713985474313
2023-04-04 16:13:53.121,Nữ,1978,Trường Thọ,TP. Thủ Đức,Thủ Đức,Thiên Chúa Giáo,Khác,Trung học phổ thông,5-15 triệu/tháng,Xe máy cá nhân;,1,1,1,1,3,3,20-30 phút,Thói quen sử dụng xe máy để di chuyển,4,Có,Gần nhà,3,4,Nước sinh hoạt,3,4,4,4,Lấy chồng về đây,3,4,4,4,4,Không,Không tham gia ,Không Có điều kiện tham gia,Không tham gia,Không tham gia,Bận,4,4,4,"Thêm sân chơi cộng đồng (công viên, sân chơi thể thao,hồ bơi..)",Không,C324,Motorcycle habit,Behavioural,2,3,3.0,1,45,0,1,True,51.27459308792049,991.1466969005968,93.0,139.67535935863265,1002.61136714803,97.0,-88.40076627071215,4.0,0.0,19985.95858175296,71.20526525527592,1.3887046384391646,176.1500836897633,1.261139291129208,176.1500836897633,1.261139291129208,159.86727905273438,181.4927520751953,4106.0,4106.0,0.0408812165260314,0.0529399439692497,0.0120587283745408,13.527141482984447
2023-04-04 16:22:15.466,Nữ,1998,Trường Thọ,TP. Thủ Đức,TP.Thủ Đức ,Không có,Kinh doanh,Đại học,15-25 triệu/tháng,Xe máy cá nhân;,2,2,2,3,3,2,<10 phút,Thói quen sử dụng xe máy để di chuyển,2,Không,Gần nhà,4,2,Nước sinh hoạt,4,4,4,4,Gia đình/họ hàng tôi sống ở đây,2,4,4,4,4,Không,Không tham gia ,Không Bắt buộc,Không tham gia,Không tham gia,Bận,2,4,4,Thêm dịch vụ tiện ích,Không,C325,Motorcycle habit,Behavioural,3,6,1.0,1,25,1,1,True,85.58806581411825,1012.140619159372,81.0,96.51631443808662,1025.532202911586,87.0,-10.928248623968372,6.0,0.0,19203.197893636003,92.32114233275956,1.078668403761622,121.41875530509564,1.2580127620080588,121.41875530509564,1.2580127620080588,302.6396789550781,343.57818603515625,4828.0,4828.0,0.1141400709748268,0.0663786306977272,-0.0477614365518093,13.527144630018846
2023-04-04 16:32:10.544,Nữ,1986,Trường Thọ,TP. Thủ Đức,TP.Thủ Đức ,Không có,Khác,Trung học cơ sở,<5 triệu/tháng,Xe máy cá nhân;,1,2,1,1,1,2,Khác:,Thói quen sử dụng xe máy để di chuyển,4,Không,Gần nhà,4,2,Nước sinh hoạt,4,4,4,4,Gia đình/họ hàng tôi sống ở đây,2,4,4,4,4,Không,Không tham gia ,Không Bắt buộc,Tham gia vào phát triển khu vực nơi tôi sinh sống,Tham gia vào phát triển khu vực nơi tôi sinh sống,Thiếu thông tin,2,4,4,"Thêm sân chơi cộng đồng (công viên, sân chơi thể thao,hồ bơi..)",Có,C326,Motorcycle habit,Behavioural,1,2,,1,37,0,1,True,133.40302202314626,1041.7575346634862,75.0,185.5122937847688,1045.0606042915406,79.0,-52.109271761622495,4.0,0.0,17663.175178374597,206.5944243064548,1.5486487575267174,260.60136199589004,1.4047659951757137,260.60136199589004,1.4047659951757137,290.8222961425781,330.1622314453125,5674.0,5674.0,0.1336696147918701,0.1376146823167801,0.0039450698532164,13.527138676962936
2023-04-04 16:36:52.022,Nam,1996,Trường Thọ,TP. Thủ Đức,TP.Thủ Đức ,Không có,Làm cơ quan nhà nước,Trung học phổ thông,5-15 triệu/tháng,Xe máy cá nhân;,5,5,5,3,4,3,20-30 phút,Thói quen sử dụng xe máy để di chuyển,3,Không,Gần nhà,4,1,Cả hai,1,1,4,5,Tôi có thể kiếm sống ở đây,1,4,4,2,1,Không,,Không có thời gian ,Không tham gia,Không tham gia,Tôi không có đủ kiến thức,3,4,3,Thêm trung tâm thương mại,Không,C327,Motorcycle habit,Behavioural,2,3,3.0,0,27,0,1,True,209.9782354382464,1070.2151859229148,65.0,244.14046501730937,1075.006724744865,68.0,-34.162229579062966,3.0,0.0,17078.324924411067,570.4619416496149,2.7167670042516625,573.3505039102685,2.348445202927005,573.3505039102685,2.348445202927005,128.46572875976562,145.84347534179688,3654.0,3654.0,-0.0428201556205749,0.0283737014979124,0.0711938589811325,13.52714591650206
2023-04-04 16:37:19.534,Nam,1968,Trường Thọ,TP. Thủ Đức,TP.Thủ Đức,Không có,Khác,Trung học cơ sở,5-15 triệu/tháng,Xe máy cá nhân;,1,1,1,1,1,1,10-20 phút,Thói quen sử dụng xe máy để di chuyển,2,Không,Gần nhà,4,4,Nước sinh hoạt,4,4,4,4,Gia đình/họ hàng tôi sống ở đây,2,4,4,4,4,Không,Không tham gia ,Không Có điều kiện tham gia,Không tham gia,Không tham gia,Thiếu thông tin,2,4,4,"Thêm sân chơi cộng đồng (công viên, sân chơi thể thao,hồ bơi..)",Không,C328,Motorcycle habit,Behavioural,2,2,2.0,0,55,0,1,True,132.93803357961795,1055.08206297113,75.0,202.58189792608195,1058.6733897335278,79.0,-69.643864346464,4.0,0.0,18029.526561715706,225.0011831417386,1.6925267892350997,253.0617795961579,1.2491825883105063,253.0617795961579,1.2491825883105063,290.8222961425781,330.1622314453125,5674.0,5674.0,0.1396513730287552,0.1364985108375549,-0.0031528561376035,13.527138676962936
2023-04-04 16:42:39.515,Nam,1993,Trường Thọ,TP. Thủ Đức,TP.Thủ Đức ,Không có,Khác,Trung học phổ thông,5-15 triệu/tháng,Xe máy cá nhân;,1,1,1,1,1,1,10-20 phút,Thói quen sử dụng xe máy để di chuyển,2,Không,Gần nhà,4,4,Nước sinh hoạt,4,4,4,4,Tôi có thể kiếm sống ở đây,2,4,4,4,4,Không,Không tham gia ,Không Có điều kiện tham gia,Không tham gia,Không tham gia,Thiếu thông tin,2,4,4,Thêm dịch vụ tiện ích,Có,C329,Motorcycle habit,Behavioural,2,3,2.0,0,30,0,1,True,177.2555182423149,1020.8193561919412,66.0,229.7471169657456,1024.734381442209,71.0,-52.49159872343069,5.0,0.0,17458.18612235284,285.89262889655885,1.612884223472992,317.8743591009772,1.3835836692930992,317.8743591009772,1.3835836692930992,350.0609741210937,397.4142150878906,4890.0,4890.0,0.1129629611968994,0.1131788194179534,0.0002158561837859,13.527140831875863
2023-04-04 16:42:55.844,Nam,1976,Trường Thọ,TP. Thủ Đức,TP.Thủ Đức,Đạo phật,Khác,Trung học cơ sở,5-15 triệu/tháng,Khác,4,4,4,4,3,3,>30 phút,Thói quen sử dụng xe máy để di chuyển,4,Có,Gần nhà,4,4,Nước sinh hoạt,4,4,4,4,Gia đình/họ hàng tôi sống ở đây,4,4,4,4,4,Không,,Không có thời gian ,Không tham gia,Không tham gia,Ý kiến của tôi không được lắng nghe,3,4,4,"Thêm sân chơi cộng đồng (công viên, sân chơi thể thao,hồ bơi..)",Không,C330,Motorcycle habit,Behavioural,2,2,4.0,0,47,0,0,True,98.4287771807108,1875.9775685708685,86.0,74.99474279500207,1872.6404973596436,89.0,23.434034385708728,3.0,0.0,24616.795043766524,104.7328413082971,1.0640469617540034,112.14690309693316,1.4953968627305845,112.14690309693316,1.4953968627305845,197.5767822265625,224.3032684326172,4577.0,4577.0,0.1530259847640991,0.1855072528123855,0.0324812680482864,13.527139122757482
2023-04-04 16:51:17.552,Nam,1995,Trường Thọ,TP. Thủ Đức,TP.Thủ Đức ,Đạo phật,Khác,Cao Đẳng,5-15 triệu/tháng,Xe máy cá nhân;,3,1,3,1,3,1,20-30 phút,Thói quen sử dụng xe máy để di chuyển,4,Không,Gần nhà,4,4,Nước sinh hoạt,4,4,2,4,Gia đình/họ hàng tôi sống ở đây,2,4,4,4,4,Không,Không tham gia ,Bận,Không tham gia,Không tham gia,Bận,2,4,4,Thêm các khu nhà ở,Có,C331,Motorcycle habit,Behavioural,2,5,3.0,0,28,0,1,True,193.56111432892743,1185.904144825694,72.0,191.539217704742,1190.8957455866623,75.0,2.0218966241854446,3.0,0.0,18285.7029814638,336.9541613191854,1.7408153620493394,340.0370709794947,1.775286936295534,340.0370709794947,1.775286936295534,53.27868270874024,60.48576354980469,5658.0,5658.0,-0.0774693340063095,-0.0708281472325325,0.0066411904990673,13.527137824453286
2023-04-04 16:53:56.671,Nữ,1982,Trường Thọ,TP. Thủ Đức,TP.Thủ Đức ,Đạo phật,Khác,Trung học cơ sở,5-15 triệu/tháng,Xe máy cá nhân;,1,1,1,1,1,1,10-20 phút,Thói quen sử dụng xe máy để di chuyển,4,Không,Gần nhà,4,4,Nước sinh hoạt,4,4,4,4,Gia đình/họ hàng tôi sống ở đây,4,2,4,4,4,Không,,Không Được mời,Không tham gia,Không tham gia,Không có thời gian ,2,4,4,"Thêm sân chơi cộng đồng (công viên, sân chơi thể thao,hồ bơi..)",Không,C332,Motorcycle habit,Behavioural,2,2,2.0,1,41,0,1,True,56.98868118527154,1916.7843937614325,81.0,48.88960801581644,1914.450897570474,84.0,8.099073169455096,3.0,0.0,24481.7661234226,57.04994428710656,1.001075004730077,50.00204047172093,1.0227539655369011,50.00204047172093,1.0227539655369011,186.60699462890625,211.84957885742188,4688.0,4688.0,0.3071065843105316,0.2328869998455047,-0.074219599366188,13.527137221578425
2023-04-04 16:56:24.941,Nam,1991,Trường Thọ,TP. Thủ Đức,2,Đạo phật,Khác,Trung học phổ thông,5-15 triệu/tháng,Xe máy cá nhân;,3,1,4,1,3,3,10-20 phút,Thói quen sử dụng xe máy để di chuyển,2,Không,Gần nhà,4,4,Nước sinh hoạt,4,4,4,4,Tôi có thể kiếm sống ở đây,2,4,4,4,4,Không,Không tham gia ,Bận,Không tham gia,Không tham gia,Bận,2,4,4,Thêm dịch vụ tiện ích,Có,C333,Motorcycle habit,Behavioural,2,3,2.0,0,32,0,1,True,314.5205384745615,1575.93960372429,83.0,4.489185499560849,1577.9527907174772,86.0,310.03135297500063,3.0,0.0,21390.737255749984,397.13286854877447,1.2626611618906876,37.600201829354106,8.375729145750897,37.600201829354106,8.375729145750897,165.5373077392578,187.9297637939453,4505.0,4505.0,0.1114557906985282,0.1373786479234695,0.0259228460490703,13.527135580795148
2023-04-04 17:01:51.220,Nam,1994,Trường Thọ,TP. Thủ Đức,TP.Thủ Đức ,Không có,Khác,Trung học phổ thông,5-15 triệu/tháng,Xe máy cá nhân;,3,1,2,1,1,2,10-20 phút,Thói quen sử dụng xe máy để di chuyển,2,Không,Gần nhà,4,4,Nước sinh hoạt,4,4,4,4,Tôi có thể kiếm sống ở đây,2,4,4,4,4,Không,Không tham gia ,Không Thích tham gia,Không tham gia,Không tham gia,Thiếu thông tin,2,4,4,Thêm nơi làm việc,Không,C334,Motorcycle habit,Behavioural,2,3,2.0,0,29,0,1,True,197.7423175271392,1183.1758810643205,72.0,195.6206122440406,1188.1982070929214,75.0,2.121705283098578,3.0,0.0,18253.382072630324,341.02445630730443,1.7245901664953454,344.1073659676137,1.759054743875011,344.1073659676137,1.759054743875011,53.27868270874024,60.48576354980469,5658.0,5658.0,-0.0774693340063095,-0.0708281472325325,0.0066411904990673,13.527137824453286
2023-04-04 17:06:03.614,Nữ,1984,Trường Thọ,TP. Thủ Đức,TP Thủ Đức ,Thiên Chúa Giáo,Đang kiếm việc làm,Trung học phổ thông,<5 triệu/tháng,Xe điện 2 bánh cá nhân;,4,3,3,4,1,3,<10 phút,Thói quen sử dụng xe máy để di chuyển,4,Có,Gần nhà,4,4,Nước sinh hoạt,1,4,4,4,Tôi có thể kiếm sống ở đây,4,1,4,4,4,Không,Có điều kiện tham gia,,Tham gia vào phát triển khu vực nơi tôi sinh sống,Tham gia vào phát triển khu vực nơi tôi sinh sống,Thiếu thông tin,4,4,4,Thêm trung tâm thương mại,Không,C335,Motorcycle habit,Behavioural,1,3,1.0,1,39,0,0,True,70.10458416558465,1892.9751951618855,81.0,59.51465206012542,1890.6570286580877,84.0,10.589932105459232,3.0,0.0,24507.650093005377,133.47085428105322,1.9038819767591744,119.06880728279228,2.000663755246381,119.06880728279228,2.000663755246381,186.60699462890625,211.84957885742188,4688.0,4688.0,0.1499580591917038,0.1483416855335235,-0.0016163665568456,13.527137221578425
2023-04-04 17:17:21.796,Nữ,1995,Trường Thọ,TP. Thủ Đức,TP.Thủ Đức ,Đạo phật,Kinh doanh,Trung học phổ thông,5-15 triệu/tháng,Xe máy cá nhân;,2,4,2,1,2,1,10-20 phút,Thói quen sử dụng xe máy để di chuyển,4,Không,Gần nhà,4,2,Nước sinh hoạt,4,4,4,4,Gia đình/họ hàng tôi sống ở đây,2,4,4,4,4,Có,Được mời,Đã tham gia,Không tham gia,Không tham gia,Thiếu thông tin,2,4,4,"Thêm sân chơi cộng đồng (công viên, sân chơi thể thao,hồ bơi..)",Không,C336,Motorcycle habit,Behavioural,2,3,2.0,1,28,1,1,True,254.72082840059412,1734.3964701040422,97.0,38.7735970316631,1730.232485767926,99.0,215.94723136893103,2.0,0.0,24316.428833405116,287.191972013828,1.1274773791256958,55.58968227324885,1.4336993864111571,55.58968227324885,1.4336993864111571,169.074951171875,191.94595336914065,3243.0,3243.0,0.0478165410459041,0.0485634393990039,0.0007468969561159,13.52713813533257
2023-04-04 17:25:04.283,Nữ,1989,Trường Thọ,TP. Thủ Đức,TP.Thủ Đức ,Đạo phật,Khác,Trung học phổ thông,5-15 triệu/tháng,Xe máy cá nhân;,2,2,1,1,2,2,10-20 phút,Thói quen sử dụng xe máy để di chuyển,4,Không,Gần nhà,4,2,Nước sinh hoạt,4,4,4,4,Gia đình/họ hàng tôi sống ở đây,2,4,4,4,4,Không,Không tham gia,Không Thích tham gia,Không tham gia,Không tham gia,Thiếu thông tin,2,4,4,Thêm dịch vụ tiện ích,Không,C337,Motorcycle habit,Behavioural,2,3,2.0,1,34,0,1,True,259.39140153976643,1835.4944120933883,77.0,238.94684473959347,1836.5701200024691,78.0,20.44455680017296,1.0,0.0,23105.082539227617,367.1889219237585,1.4155786188134922,386.26817606511577,1.6165443677905622,386.26817606511577,1.6165443677905622,203.0594482421875,230.527587890625,5494.0,5494.0,0.1404091268777847,0.1568832248449325,0.0164740998297929,13.527141872106563
2023-04-04 17:31:17.075,Nữ,1970,Trường Thọ,TP. Thủ Đức,TP.Thủ Đức ,Đạo phật,Khác,Trung học phổ thông,5-15 triệu/tháng,Xe máy cá nhân;,2,2,2,1,3,1,Khác:,Thói quen sử dụng xe máy để di chuyển,2,Không,Gần nhà,2,2,Nước sinh hoạt,4,4,4,4,Gia đình/họ hàng tôi sống ở đây,2,4,4,4,4,Không,Không tham gia ,Bận,Không tham gia,Không tham gia,Bận,3,4,4,"Thêm sân chơi cộng đồng (công viên, sân chơi thể thao,hồ bơi..)",Không,C338,Motorcycle habit,Behavioural,2,3,,1,53,0,1,True,227.0438879484739,1840.0083404891432,78.0,225.2145888714213,1840.6783172730595,80.0,1.8292990770525817,2.0,0.0,24022.729235178405,334.0966100050032,1.4715067338911327,402.9916079690593,1.789367242985905,402.9916079690593,1.789367242985905,203.0594482421875,230.527587890625,5494.0,5494.0,0.1277717053890228,0.1382311582565307,0.0104594640433788,13.527141872106563
2023-04-04 17:36:45.543,Nữ,1957,Trường Thọ,TP. Thủ Đức,TP.Thủ Đức ,Đạo phật,Khác,Trung học phổ thông,<5 triệu/tháng,Xe đạp;,1,3,1,1,1,1,10-20 phút,Không cảm thấy thoải mái khi phải đi bộ đến các trạm,2,Có,Gần nhà,4,2,Nước sinh hoạt,4,4,4,4,Gia đình/họ hàng tôi sống ở đây,2,4,4,4,4,Không,Không tham gia ,Không Thích tham gia,Không tham gia,Không tham gia,Bận,2,4,4,Thêm dịch vụ tiện ích,Có,C339,Walking discomfort,Experiential,1,3,2.0,1,66,0,0,True,252.81702124885297,1678.5164862892896,88.0,224.9729281246725,1677.6430435471696,91.0,27.844093124180432,3.0,0.0,23067.260952388195,324.1405174317674,1.2821150879422365,317.077114317514,1.409401197560092,317.077114317514,1.409401197560092,178.2647705078125,202.3788909912109,4517.0,4517.0,0.1264061033725738,0.1353571414947509,0.0089510418474674,13.527137423006208
2023-04-04 17:44:49.300,Nữ,1967,Trường Thọ,TP. Thủ Đức,TP.Thủ Đức ,Đạo phật,Khác,Tiểu học,<5 triệu/tháng,Xe máy cá nhân;,1,1,1,1,1,1,<10 phút,Thói quen sử dụng xe máy để di chuyển,2,Có,Gần nhà,2,4,Nước sinh hoạt,4,4,2,2,Gia đình/họ hàng tôi sống ở đây,2,2,4,4,4,Không,Không tham gia,Không Thích tham gia,Không tham gia,Không tham gia,Bận,2,4,4,"Thêm sân chơi cộng đồng (công viên, sân chơi thể thao,hồ bơi..)",Có,C340,Motorcycle habit,Behavioural,1,1,1.0,1,56,0,1,True,189.9376999888124,1857.9194158786968,78.0,188.3433904513592,1858.1905857937647,80.0,1.5943095374531993,2.0,0.0,23978.3619180427,363.8319664206649,1.915533179785241,297.8268262166493,1.5812969358941478,297.8268262166493,1.5812969358941478,168.8875732421875,191.7332305908203,5051.0,5051.0,0.1698330491781234,0.1994142979383468,0.0295812487602233,13.527139333023497
2023-04-04 18:29:16.773,Nam,1990,Linh Tây,TP. Thủ Đức,TP.Thủ Đức ,Không có,Khác,Cao Đẳng,25-35 Triệu/tháng,Xe máy cá nhân;,2,1,3,1,3,1,>30 phút,Thói quen sử dụng xe máy để di chuyển,4,Có,Gần nhà,4,4,Nước sinh hoạt,5,2,4,4,Tôi có thể kiếm sống ở đây,3,2,4,4,4,Không,,Không có thời gian ,Không tham gia,Không tham gia,Tôi không có thời gian ,2,4,4,Thêm nơi làm việc,Không,C341,Motorcycle habit,Behavioural,4,5,4.0,0,33,0,1,True,288.8837429501096,2314.3372702908173,94.0,218.50805037548653,2298.8541065145278,95.0,70.37569257462306,1.0,0.0,20546.321913391148,424.8052938475016,1.470506057244162,478.9977722266953,2.1921287174709603,478.9977722266953,2.1921287174709603,197.60354614257807,224.3336639404297,4301.0,4301.0,0.1648437529802322,0.0395197607576847,-0.1253239959478378,13.527144790491166
2023-04-04 18:46:02.579,Nữ,1986,Trường Thọ,TP. Thủ Đức,TP.Thủ Đức ,Đạo phật,Khác,Trung học phổ thông,5-15 triệu/tháng,Xe máy cá nhân;,2,3,3,1,1,1,<10 phút,Thói quen sử dụng xe máy để di chuyển,4,Có,Gần nhà,4,4,Nước sinh hoạt,4,4,4,4,Tôi có thể kiếm sống ở đây,4,1,4,1,4,Không,,Không Thích tham gia,Không tham gia,Không tham gia,Tôi không có đủ kiến thức,3,4,4,"Thêm sân chơi cộng đồng (công viên, sân chơi thể thao,hồ bơi..)",Không,C342,Motorcycle habit,Behavioural,2,3,1.0,1,37,0,1,True,191.434606611519,1798.4353967056522,94.0,58.581932171196094,1794.4217869065913,97.0,132.85267444032291,3.0,0.0,24376.525891527028,240.69412658791703,1.2573177381473195,91.84677013508652,1.5678344283128014,91.84677013508652,1.5678344283128014,169.074951171875,191.94595336914065,3243.0,3243.0,0.1495275199413299,0.1463276147842407,-0.0031998958438634,13.52713813533257
2023-04-04 18:54:04.727,Nữ,2001,Trường Thọ,TP. Thủ Đức,TP.Thủ Đức ,Thiên Chúa Giáo,Khác,Trung học phổ thông,<5 triệu/tháng,Xe máy cá nhân;,4,1,3,1,3,1,10-20 phút,Thói quen sử dụng xe máy để di chuyển,4,Không,Gần nhà,3,4,Nước sinh hoạt,1,4,4,4,Tôi có thể kiếm sống ở đây,4,1,4,4,4,Có,Thích tham gia,,Tham gia vào phát triển khu vực nơi tôi sinh sống,Tham gia vào phát triển khu vực nơi tôi sinh sống,Tôi không có đủ kiến thức,3,4,4,Thêm nơi làm việc,Có,C343,Motorcycle habit,Behavioural,1,3,2.0,1,22,0,1,True,116.68847072225412,1846.8809376213155,85.0,105.25595472249812,1844.3573106532776,87.0,11.432515999756006,2.0,0.0,24132.34151297804,255.21998477523763,2.187191101190459,172.57771453406016,1.6396004861582645,172.57771453406016,1.6396004861582645,186.60699462890625,211.84957885742188,4688.0,4688.0,0.1789686530828476,0.1821830570697784,0.0032144088763743,13.527137221578425
2023-04-04 19:02:44.239,Nam,1973,Trường Thọ,TP. Thủ Đức,TP.Thủ Đức ,Đạo phật,Khác,Trung học phổ thông,5-15 triệu/tháng,Xe máy cá nhân;,3,2,4,3,4,1,<10 phút,Thói quen sử dụng xe máy để di chuyển,4,Không,Gần nhà,2,4,Nước sinh hoạt,1,4,4,4,Gia đình/họ hàng tôi sống ở đây,4,4,4,4,4,Không,,Không Thích tham gia,Tham gia vào phát triển khu vực nơi tôi sinh sống,Tham gia vào phát triển khu vực nơi tôi sinh sống,Tôi không có đủ kiến thức,3,4,4,Thêm nơi làm việc,Không,C344,Motorcycle habit,Behavioural,2,3,1.0,0,50,0,1,True,203.3157940979205,1807.804221561395,79.0,198.73711785008408,1807.8908958229545,82.0,4.578676247836427,3.0,0.0,23387.25126326652,337.6578394344786,1.6607555794305708,330.5944363202251,1.6634760526697718,330.5944363202251,1.6634760526697718,212.67308044433597,241.4416656494141,5995.0,5995.0,0.1316942572593689,0.1355565190315246,0.0038622629363089,13.52713993937182
2023-04-04 19:09:48.789,Nữ,1999,Trường Thọ,TP. Thủ Đức,TP.Thủ Đức,Không có,Kinh doanh,Trung học phổ thông,5-15 triệu/tháng,Xe máy cá nhân;,3,3,3,2,3,2,10-20 phút,Số lượng điểm dừng và tần suất các chuyến chưa đủ,3,Không,Gần nhà,3,3,Cả hai,4,4,4,4,Gia đình/họ hàng tôi sống ở đây,3,4,4,4,3,Không,,Không Bắt buộc,Tham gia vào phát triển khu vực nơi tôi sinh sống,Tham gia vào phát triển khu vực nơi tôi sinh sống,Thiếu thông tin,3,3,3,"Thêm sân chơi cộng đồng (công viên, sân chơi thể thao,hồ bơi..)",Có,C345,Stop density / frequency,Infrastructure,2,3,2.0,1,24,1,1,True,243.78515627888297,1680.1478431747296,107.0,81.50488828430802,1675.8332110197173,109.0,162.28026799457496,2.0,0.0,23951.070403895283,270.16600118770594,1.1082134995891386,102.54109537714412,1.2580974900481663,102.54109537714412,1.2580974900481663,179.03207397460938,203.25,2824.0,2824.0,-0.0667558535933494,-0.0502540953457355,0.0165017582476139,13.52714376130461
2023-04-04 19:17:48.360,Nữ,1970,Trường Thọ,TP. Thủ Đức,TP.Thủ Đức,Đạo phật,Kinh doanh,Trung học phổ thông,5-15 triệu/tháng,Ô tô điện cá nhân;,4,4,3,5,4,3,10-20 phút,Thói quen sử dụng xe máy để di chuyển,2,Có,Gần nhà,4,2,Nước sinh hoạt,2,4,4,4,Gia đình/họ hàng tôi sống ở đây,4,3,4,4,4,Có,Thích tham gia,,Không tham gia,Không tham gia,Thiếu thông tin,3,4,4,Thêm nơi làm việc,Không,C346,Motorcycle habit,Behavioural,2,3,2.0,1,53,1,0,True,221.28142232779297,1760.1890414123343,93.0,18.38558035423256,1756.3540454015924,95.0,202.8958419735604,2.0,0.0,24313.330385552115,254.70453973635364,1.151043485968965,24.23433456780348,1.3181163771218392,24.23433456780348,1.3181163771218392,169.074951171875,191.94595336914065,3243.0,3243.0,0.0955444946885109,0.1106894388794899,0.0151449423283338,13.52713813533257
2023-04-04 19:26:25.951,Nữ,2005,Trường Thọ,TP. Thủ Đức,TP.Thủ Đức ,Đạo phật,Sinh viên/ học sinh,Trung học phổ thông,<5 triệu/tháng,Xe máy cá nhân;,3,4,3,1,3,1,<10 phút,Thói quen sử dụng xe máy để di chuyển,4,Không,Gần nhà,2,2,Nước sinh hoạt,4,4,4,4,Gia đình/họ hàng tôi sống ở đây,4,4,4,4,4,Có,Có điều kiện tham gia,,Tham gia vào phát triển khu vực nơi tôi sinh sống,Tham gia vào phát triển khu vực nơi tôi sinh sống,Tôi không có thời gian ,4,4,4,"Tôi không muốn thêm, vì ở đây có đầy đủ rồi ",Không,C347,Motorcycle habit,Behavioural,1,3,1.0,1,18,0,1,True,182.98533065056887,1844.4624912141555,78.0,180.2348886807051,1844.555930344304,80.0,2.750441969863772,2.0,0.0,23745.646221456376,357.2674304518528,1.952437548855188,278.8828243749288,1.5473298561466828,278.8828243749288,1.5473298561466828,168.8875732421875,191.7332305908203,5051.0,5051.0,-0.0125168496742844,0.0638463795185089,0.0763632282614708,13.527139333023497
2023-04-04 19:43:51.363,Nam,1977,Trường Thọ,TP. Thủ Đức,TP.Thủ Đức,Đạo phật,Khác,Trung học phổ thông,5-15 triệu/tháng,Xe máy cá nhân;,4,1,3,2,3,1,10-20 phút,Thói quen sử dụng xe máy để di chuyển,1,Không,Gần nơi làm việc,4,1,Nước sinh hoạt,1,1,1,1,Tôi có thể kiếm sống ở đây,1,4,4,1,1,Không,,Không Thích tham gia,Tham gia vào phát triển khu vực nơi tôi sinh sống,Tham gia vào phát triển khu vực nơi tôi sinh sống,Thiếu thông tin,1,1,1,Thêm trung tâm thương mại,Không,C348,Motorcycle habit,Behavioural,2,3,2.0,0,46,0,1,True,58.62727326157919,1949.6111884418128,87.0,12.469562570332563,1945.946174598418,90.0,46.15771069124663,3.0,0.0,25340.58439648315,131.30848247500907,2.2397166910551305,88.76301032491365,7.118374026695816,88.76301032491365,7.118374026695816,145.05203247070312,164.6734161376953,3803.0,3803.0,0.0916082337498664,0.1157894730567932,0.0241812411695718,13.527134596307857
2023-04-04 19:51:20.503,Nữ,1972,Trường Thọ,TP. Thủ Đức,TP.Thủ Đức ,Không có,Khác,Trung học phổ thông,5-15 triệu/tháng,Xe máy cá nhân;,3,3,2,2,4,2,Khác:,Thói quen sử dụng xe máy để di chuyển,3,Có,Ở xa (vì lý do khác),3,4,Nước sinh hoạt,3,4,3,4,Dịch vụ giao thông công cộng ở đây rất tốt,3,4,4,3,3,Có,Được mời,,Không tham gia,Không tham gia,Tôi không có thời gian ,3,4,4,Thêm dịch vụ tiện ích,Có,C349,Motorcycle habit,Behavioural,2,3,,1,51,0,1,True,86.5351949504189,1897.7810508397813,86.0,46.68784489572334,1894.208521600276,89.0,39.84735005469556,3.0,0.0,25456.46330400237,125.18228375321084,1.4466054398436976,110.85512470306782,2.374389414432412,110.85512470306782,2.374389414432412,197.5767822265625,224.3032684326172,4577.0,4577.0,0.1333800554275512,0.1346613615751266,0.0012813032371923,13.527139122757482
2023-04-04 20:01:21.002,Nữ,1957,Trường Thọ,TP. Thủ Đức,TP.Thủ Đức ,Đạo phật,Nghỉ hưu,Trung học cơ sở,<5 triệu/tháng,Xe máy cá nhân;,2,3,2,3,4,1,<10 phút,Thói quen sử dụng xe máy để di chuyển,1,Không,Gần nhà,1,4,Nước sinh hoạt,1,5,1,4,Gia đình/họ hàng tôi sống ở đây,1,1,4,1,1,Có,Thích tham gia,,Không tham gia,Không tham gia,Thiếu thông tin,3,1,4,Thêm trung tâm thương mại,Không,C350,Motorcycle habit,Behavioural,1,2,1.0,1,66,0,1,True,10.318169171152425,1980.622652771205,80.0,12.197892655423209,1977.6184593839268,83.0,-1.879723484270784,3.0,0.0,25454.09208102687,10.385715142244129,1.006546313592197,17.799761755559818,1.4592489258909822,17.799761755559818,1.4592489258909822,142.79917907714844,162.11582946777344,3684.0,3684.0,0.1099640950560569,0.1103888601064682,0.0004247632750775,13.527143864173771
2023-04-04 20:10:17.945,Nữ,1961,Trường Thọ,TP. Thủ Đức,TP.Thủ Đức ,Đạo phật,Nghỉ hưu,Trung học cơ sở,<5 triệu/tháng,Khác,2,3,3,1,2,1,<10 phút,Không cảm thấy thoải mái khi phải đi bộ đến các trạm,1,Không,Gần nhà,1,1,Nước sinh hoạt,4,4,1,1,Gia đình/họ hàng tôi sống ở đây,1,1,4,1,1,Không,,Không Thích tham gia,Không tham gia,Không tham gia,Thiếu thông tin,3,1,1,"Thêm nơi làm việc, Thêm sân chơi cộng đồng (công viên, sân chơi thể thao,hồ bơi..)",Không,C351,Walking discomfort,Experiential,1,2,1.0,1,62,0,0,True,49.279856240121774,1945.336090091216,80.0,42.17448023287764,1942.77235962667,83.0,7.105376007244132,3.0,0.0,25038.411830216133,163.8283636451079,3.3244488954439184,71.52317761438906,1.6958875893539116,71.52317761438906,1.6958875893539116,142.79917907714844,162.11582946777344,3684.0,3684.0,0.2179303765296936,0.2155930548906326,-0.0023373174481093,13.527143864173771
2023-04-04 20:12:28.484,Nữ,1955,Linh Tây,TP. Thủ Đức,TP.Thủ Đức ,Đạo phật,Khác,Trung học phổ thông,5-15 triệu/tháng,Xe máy cá nhân;,2,2,1,1,1,1,20-30 phút,Không cảm thấy thoải mái khi phải đi bộ đến các trạm,2,Không,Gần nhà,4,2,Nước sinh hoạt,4,4,4,4,Gia đình/họ hàng tôi sống ở đây,2,3,4,4,4,Không,Không tham gia ,Không Thích tham gia,Không tham gia,Không tham gia,Bận,2,4,4,Thêm trung tâm thương mại,Có,C352,Walking discomfort,Experiential,2,3,3.0,1,68,0,1,True,94.91035070837825,2084.392669795347,100.0,120.39698659669192,2076.1354819512744,103.0,-25.48663588831367,3.0,0.0,25182.138885362776,184.32376245462035,1.9420828295216603,272.604347141027,2.2642123764625617,272.604347141027,2.2642123764625617,192.01382446289065,217.98779296875,4661.0,4661.0,0.1165784299373626,0.1268323808908462,0.0102539490908384,13.527134610497386
2023-04-04 20:19:04.066,Nữ,1969,Trường Thọ,TP. Thủ Đức,TP.Thủ Đức ,Đạo phật,Khác,Trung học phổ thông,15-25 triệu/tháng,Xe máy cá nhân;,1,2,2,1,2,2,10-20 phút,Thói quen sử dụng xe máy để di chuyển,4,Không,Gần nhà,4,2,Nước sinh hoạt,4,4,4,4,Gia đình/họ hàng tôi sống ở đây,2,4,4,4,4,Không,Không tham gia ,Không Thích tham gia,Không tham gia,Không tham gia,Thiếu thông tin,2,4,4,Thêm dịch vụ tiện ích,Không,C353,Motorcycle habit,Behavioural,3,3,2.0,1,54,0,1,True,195.18790360988547,1655.308415332901,96.0,97.95090122294488,1652.1214027720216,98.0,97.2370023869406,2.0,0.0,23522.45055467964,384.87067419661867,1.971795726470042,134.17999804909357,1.3698699692786702,134.17999804909357,1.3698699692786702,174.5040740966797,198.1094970703125,3007.0,3007.0,-0.001569858752191,-0.0060489173047244,-0.0044790585525333,13.527147200331155
2023-04-04 20:22:58.985,Nam,1971,Trường Thọ,TP. Thủ Đức,TP.Thủ Đức ,Đạo phật,Khác,Trung học cơ sở,5-15 triệu/tháng,Xe máy cá nhân;,4,4,3,1,2,3,10-20 phút,Thói quen sử dụng xe máy để di chuyển,2,Không,Gần nhà,2,4,Nước sinh hoạt,4,4,2,4,Tôi có thể kiếm sống ở đây,2,4,4,4,4,Không,,Không Thích tham gia,Không tham gia,Không tham gia,Thiếu thông tin,4,4,4,Thêm nơi làm việc,Không,C354,Motorcycle habit,Behavioural,2,2,2.0,0,52,0,1,True,51.3740745443936,1969.893627089632,77.0,44.22713250191851,1967.430920187893,80.0,7.146942042475089,3.0,0.0,25150.353169647085,161.13353089958392,3.1364755925743144,68.82834486886506,1.556247058655213,68.82834486886506,1.556247058655213,142.79917907714844,162.11582946777344,3684.0,3684.0,0.1746107786893844,0.1642432659864425,-0.0103675108402967,13.527143864173771
2023-04-04 20:26:30.784,Nữ,1949,Trường Thọ,TP. Thủ Đức,TP.Thủ Đức ,Đạo phật,Kinh doanh,Trung học phổ thông,5-15 triệu/tháng,Xe máy cá nhân;,2,4,2,1,2,2,20-30 phút,Thói quen sử dụng xe máy để di chuyển,4,Không,Gần nhà,4,2,Nước sinh hoạt,4,4,4,4,Tôi có thể kiếm sống ở đây,2,4,4,4,4,Không,Không tham gia ,Không Thích tham gia,Không tham gia,Không tham gia,Thiếu thông tin,2,4,4,Thêm trung tâm thương mại,Không,C355,Motorcycle habit,Behavioural,2,3,3.0,1,74,1,1,True,122.31367181772345,1837.130229826412,86.0,110.67487421269546,1834.6634064731809,88.0,11.638797605027976,2.0,0.0,24484.47110856787,248.3649784258611,2.030557784218793,165.72270818468365,1.4973832982741593,165.72270818468365,1.4973832982741593,186.60699462890625,211.84957885742188,4688.0,4688.0,0.1196153834462165,0.1594313532114029,0.039815966039896,13.527137221578425
2023-04-04 20:48:44.877,Nam,1957,Trường Thọ,TP. Thủ Đức ,TP.Thủ Đức ,Đạo phật,Nghỉ hưu,Trung học cơ sở,<5 triệu/tháng,Khác,3,3,2,1,1,1,<10 phút,Không cảm thấy thoải mái khi phải đi bộ đến các trạm,4,Có,Gần nhà,1,4,Nước sinh hoạt,1,4,1,1,Gia đình/họ hàng tôi sống ở đây,4,4,1,4,4,Không,,Không Thích tham gia,Không tham gia,Không tham gia,Thiếu thông tin,3,4,1,Thêm trung tâm thương mại,Không,C356,Walking discomfort,Experiential,1,2,1.0,0,66,0,0,True,85.61580392521991,1984.8064171296296,71.0,82.84574708657419,1983.912376771697,73.0,2.770056838645715,2.0,0.0,24981.25935644192,136.5735433146636,1.5951908065238996,143.53610320055392,1.7325705693806832,143.53610320055392,1.7325705693806832,92.78154754638672,105.33223724365234,3550.0,3550.0,0.1799743771553039,0.1748551875352859,-0.005119199398905,13.527139856112909
2023-04-04 20:49:13.254,Nam,1992,Trường Thọ,TP. Thủ Đức,TP.Thủ Đức ,Đạo phật,Nhân viên văn phòng (admin/kế toán/quản lý chung),Đại học,25-35 Triệu/tháng,Xe máy cá nhân;,4,4,2,3,3,3,>30 phút,Thiếu cơ sở hạ tầng giữ xe cá nhân tại các trạm giao thông công cộng,4,Có,Gần nơi làm việc,5,4,Cả hai,3,3,3,2,Dịch vụ giao thông công cộng ở đây rất tốt,3,4,3,4,4,Có,Bắt buộc tham gia,Đãctham gia,Tham gia tích cực,Tham gia tích cực,Ý kiến của tôi không được lắng nghe,4,4,4,Thêm nơi làm việc,Có,C357,No parking at stops,Infrastructure,4,6,4.0,0,31,0,1,True,146.64933691711306,1824.4673946395008,87.0,108.44649220565498,1821.7006440328253,90.0,38.20284471145808,3.0,0.0,24478.36864504493,231.7732883380908,1.580459163406175,149.13101809691335,1.375157601355195,149.13101809691335,1.375157601355195,186.60699462890625,211.84957885742188,4688.0,4688.0,0.1776301711797714,0.1942402571439743,0.016610087826848,13.527137221578425
2023-04-04 20:58:52.472,Nữ,1983,Trường Thọ,TP. Thủ Đức,TP.Thủ Đức ,Đạo phật,Kinh doanh,Trung học phổ thông,5-15 triệu/tháng,Xe máy cá nhân;,4,3,2,2,3,2,<10 phút,Thói quen sử dụng xe máy để di chuyển,4,Có,Gần nhà,4,2,Nước sinh hoạt,4,2,4,4,Gia đình/họ hàng tôi sống ở đây,4,4,4,4,4,Không,,Bận kinh doanh ,Không tham gia,Không tham gia,Không có nhu cầu ,2,4,4,Hệ thống thoát nước tốt hơn ,Không,C358,Motorcycle habit,Behavioural,2,3,1.0,1,40,1,1,True,27.967391744629165,1989.875885454487,76.0,29.00074794511965,1987.1359288010565,79.0,-1.0333562004904842,3.0,0.0,25547.17584101551,33.19027557364619,1.1867490496327755,114.32738620831104,3.9422219876763713,114.32738620831104,3.9422219876763713,142.79917907714844,162.11582946777344,3684.0,3684.0,0.1008767262101173,0.1095999106764793,0.0087231798097491,13.527143864173771
2023-04-04 21:31:59.997,Nam,1974,Trường Thọ,TP. Thủ Đức,TP Thủ Đức ,Không có,Kinh doanh,Trung học cơ sở,5-15 triệu/tháng,Xe máy cá nhân;,4,4,1,1,1,1,<10 phút,Thói quen sử dụng xe máy để di chuyển,4,Có,Gần nhà,4,2,Nước sinh hoạt,4,4,4,4,Tôi có thể kiếm sống ở đây,4,3,4,4,4,Không,,Không Thích tham gia,Tham gia vào phát triển khu vực nơi tôi sinh sống,Tham gia vào phát triển khu vực nơi tôi sinh sống,Tôi không có đủ kiến thức,4,4,4,"Thêm sân chơi cộng đồng (công viên, sân chơi thể thao,hồ bơi..)",Không,C359,Motorcycle habit,Behavioural,2,2,1.0,0,49,1,1,True,143.94293435931004,1939.0884439459603,73.0,147.62703733167527,1939.0102374182225,74.0,-3.684102972365224,1.0,0.0,23147.65074726202,184.34036133352896,1.2806489054431731,245.15865538920957,1.6606623002154337,245.15865538920957,1.6606623002154337,149.3302001953125,169.53030395507812,4306.0,4306.0,0.1120078712701797,0.1059314012527465,-0.0060764737427234,13.527139006942624
2023-04-04 21:42:02.657,Nữ,1988,Trường Thọ,TP. Thủ Đức,TP.Thủ Đức ,Đạo phật,Kinh doanh,Trung học cơ sở,15-25 triệu/tháng,Xe máy cá nhân;,3,3,3,3,1,4,<10 phút,Thói quen sử dụng xe máy để di chuyển,2,Có,Gần nhà,2,2,Nước sinh hoạt,4,4,4,4,Gia đình/họ hàng tôi sống ở đây,2,4,4,4,4,Không,,Ko có thời gian ,Tham gia vào phát triển khu vực nơi tôi sinh sống,Tham gia vào phát triển khu vực nơi tôi sinh sống,Thiếu thông tin,4,4,4,Có đầy đủ rồi ,Không,C360,Motorcycle habit,Behavioural,3,2,1.0,1,35,1,1,True,60.56478193975814,1916.6311943806452,81.0,55.84676766725882,1913.8957757574533,84.0,4.7180142724993175,3.0,0.0,25055.153755687097,106.93072609843648,1.7655594996576898,97.3187124412374,1.7426024191959146,97.3187124412374,1.7426024191959146,197.5767822265625,224.3032684326172,4577.0,4577.0,0.2407894730567932,0.2185175716876983,-0.0222719050943851,13.527139122757482
2023-04-04 21:51:41.959,Nam,1984,Trường Thọ,TP. Thủ Đức,TP.Thủ Đức ,Không có,Khác,Trung học phổ thông,5-15 triệu/tháng,Xe máy cá nhân;,3,4,3,3,3,3,<10 phút,Thói quen sử dụng xe máy để di chuyển,4,Có,Gần nhà,4,2,Nước sinh hoạt,4,2,4,4,Gia đình/họ hàng tôi sống ở đây,4,4,4,4,4,Không,,Bận lái xe ,Không tham gia,Không tham gia,Không có nhu cầu ,2,4,4,Hệ thống thoát nước tốt hơn ,Không,C361,Motorcycle habit,Behavioural,2,3,1.0,0,39,0,1,True,32.49511250303665,1951.5257562700856,77.0,33.62210202070859,1949.416816059393,80.0,-1.1269895176719371,3.0,0.0,24614.267715439106,148.9186914755105,4.582802766465084,56.613505444791656,1.6838181446812028,56.613505444791656,1.6838181446812028,90.38148498535156,102.6075210571289,5095.0,5095.0,0.2302017360925674,0.2210280448198318,-0.0091736912727355,13.527146709039863
2023-04-04 22:00:10.301,Nữ,1966,Trường Thọ,TP. Thủ Đức,Nghỉ hưu,Đạo phật,Nghỉ hưu,Trung học phổ thông,5-15 triệu/tháng,Xe máy cá nhân;,3,1,3,1,3,1,Khác:,Thói quen sử dụng xe máy để di chuyển,4,Có,Gần nhà,4,4,Nước sinh hoạt,4,4,4,4,Gia đình/họ hàng tôi sống ở đây,4,4,2,4,2,Có,Do tự ý thức của mình,,Tham gia vào phát triển khu vực nơi tôi sinh sống,Tham gia vào phát triển khu vực nơi tôi sinh sống,Không có,4,4,4,Thêm trung tâm thương mại,Không,C362,Motorcycle habit,Behavioural,2,3,,1,57,0,1,True,56.68671157921736,769.1037633227483,60.0,66.58584925158586,767.3749130494255,68.0,-9.899137672368497,8.0,1.0,25132.310043490677,78.36436409872469,1.382411537300302,118.48996100230822,1.7795066419384322,118.48996100230822,1.7795066419384322,205.5844268798828,233.3941192626953,6000.0,6000.0,0.0818758681416511,0.0962534248828888,0.014377555809915,13.527139581959151
2023-04-04 22:08:38.562,Nữ,1987,Trường Thọ,TP. Thủ Đức,TP. Thủ Đức,Không có,Khác,Trung học phổ thông,5-15 triệu/tháng,Xe máy cá nhân;,4,3,3,3,3,2,Khác:,Thói quen sử dụng xe máy để di chuyển,4,Có,Gần nhà,2,2,Nước sinh hoạt,4,3,4,4,Gia đình/họ hàng tôi sống ở đây,3,3,4,4,3,Không,,Không Thích tham gia,Không tham gia,Không tham gia,Do chị không có tìm hiểu,3,4,4,Không ý kiến,Không,C363,Motorcycle habit,Behavioural,2,3,,1,36,0,1,True,155.61156167884033,701.8001426964736,49.0,158.37478836982837,701.2991610619251,56.0,-2.7632266909880343,7.0,1.0,23905.84427341525,202.9225743425684,1.304032760505104,243.048171246152,1.534639280329132,243.048171246152,1.534639280329132,235.66549682617188,267.5442810058594,4544.0,4544.0,0.126443475484848,0.1290436685085296,0.0026001885998994,13.527132570959871
2023-04-04 22:16:02.598,Nam,1980,Trường Thọ,TP. Thủ Đức,TP. Thủ Đức,Đạo phật,Kinh doanh,Tiểu học,5-15 triệu/tháng,Xe điện 2 bánh cá nhân;,4,3,4,4,1,1,Khác:,Thói quen sử dụng xe máy để di chuyển,2,Có,Gần nhà,2,2,Nước sinh hoạt,4,4,4,4,"Gia đình/họ hàng tôi sống ở đây, Tôi có thể kiếm sống ở đây",3,4,4,4,4,Không,,Không Có điều kiện tham gia,Tham gia vào phát triển khu vực nơi tôi sinh sống,Tham gia vào phát triển khu vực nơi tôi sinh sống,Bận,4,4,4,"Thêm sân chơi cộng đồng (công viên, sân chơi thể thao,hồ bơi..)",Không,C364,Motorcycle habit,Behavioural,2,1,,0,43,1,0,True,103.21834939716248,739.9669157667686,54.0,109.91755646749267,738.8392034684498,61.0,-6.699207070330189,7.0,1.0,24286.382575892207,159.11266071080027,1.5415152600296702,199.23825761438383,1.8126154184778216,199.23825761438383,1.8126154184778216,205.5844268798828,233.3941192626953,6000.0,6000.0,0.1614601612091064,0.1734122484922409,0.0119520928710699,13.527139581959151
2023-04-04 22:22:36.315,Nam,1993,Trường Thọ,TP. Thủ Đức,TP. Thủ Đức,Không có,Kinh doanh,Trung học phổ thông,5-15 triệu/tháng,Xe máy cá nhân;,3,4,4,4,3,3,Khác:,Thói quen sử dụng xe máy để di chuyển,4,Có,Gần nhà,2,4,Nước sinh hoạt,4,4,4,4,Gia đình/họ hàng tôi sống ở đây,4,4,2,4,4,Không,,Không Có điều kiện tham gia,Không tham gia,Không tham gia,Bận,3,4,3,"Thêm sân chơi cộng đồng (công viên, sân chơi thể thao,hồ bơi..)",Không,C365,Motorcycle habit,Behavioural,2,3,,0,30,1,1,True,105.6894180890165,747.440549758887,55.0,116.27247371373578,746.4608742203995,63.0,-10.58305562471928,8.0,1.0,24161.23021668737,154.36337062872482,1.4605376150213345,194.4889675323084,1.6727000064619124,194.4889675323084,1.6727000064619124,205.5844268798828,233.3941192626953,6000.0,6000.0,0.1424299031496048,0.1606991291046142,0.0182692278176546,13.527139581959151
2023-04-04 22:28:34.299,Nam,1970,Trường Thọ,TP. Thủ Đức,Nghỉ hưu,Đạo phật,Nghỉ hưu,Đại học,15-25 triệu/tháng,Xe máy cá nhân;,3,4,4,4,4,1,Khác:,Thói quen sử dụng xe máy để di chuyển,3,Có,Gần nhà,2,2,Nước sinh hoạt,4,4,4,4,Gia đình/họ hàng tôi sống ở đây,3,3,4,4,4,Không,,Không Thích tham gia,Không tham gia,Không tham gia,Bận,3,4,3,"Thêm sân chơi cộng đồng (công viên, sân chơi thể thao,hồ bơi..)",Có,C366,Motorcycle habit,Behavioural,3,6,,0,53,0,1,True,49.47246000138429,853.4614675923369,69.0,89.08752493034831,851.5485593065794,75.0,-39.61506492896402,6.0,1.0,25146.92428800497,67.7838329721596,1.3701326550218635,112.89302423038,1.2672147342587377,112.89302423038,1.2672147342587377,183.36378479003903,208.16766357421875,5146.0,5146.0,0.1608923822641372,0.1706209033727646,0.0097285099327564,13.527141585008948
2023-04-05 00:10:23.589,Nữ,1987,Trường Thọ,TP. Thủ Đức,ko,Đạo phật,Đang kiếm việc làm,Đại học,5-15 triệu/tháng,Xe máy cá nhân;,3,3,3,3,3,3,20-30 phút,Số lượng điểm dừng và tần suất các chuyến chưa đủ,3,Không,Gần nhà,3,3,Cả hai,3,3,3,3,Tôi có thể kiếm sống ở đây,3,3,2,2,3,Không,Có điều kiện tham gia,Không Thích tham gia,Không tham gia,Không tham gia,Thiếu thông tin,2,3,3,Thêm dịch vụ tiện ích,Không,C367,Stop density / frequency,Infrastructure,2,6,3.0,1,36,0,1,True,645.9186281076813,1493.6772101558047,24.0,266.8519212564491,1504.0363950917963,26.0,379.06670685123225,2.0,0.0,17352.988691083818,1236.1213651096723,1.9137416252122676,408.3150795524374,1.5301185677431937,408.3150795524374,1.5301185677431937,73.53644561767578,83.48382568359375,1782.0,1782.0,0.0689594075083732,0.0995957404375076,0.0306363329291343,13.52714287774461
2023-04-05 00:20:14.328,Nam,1979,Trường Thọ,TP. Thủ Đức,ko,Không có,Kĩ sư,Đại học,15-25 triệu/tháng,Ô tô cá nhân;,4,4,4,4,3,4,>30 phút,Thói quen sử dụng xe máy để di chuyển,2,Không,Ở xa (vì lý do khác),2,3,Cả hai,3,3,3,3,"Gia đình/họ hàng tôi sống ở đây, Tôi có thể kiếm sống ở đây",3,3,3,3,2,Không,Có điều kiện tham gia,Không Thích tham gia,Không tham gia,Không tham gia,Thiếu thông tin,3,2,3,Thêm dịch vụ tiện ích,Không,C368,Motorcycle habit,Behavioural,3,6,4.0,0,44,0,0,True,456.14428508833686,1753.0347584287726,35.0,269.13969923806025,1763.4298924398126,37.0,187.0045858502766,2.0,0.0,17365.341787324636,804.713628941463,1.7641646629106011,389.9998242617732,1.4490609351421226,389.9998242617732,1.4490609351421226,69.75344848632812,79.18910217285156,1955.0,1955.0,-0.2658312916755676,-0.1216652020812034,0.1441660970449447,13.527150114123536
2023-04-05 00:20:18.546,Nữ,1976,Linh Đông,TP. Thủ Đức,Linh Đông,Đạo phật,Kinh doanh,Trung học cơ sở,15-25 triệu/tháng,Khác,3,3,3,2,3,2,Khác:,Không cảm thấy thoải mái khi phải đi bộ đến các trạm,3,Có,Gần nhà,1,2,Cả hai,2,3,3,3,"Gia đình/họ hàng tôi sống ở đây, Tôi có thể kiếm sống ở đây",3,3,4,4,4,Có,Thích tham gia,,Không tham gia,Không tham gia,Tôi không có đủ kiến thức,3,3,4,Thêm trung tâm thương mại,Không,C369,Walking discomfort,Experiential,3,2,,1,47,1,0,True,58.71162813155853,2176.5993798084937,20.0,49.26230783977222,2188.398165251719,22.0,9.449320291786307,2.0,0.0,23521.224098858653,127.3624788610364,2.1692888259826137,115.9606585896937,2.353942875897344,115.9606585896937,2.353942875897344,244.0523223876953,277.06561279296875,5372.0,5372.0,0.0754285678267479,0.1142397448420524,0.0388111695647239,13.52713634612719
2023-04-05 00:24:26.740,Nam,1969,Linh Đông,TP. Thủ Đức,Không,Không có,Nhân viên văn phòng (admin/kế toán/quản lý chung),Trung học phổ thông,15-25 triệu/tháng,Xe máy cá nhân;,3,3,2,1,3,2,>30 phút,Không cảm thấy thoải mái khi phải đi bộ đến các trạm,3,Có,Gần nhà,3,3,Nước sinh hoạt,3,3,3,3,"Gia đình/họ hàng tôi sống ở đây, Chi phí bất động sản (Đất đai, Nhà cửa, vv)",4,4,3,2,4,Không,,Không Thích tham gia,Không tham gia,Không tham gia,Thiếu thông tin,3,4,3,"Thêm trung tâm thương mại, Thêm nơi làm việc",Không,C370,Walking discomfort,Experiential,3,3,4.0,0,54,0,1,True,4.203978880207722,2139.509117038259,20.0,10.559286018665263,2151.23534642767,22.0,-6.355307138457543,2.0,0.0,22865.032194612664,4.294976234485436,1.0216455307865908,25.956651983668884,2.4581824886442374,25.956651983668884,2.4581824886442374,244.0523223876953,277.06561279296875,5372.0,5372.0,0.1912679225206375,0.1698062717914581,-0.0214616488665342,13.52713634612719
2023-04-05 00:27:55.897,Nữ,1997,Linh Đông,TP. Thủ Đức,Quận 1,Đạo phật,Nhân viên văn phòng (admin/kế toán/quản lý chung),Đại học,15-25 triệu/tháng,Xe máy cá nhân;,2,3,2,2,3,3,20-30 phút,Thói quen sử dụng xe máy để di chuyển,3,Không,Gần nhà,3,2,Nước sinh hoạt,4,4,4,4,"Gia đình/họ hàng tôi sống ở đây, Chi phí bất động sản (Đất đai, Nhà cửa, vv)",3,2,2,3,3,Không,,Không Thích tham gia,Không tham gia,Không tham gia,Ý kiến của tôi không được lắng nghe,3,3,4,"Thêm dịch vụ tiện ích, Thêm nơi làm việc",Không,C371,Motorcycle habit,Behavioural,3,6,3.0,1,26,0,1,True,46.46334707919867,2145.5350639830885,20.0,18.9568439554385,2157.165453201454,22.0,27.50650312376017,2.0,0.0,22505.09905207812,65.08914102475903,1.4008706887562778,53.77082765636806,2.836486272860933,53.77082765636806,2.836486272860933,244.0523223876953,277.06561279296875,5372.0,5372.0,0.1064027920365333,0.1035344898700714,-0.00286830146797,13.52713634612719
2023-04-05 00:28:56.619,Nam,1990,Trường Thọ,TP. Thủ Đức,ko,Không có,Nhân viên văn phòng (admin/kế toán/quản lý chung),Đại học,5-15 triệu/tháng,Xe máy cá nhân;,3,4,4,3,4,4,20-30 phút,Thói quen sử dụng xe máy để di chuyển,3,Không,Gần nhà,2,2,Cả hai,3,3,3,3,Tôi có thể kiếm sống ở đây,3,1,2,3,3,Không,Bắt buộc tham gia,Không Thích tham gia,Không tham gia,Không tham gia,Tôi không có đủ kiến thức,3,3,2,Thêm các khu nhà ở,Không,C372,Motorcycle habit,Behavioural,2,6,3.0,0,33,0,1,True,647.810093443202,1501.5816250747848,16.0,132.19976211876826,1513.016577329353,18.0,515.6103313244338,2.0,0.0,17927.654262618125,968.9424639102104,1.4957199242761785,331.8201693625403,2.509990669003119,331.8201693625403,2.509990669003119,127.34153747558594,144.56719970703125,3089.0,3089.0,-0.1756040602922439,-0.0263459328562021,0.1492581218481063,13.52713542880526
2023-04-05 00:31:28.067,Nữ,1997,Linh Đông,TP. Thủ Đức,Quận 3,Khác,Nhân viên văn phòng (admin/kế toán/quản lý chung),Cao Đẳng,15-25 triệu/tháng,Xe máy cá nhân;,3,3,3,2,3,2,>30 phút,Thói quen sử dụng xe máy để di chuyển,3,Không,Gần nhà,2,2,Nước sinh hoạt,2,3,3,4,"Gia đình/họ hàng tôi sống ở đây, Chi phí bất động sản (Đất đai, Nhà cửa, vv)",3,3,2,2,4,Có,,Không Thích tham gia,Không tham gia,Không tham gia,Ý kiến của tôi không được lắng nghe,3,4,4,"Thêm trung tâm thương mại, Thêm dịch vụ tiện ích, Thêm sân chơi cộng đồng (công viên, sân chơi thể thao,hồ bơi..)",Không,C373,Motorcycle habit,Behavioural,3,5,4.0,1,26,0,1,True,30.320358697247585,2099.1954649429163,57.0,22.851594385267035,2108.274370643388,59.0,7.46876431198055,2.0,0.0,20715.444683934074,37.34428072960071,1.2316569570461822,35.213824438371375,1.5409788850914736,35.213824438371375,1.5409788850914736,121.53767395019533,137.97824096679688,3299.0,3299.0,0.0073145246133208,0.047557283192873,0.0402427613735199,13.52713646909082
2023-04-05 00:35:10.371,Nam,1989,Linh Đông,TP. Thủ Đức,Gò Vấp,Thiên Chúa Giáo,Công nghệ thông tin,Cao Đẳng,5-15 triệu/tháng,Xe máy cá nhân;,3,3,2,2,3,2,>30 phút,Thói quen sử dụng xe máy để di chuyển,4,Không,Ở xa (vì lý do khác),3,2,Nước sinh hoạt,3,3,4,5,"Chi phí bất động sản (Đất đai, Nhà cửa, vv)",4,2,3,3,3,Không,,Không Được mời,Không tham gia,Không tham gia,Tôi không có đủ kiến thức,1,4,5,"Thêm trung tâm thương mại, Thêm dịch vụ tiện ích",Không,C374,Motorcycle habit,Behavioural,2,5,4.0,0,34,0,1,True,126.54243261937852,2085.8458076702523,54.0,111.24309797509548,2095.418753831274,56.0,15.29933464428305,2.0,0.0,19758.362666044788,149.26409869965764,1.179557683616077,121.3069677355716,1.0904673633120965,121.3069677355716,1.0904673633120965,174.802978515625,198.4488067626953,4702.0,4702.0,0.2000713944435119,0.1885276585817337,-0.0115437367931008,13.527131201003362
2023-04-05 00:35:30.133,Nữ,1987,Trường Thọ,TP. Thủ Đức,ko,Đạo phật,Kinh doanh,Đại học,5-15 triệu/tháng,Xe máy cá nhân;,4,4,4,4,4,4,10-20 phút,Chất lượng xe buýt và thái độ phục vụ chưa tốt,3,Không,Gần nhà,3,3,Cả hai,3,3,3,3,Gia đình/họ hàng tôi sống ở đây,3,3,3,3,2,Không,Bắt buộc tham gia,Không Thích tham gia,Không tham gia,Không tham gia,Thiếu thông tin,3,3,3,Thêm dịch vụ tiện ích,Không,C375,Bus quality / staff,Service,2,6,2.0,1,36,1,1,True,649.7763442056593,1506.338537929187,17.0,118.55822955300394,1517.687288950175,19.0,531.2181146526553,2.0,0.0,17659.104617132587,1003.8243798555636,1.5448767699949468,366.7020853078936,3.0930124942862083,366.7020853078936,3.0930124942862083,127.34153747558594,144.56719970703125,3089.0,3089.0,-0.0447815097868442,-0.088690273463726,-0.0439087636768817,13.52713542880526
2023-04-05 00:38:17.495,Nam,1980,Linh Đông,TP. Thủ Đức,Không,Không có,Khác,Trung học cơ sở,15-25 triệu/tháng,Xe máy cá nhân;,1,3,3,1,3,3,Khác:,Thói quen sử dụng xe máy để di chuyển,4,Có,Ở xa (vì lý do khác),3,3,Nước sinh hoạt,4,3,3,5,"Gia đình/họ hàng tôi sống ở đây, Chi phí bất động sản (Đất đai, Nhà cửa, vv)",3,3,4,4,5,Có,Thích tham gia,,Không tham gia,Không tham gia,Tôi không có đủ kiến thức,3,4,4,Thêm dịch vụ tiện ích,Không,C376,Motorcycle habit,Behavioural,3,2,,0,43,0,1,True,133.630606350341,2098.0912747701022,54.0,117.2054890720183,2107.681537669744,56.0,16.425117278322702,2.0,0.0,19775.80941718956,159.8936776963848,1.196534851283916,151.34604902096046,1.291288063547639,151.34604902096046,1.291288063547639,174.802978515625,198.4488067626953,4702.0,4702.0,0.1939729154109954,0.2000765055418014,0.0061035947874188,13.527131201003362
2023-04-05 00:41:10.880,Nam,1977,Linh Đông,TP. Thủ Đức,Không,Đạo phật,Khác,Trung học cơ sở,15-25 triệu/tháng,Xe máy cá nhân;,2,3,3,3,3,2,Khác:,Thói quen sử dụng xe máy để di chuyển,4,Có,Ở xa (vì lý do khác),3,3,Nước sinh hoạt,4,3,4,5,"Chi phí bất động sản (Đất đai, Nhà cửa, vv)",4,3,4,4,3,Không,,Không Thích tham gia,Không tham gia,Không tham gia,Tôi không có đủ kiến thức,3,3,4,Thêm dịch vụ tiện ích,Không,C377,Motorcycle habit,Behavioural,3,2,,0,46,0,1,True,259.2624467111996,2092.47503294743,51.0,70.43743836308778,2102.52795781264,53.0,188.8250083481118,2.0,0.0,19605.59964201735,403.486523078921,1.5562860267548777,181.8722503451732,2.5820395314160374,181.8722503451732,2.5820395314160374,125.24037170410156,142.1818084716797,3381.0,3381.0,0.1626260876655578,0.1294792145490646,-0.0331468656659126,13.527137086118454
2023-04-05 00:41:15.335,Nữ,1979,Trường Thọ,TP. Thủ Đức,ko,Đạo phật,Nhân viên văn phòng (admin/kế toán/quản lý chung),Đại học,5-15 triệu/tháng,Xe máy cá nhân;,3,3,3,3,3,3,20-30 phút,Thói quen sử dụng xe máy để di chuyển,3,Không,Gần nhà,3,3,Cả hai,3,3,3,3,Gia đình/họ hàng tôi sống ở đây,3,3,3,3,3,Không,Bắt buộc tham gia,Không Thích tham gia,Không tham gia,Không tham gia,Thiếu thông tin,3,3,3,Thêm dịch vụ tiện ích,Không,C378,Motorcycle habit,Behavioural,2,6,3.0,1,44,0,1,True,612.1257801810801,1600.861227257789,18.0,90.57857358272096,1611.8092096884284,20.0,521.5472065983591,2.0,0.0,17582.967703376173,985.3106381079996,1.60965388161976,136.55682272916525,1.507606239840536,136.55682272916525,1.507606239840536,200.14190673828125,227.2153778076172,4685.0,4685.0,0.0487782061100006,0.0799999982118606,0.0312217958271503,13.527137574810354
2023-04-05 00:46:41.262,Nam,1970,Linh Đông,TP. Thủ Đức,Thủ Đức,Khác,Khác,Đại học,25-35 Triệu/tháng,Khác,3,3,3,3,3,2,Khác:,Thói quen sử dụng xe máy để di chuyển,3,Không,Ở xa (vì lý do khác),3,2,Nước sinh hoạt,3,3,3,3,"Chi phí bất động sản (Đất đai, Nhà cửa, vv)",3,3,3,4,4,Không,,Không Thích tham gia,Không tham gia,Không tham gia,Tôi không có đủ kiến thức,3,3,3,Thêm trung tâm thương mại,Không,C379,Motorcycle habit,Behavioural,4,6,,0,53,0,0,True,226.88793693283608,1914.4778153097,19.0,224.1738458239085,1926.263690613611,21.0,2.7140911089275903,2.0,0.0,20980.526448928915,316.49931175241784,1.394958744968926,253.682064239588,1.1316309594780232,253.682064239588,1.1316309594780232,151.34214782714844,171.8144073486328,4154.0,4154.0,0.1012849584221839,0.0962450355291366,-0.0050399242900311,13.527136898351834
2023-04-05 00:48:47.548,Nam,1997,Trường Thọ,TP. Thủ Đức,gò vấp,Không có,Thiết kế và giải trí,Đại học,15-25 triệu/tháng,Xe máy cá nhân;,3,3,3,3,3,3,10-20 phút,Thói quen sử dụng xe máy để di chuyển,3,Không,Gần nhà,3,3,Cả hai,3,3,3,3,"Gia đình/họ hàng tôi sống ở đây, Tôi có thể kiếm sống ở đây",3,3,3,3,3,Không,Bắt buộc tham gia,Không Thích tham gia,Không tham gia,Không tham gia,Thiếu thông tin,3,3,3,"Thêm dịch vụ tiện ích, Thêm nơi làm việc",Không,C380,Motorcycle habit,Behavioural,3,6,2.0,0,26,0,1,True,449.0413302612216,1689.7364955568526,17.0,172.57311938050012,1701.4356234532438,19.0,276.4682108807215,2.0,0.0,18300.37722818772,618.288872451595,1.3769086068133567,554.9373039213004,3.2156647913267395,554.9373039213004,3.2156647913267395,86.14346313476562,97.79621124267578,2089.0,2089.0,-0.2117553204298019,-0.128618061542511,0.0831372588872909,13.527141449700274
2023-04-05 00:49:29.772,Nữ,1991,Linh Đông,TP. Thủ Đức,Thủ Đức,Đạo phật,Kinh doanh,Đại học,15-25 triệu/tháng,Xe máy cá nhân;,3,3,2,2,3,2,Khác:,Thói quen sử dụng xe máy để di chuyển,3,Không,Ở xa (vì lý do khác),2,2,Nước sinh hoạt,3,3,4,4,"Chi phí bất động sản (Đất đai, Nhà cửa, vv)",4,4,3,3,4,Không,,Không Bắt buộc,Không tham gia,Không tham gia,Ý kiến của tôi không được lắng nghe,2,4,4,Thêm trung tâm thương mại,Không,C381,Motorcycle habit,Behavioural,3,6,,1,32,1,1,True,273.0615517392618,2071.2802127175864,51.0,46.73913647738299,2081.3894049728124,53.0,226.3224152618788,2.0,0.0,19019.09784584764,297.99851349123384,1.0913235920368003,73.93470948094028,1.5818586960141463,73.93470948094028,1.5818586960141463,125.24037170410156,142.1818084716797,3381.0,3381.0,0.2007575780153274,0.1397191286087036,-0.0610384531319141,13.527137086118454
2023-04-05 00:52:15.776,Nữ,1976,Linh Đông,TP. Thủ Đức,Thủ Đức,Thiên Chúa Giáo,Kinh doanh,Trung học phổ thông,25-35 Triệu/tháng,Xe máy cá nhân;,3,3,2,2,2,3,<10 phút,Thói quen sử dụng xe máy để di chuyển,3,Có,Gần nhà,2,2,Nước sinh hoạt,2,3,3,5,"Chi phí bất động sản (Đất đai, Nhà cửa, vv)",3,4,4,4,3,Không,,Không Bắt buộc,Không tham gia,Không tham gia,Ý kiến của tôi không được lắng nghe,1,5,5,"Thêm trung tâm thương mại, Thêm dịch vụ tiện ích, Thêm các khu nhà ở",Không,C382,Motorcycle habit,Behavioural,4,3,1.0,1,47,1,1,True,317.42615715868914,2060.811854374009,46.0,3.364176033568252,2071.074371545056,48.0,314.0619811251209,2.0,0.0,19565.686243449574,337.79615487465384,1.0641723980729831,16.860180958655604,5.0116821445792965,16.860180958655604,5.0116821445792965,125.24037170410156,142.1818084716797,3381.0,3381.0,0.0951477959752082,0.0788325443863868,-0.0163152553141117,13.527137086118454
2023-04-05 00:54:32.023,Nữ,1992,Trường Thọ,TP. Thủ Đức,ko,Đạo phật,Nhân viên văn phòng (admin/kế toán/quản lý chung),Cao Đẳng,5-15 triệu/tháng,Xe máy cá nhân;,4,4,4,4,3,3,20-30 phút,Thói quen sử dụng xe máy để di chuyển,3,Không,Gần nhà,3,3,Cả hai,3,3,3,3,"Gia đình/họ hàng tôi sống ở đây, Chi phí bất động sản (Đất đai, Nhà cửa, vv)",2,2,2,2,2,Không,Có điều kiện tham gia,Không Thích tham gia,Không tham gia,Không tham gia,Tôi không có đủ kiến thức,2,2,2,Thêm dịch vụ tiện ích,Không,C383,Motorcycle habit,Behavioural,2,5,3.0,1,31,0,1,True,540.888768355725,1613.69370405561,15.0,50.49030980167633,1625.1061958242703,17.0,490.3984585540487,2.0,0.0,17359.347238373433,850.7332383781015,1.572843231639452,80.98940970358716,1.6040584821465729,80.98940970358716,1.6040584821465729,215.32296752929688,244.4499969482422,5054.0,5054.0,0.058897241950035,0.0524606816470623,-0.0064365630969405,13.5271354250597
2023-04-05 00:57:12.141,Nam,2004,Linh Đông,TP. Thủ Đức,Thủ Đức,Không có,Sinh viên/ học sinh,Đại học,5-15 triệu/tháng,Xe máy cá nhân;,3,2,3,2,2,2,<10 phút,Thói quen sử dụng xe máy để di chuyển,3,Có,Gần nhà,3,4,Nước dành cho kinh doanh,4,4,4,4,"Chi phí bất động sản (Đất đai, Nhà cửa, vv)",3,2,4,4,4,Không,Bắt buộc tham gia,Không Thích tham gia,Tham gia vào phát triển khu vực nơi tôi sinh sống,Tham gia vào phát triển khu vực nơi tôi sinh sống,Tôi không có đủ kiến thức,3,4,4,Thêm trung tâm thương mại,Không,C384,Motorcycle habit,Behavioural,2,6,1.0,0,19,0,1,True,345.2156584518828,2586.517471478004,18.0,280.9341311561849,2598.210822263576,20.0,64.28152729569791,2.0,0.0,21782.31477135444,758.1359924147333,2.196122840471921,830.9738450286118,2.9578956519406794,830.9738450286118,2.9578956519406794,197.69723510742188,224.4400177001953,4462.0,4462.0,0.0666549280285835,0.1040869429707527,0.0374320149421691,13.527140416628654
2023-04-05 01:02:40.420,Nam,1999,Trường Thọ,TP. Thủ Đức,thủ đức,Không có,Sinh viên/ học sinh,Thạc sĩ,5-15 triệu/tháng,Xe máy cá nhân;,3,3,3,3,4,4,20-30 phút,Thói quen sử dụng xe máy để di chuyển,2,Không,Gần nhà,2,2,Cả hai,2,2,2,2,"Gia đình/họ hàng tôi sống ở đây, Tôi có thể kiếm sống ở đây",3,3,3,3,3,Không,Có điều kiện tham gia,Không Thích tham gia,Không tham gia,Không tham gia,Thiếu thông tin,3,3,3,Thêm dịch vụ tiện ích,Không,C385,Motorcycle habit,Behavioural,2,7,3.0,0,24,0,1,True,728.5603491416349,1410.3285831990445,12.0,113.70865286887653,1422.0890253223808,14.0,614.8516962727583,2.0,0.0,18327.53634890653,964.7530900644408,1.3241910449849217,204.86484901067143,1.801664550954728,204.86484901067143,1.801664550954728,166.77748107910156,189.33770751953125,4280.0,4280.0,-0.0409292019903659,-0.0208749324083328,0.0200542714446783,13.527141850601224
2023-04-05 01:09:49.103,Nam,1999,Trường Thọ,TP. Thủ Đức,thủ đức,Không có,Sinh viên/ học sinh,Đại học,5-15 triệu/tháng,Xe máy cá nhân;,4,4,4,4,3,3,10-20 phút,Thói quen sử dụng xe máy để di chuyển,3,Không,Gần nhà,3,3,Cả hai,3,3,3,3,"Gia đình/họ hàng tôi sống ở đây, Tôi có thể kiếm sống ở đây",2,2,2,2,2,Không,Bắt buộc tham gia,Không Thích tham gia,Không tham gia,Không tham gia,Tôi không có đủ kiến thức,3,3,3,"Thêm dịch vụ tiện ích, Thêm nơi làm việc",Không,C386,Motorcycle habit,Behavioural,2,6,2.0,0,24,0,1,True,733.8773519438793,1405.935838356973,12.0,95.92945946596892,1417.74681140319,14.0,637.9478924779104,2.0,0.0,18694.106132947407,939.9858528949708,1.2808487009513996,180.09761184120168,1.8773962956091867,180.09761184120168,1.8773962956091867,166.77748107910156,189.33770751953125,4280.0,4280.0,0.0700848400592804,0.0726360753178596,0.0025512368883937,13.527141850601224
2023-04-05 01:20:05.252,Nam,1993,Linh Đông,TP. Thủ Đức,Thủ Đức,Đạo phật,Kinh doanh,Trung học phổ thông,15-25 triệu/tháng,Xe máy cá nhân;,3,2,3,2,2,2,<10 phút,Thói quen sử dụng xe máy để di chuyển,3,Có,Gần nhà,3,4,Nước dành cho kinh doanh,4,4,4,4,"Chi phí bất động sản (Đất đai, Nhà cửa, vv)",3,3,4,4,4,Không,Bắt buộc tham gia,Không Thích tham gia,Tham gia vào phát triển khu vực nơi tôi sinh sống,Tham gia vào phát triển khu vực nơi tôi sinh sống,Tôi không có đủ kiến thức,3,4,4,Thêm trung tâm thương mại,Không,C387,Motorcycle habit,Behavioural,3,3,1.0,0,30,1,1,True,322.2830576341644,2564.757726436369,17.0,258.1799667429737,2576.4634318258904,19.0,64.10309089119067,2.0,0.0,22058.586307880058,735.1224176032713,2.280983750742915,740.9959591961955,2.8700753530341894,740.9959591961955,2.8700753530341894,197.69723510742188,224.4400177001953,4462.0,4462.0,0.1362538784742355,0.0844527781009674,-0.0518011040985584,13.527140416628654
2023-04-05 01:23:15.134,Nữ,1998,Linh Đông,TP. Thủ Đức,Thủ Đức,Đạo phật,Kinh doanh,Trung học phổ thông,15-25 triệu/tháng,Xe máy cá nhân;,3,2,3,2,2,2,<10 phút,Thói quen sử dụng xe máy để di chuyển,3,Có,Gần nhà,3,4,Nước dành cho kinh doanh,4,4,4,4,"Chi phí bất động sản (Đất đai, Nhà cửa, vv)",3,3,4,4,4,Không,Bắt buộc tham gia,Không Thích tham gia,Tham gia vào phát triển khu vực nơi tôi sinh sống,Tham gia vào phát triển khu vực nơi tôi sinh sống,Tôi không có đủ kiến thức,3,4,4,Thêm trung tâm thương mại,Không,C388,Motorcycle habit,Behavioural,3,3,1.0,1,25,1,1,True,838.391819976157,2835.3563310958966,25.0,517.221330294442,2846.112122455836,28.0,321.1704896817149,3.0,0.0,16371.104235144883,1232.0267641435416,1.4695119093344438,1229.370884644137,2.376875841420316,1229.370884644137,2.376875841420316,137.5351104736328,156.13967895507812,2939.0,2939.0,-0.2437445372343063,-0.1875171065330505,0.0562274232506752,13.527141118639694
2023-04-05 01:26:37.693,Nữ,1976,Linh Đông,TP. Thủ Đức,Thủ Đức,Đạo phật,Kinh doanh,Trung học phổ thông,15-25 triệu/tháng,Xe máy cá nhân;,3,2,3,2,2,2,<10 phút,Thói quen sử dụng xe máy để di chuyển,3,Có,Gần nhà,3,4,Nước dành cho kinh doanh,4,4,4,4,"Chi phí bất động sản (Đất đai, Nhà cửa, vv)",4,3,3,4,4,Không,Bắt buộc tham gia,Không Thích tham gia,Tham gia vào phát triển khu vực nơi tôi sinh sống,Tham gia vào phát triển khu vực nơi tôi sinh sống,Tôi không có đủ kiến thức,3,4,4,Thêm trung tâm thương mại,Không,C389,Motorcycle habit,Behavioural,3,3,1.0,1,47,1,1,True,808.930265169268,2794.256293151848,26.0,475.7904969855923,2804.9846940593325,29.0,333.13976818367564,3.0,0.0,17580.44999573897,1129.45766322715,1.3962361304293789,1126.8017837277455,2.3682729917194347,1126.8017837277455,2.3682729917194347,137.5351104736328,156.13967895507812,2939.0,2939.0,-0.2000759989023208,-0.1873850226402282,0.0126909827813506,13.527141118639694
2023-04-05 01:30:15.273,Nam,1988,Linh Đông,TP. Thủ Đức,Thủ Đức,Đạo phật,Kinh doanh,Trung học phổ thông,5-15 triệu/tháng,Xe máy cá nhân;,3,2,3,2,2,2,<10 phút,Thói quen sử dụng xe máy để di chuyển,3,Có,Gần nhà,3,4,Nước dành cho kinh doanh,4,4,4,4,"Chi phí bất động sản (Đất đai, Nhà cửa, vv)",3,3,4,4,4,Không,Bắt buộc tham gia,Không Thích tham gia,Tham gia vào phát triển khu vực nơi tôi sinh sống,Tham gia vào phát triển khu vực nơi tôi sinh sống,Tôi không có đủ kiến thức,3,4,4,Thêm trung tâm thương mại,Không,C390,Motorcycle habit,Behavioural,2,3,1.0,0,35,1,1,True,629.0501765077945,2512.538221763005,32.0,230.46784104631604,2523.113045588391,35.0,398.58233546147846,3.0,0.0,22424.36466541608,829.0680629254339,1.3179680952130866,826.4121833839258,3.5858025988877364,826.4121833839258,3.5858025988877364,130.3616943359375,147.9958953857422,3418.0,3418.0,-0.2046804726123809,-0.087336964905262,0.1173435002565383,13.52713397876064
2023-04-05 01:33:34.831,Nữ,1989,Linh Đông,TP. Thủ Đức,Thủ Đức,Đạo phật,Kinh doanh,Trung học phổ thông,15-25 triệu/tháng,Xe máy cá nhân;,3,2,3,2,2,2,<10 phút,Thói quen sử dụng xe máy để di chuyển,3,Có,Gần nhà,3,4,Nước dành cho kinh doanh,4,4,4,4,"Chi phí bất động sản (Đất đai, Nhà cửa, vv)",3,3,4,4,4,Không,Bắt buộc tham gia,Không Thích tham gia,Tham gia vào phát triển khu vực nơi tôi sinh sống,Tham gia vào phát triển khu vực nơi tôi sinh sống,Tôi không có đủ kiến thức,3,4,4,Thêm trung tâm thương mại,Không,C391,Motorcycle habit,Behavioural,3,3,1.0,1,34,1,1,True,551.0114876216943,2910.880244392049,38.0,526.1930761629236,2907.8889851148806,40.0,24.818411458770697,2.0,0.0,20611.98910554407,804.7675889349792,1.46052778755768,804.7685362699827,1.529416810533639,804.7685362699827,1.529416810533639,123.6031494140625,140.3231201171875,3599.0,3599.0,0.1121325269341468,0.0943796411156654,-0.0177528895437717,13.52713970670293
2023-04-05 01:36:49.487,Nữ,1991,Linh Đông,TP. Thủ Đức,Thủ Đức,Đạo phật,Kinh doanh,Trung học phổ thông,15-25 triệu/tháng,Xe máy cá nhân;,3,2,3,2,2,2,<10 phút,Thói quen sử dụng xe máy để di chuyển,3,Có,Gần nhà,3,4,Nước dành cho kinh doanh,4,4,4,4,"Chi phí bất động sản (Đất đai, Nhà cửa, vv)",3,3,4,4,4,Không,Bắt buộc tham gia,Không Thích tham gia,Tham gia vào phát triển khu vực nơi tôi sinh sống,Tham gia vào phát triển khu vực nơi tôi sinh sống,Tôi không có đủ kiến thức,3,4,4,Thêm trung tâm thương mại,Không,C392,Motorcycle habit,Behavioural,3,3,1.0,1,32,1,1,True,954.7914368588596,2905.3806630144813,24.0,529.2224345914059,2915.870467265087,27.0,425.5690022674538,3.0,0.0,15798.738973316884,1331.763692498777,1.3948215715885628,1312.5583904116886,2.480163924692779,1312.5583904116886,2.480163924692779,232.5338134765625,263.9889831542969,4483.0,4483.0,-0.1026586443185806,-0.0125934267416596,0.0900652185082435,13.527137927794229
2023-04-05 01:40:37.675,Nữ,1977,Linh Đông,TP. Thủ Đức,Thủ Đức,Đạo phật,Kinh doanh,Trung học phổ thông,15-25 triệu/tháng,Xe máy cá nhân;,3,2,3,2,2,2,<10 phút,Thói quen sử dụng xe máy để di chuyển,3,Có,Gần nhà,3,4,Nước dành cho kinh doanh,4,4,4,4,"Chi phí bất động sản (Đất đai, Nhà cửa, vv)",3,3,4,4,4,Không,Bắt buộc tham gia,Không Thích tham gia,Tham gia vào phát triển khu vực nơi tôi sinh sống,Tham gia vào phát triển khu vực nơi tôi sinh sống,Tôi không có đủ kiến thức,3,4,4,Thêm trung tâm thương mại,Không,C393,Motorcycle habit,Behavioural,3,3,1.0,1,46,1,1,True,644.3633312351949,2876.2636806128576,18.0,535.1849512227465,2887.826451223042,20.0,109.17838001244844,2.0,0.0,14606.880138976368,1095.1454703730617,1.6995775788075218,1099.4277425592225,2.054294949899732,1099.4277425592225,2.054294949899732,68.40620422363281,77.65960693359375,1933.0,1933.0,0.0858980268239975,0.1089032515883445,0.0230052266269922,13.527139555514314
2023-04-05 01:44:33.284,Nam,1995,Linh Đông,TP. Thủ Đức,Thủ Đức,Đạo phật,Kinh doanh,Trung học phổ thông,15-25 triệu/tháng,Xe máy cá nhân;,3,3,2,3,2,2,<10 phút,Thói quen sử dụng xe máy để di chuyển,3,Có,Gần nhà,3,4,Nước dành cho kinh doanh,4,4,4,4,"Chi phí bất động sản (Đất đai, Nhà cửa, vv)",3,3,4,4,4,Không,Bắt buộc tham gia,Không Thích tham gia,Tham gia vào phát triển khu vực nơi tôi sinh sống,Tham gia vào phát triển khu vực nơi tôi sinh sống,Tôi không có đủ kiến thức,3,4,4,Thêm trung tâm thương mại,Không,C394,Motorcycle habit,Behavioural,3,3,1.0,0,28,1,1,True,429.56503663565934,2714.089480562527,17.0,250.93328412577097,2726.033453897122,20.0,178.63175250988837,3.0,0.0,22210.158393915488,1080.7316887778186,2.5158744232120878,1125.3761206079614,4.48476225275842,1125.3761206079614,4.48476225275842,214.3192138671875,243.31048583984372,5252.0,5252.0,0.0855484008789062,0.0860412865877151,0.000492884661071,13.527145536574238
2023-04-05 01:48:26.315,Nam,1996,Linh Đông,TP. Thủ Đức,Thủ Đức,Đạo phật,Kinh doanh,Trung học phổ thông,15-25 triệu/tháng,Xe máy cá nhân;,3,2,3,2,2,2,<10 phút,Thói quen sử dụng xe máy để di chuyển,3,Có,Gần nhà,3,4,Nước dành cho kinh doanh,4,4,4,4,"Chi phí bất động sản (Đất đai, Nhà cửa, vv)",3,3,4,4,4,Không,Bắt buộc tham gia,Không Thích tham gia,Tham gia vào phát triển khu vực nơi tôi sinh sống,Tham gia vào phát triển khu vực nơi tôi sinh sống,Tôi không có đủ kiến thức,3,4,4,Thêm trung tâm thương mại,Không,C395,Motorcycle habit,Behavioural,3,3,1.0,0,27,1,1,True,377.8011924411124,2661.140744020161,18.0,217.92207457584945,2673.045383881738,21.0,159.87911786526294,3.0,0.0,21880.716665814223,1006.6119961641184,2.664396027074526,1003.221212287782,4.603577743284577,1003.221212287782,4.603577743284577,214.3192138671875,243.31048583984372,5252.0,5252.0,0.1366202533245086,0.1670685559511184,0.0304483007639646,13.527145536574238
2023-04-05 01:51:30.765,Nam,1999,Linh Đông,TP. Thủ Đức,Thủ Đức,Đạo phật,Kinh doanh,Trung học phổ thông,15-25 triệu/tháng,Xe máy cá nhân;,3,2,3,2,2,2,<10 phút,Thói quen sử dụng xe máy để di chuyển,3,Có,Gần nhà,3,4,Nước dành cho kinh doanh,4,4,4,4,"Chi phí bất động sản (Đất đai, Nhà cửa, vv)",3,3,4,4,4,Không,Bắt buộc tham gia,Không Thích tham gia,Tham gia vào phát triển khu vực nơi tôi sinh sống,Tham gia vào phát triển khu vực nơi tôi sinh sống,Tôi không có đủ kiến thức,3,4,4,Thêm trung tâm thương mại,Không,C396,Motorcycle habit,Behavioural,3,3,1.0,0,24,1,1,True,430.477105046251,2688.811381418495,18.0,322.0988746257713,2700.541285880006,20.0,108.37823042047968,2.0,0.0,20804.27977228875,905.873889147724,2.104348590270314,907.6754712193192,2.81800261573064,907.6754712193192,2.81800261573064,92.4425048828125,104.94733428955078,3729.0,3729.0,0.0114990593865513,0.0415927469730377,0.0300936866551637,13.527142543995753
2023-04-05 01:54:25.999,Nữ,1968,Linh Đông,TP. Thủ Đức,Thủ Đức,Đạo phật,Kinh doanh,Trung học phổ thông,15-25 triệu/tháng,Xe máy cá nhân;,3,2,3,2,2,2,<10 phút,Thói quen sử dụng xe máy để di chuyển,3,Có,Gần nhà,3,4,Nước dành cho kinh doanh,4,4,4,4,"Chi phí bất động sản (Đất đai, Nhà cửa, vv)",3,3,4,4,4,Không,Bắt buộc tham gia,Không Thích tham gia,Tham gia vào phát triển khu vực nơi tôi sinh sống,Tham gia vào phát triển khu vực nơi tôi sinh sống,Tôi không có đủ kiến thức,3,4,4,Thêm trung tâm thương mại,Không,C397,Motorcycle habit,Behavioural,3,3,1.0,1,55,1,1,True,448.03268457324737,2732.5577049999324,17.0,267.98143765629294,2744.5027139967165,20.0,180.05124691695443,3.0,0.0,22321.33735282131,1084.4945226606922,2.420570105713776,1120.2816908520613,4.180445110862156,1120.2816908520613,4.180445110862156,214.3192138671875,243.31048583984372,5252.0,5252.0,0.1065545007586479,0.1143270656466484,0.0077725583687424,13.527145536574238
2023-04-05 01:57:20.881,Nữ,1975,Linh Đông,TP. Thủ Đức,Thủ Đức,Đạo phật,Kinh doanh,Trung học phổ thông,15-25 triệu/tháng,Xe máy cá nhân;,3,2,3,2,2,2,<10 phút,Thói quen sử dụng xe máy để di chuyển,3,Có,Gần nhà,4,4,Nước dành cho kinh doanh,4,4,4,4,"Chi phí bất động sản (Đất đai, Nhà cửa, vv)",3,3,4,4,4,Có,Bắt buộc tham gia,Không Thích tham gia,Tham gia vào phát triển khu vực nơi tôi sinh sống,Tham gia vào phát triển khu vực nơi tôi sinh sống,Tôi không có đủ kiến thức,3,4,4,Thêm trung tâm thương mại,Không,C398,Motorcycle habit,Behavioural,3,3,1.0,1,48,1,1,True,486.0299930181933,3250.023276159541,22.0,396.563922159007,3244.5001077823013,22.0,89.46607085918623,0.0,0.0,22879.685633433008,652.4098177539613,1.3423241921811604,556.2911919586177,1.4027781169048608,556.2911919586177,1.4027781169048608,211.29014587402344,239.8716583251953,4829.0,4829.0,0.2055349349975586,0.2597615718841553,0.0542266368865966,13.527139343361949
2023-04-05 06:11:17.636,Nữ,1990,Trường Thọ,TP. Thủ Đức,TP. Thủ Đức,Thiên Chúa Giáo,Kinh doanh,Cao Đẳng,15-25 triệu/tháng,Xe máy cá nhân;,3,2,4,1,3,4,>30 phút,Không cảm thấy thoải mái khi phải đi bộ đến các trạm,4,Có,Gần nhà,4,4,Cả hai,4,4,4,4,"Gia đình/họ hàng tôi sống ở đây, Nơi này rất đáng sống",4,4,4,4,4,Có,Được mời,,Tham gia tích cực,Tham gia tích cực,Thiếu thông tin,4,4,4,Thêm các khu nhà ở,Có,C399,Walking discomfort,Experiential,3,5,4.0,1,33,1,1,True,103.9521910036222,1029.2027539366954,79.0,114.75364593615213,1032.5344019667386,84.0,-10.801454932529907,5.0,0.0,18634.024040220847,135.48900700569146,1.3033780788802265,164.57316609665972,1.4341432444615028,164.57316609665972,1.4341432444615028,302.6396789550781,343.57818603515625,4828.0,4828.0,0.1478912830352783,0.1342388391494751,-0.0136524410918354,13.527144630018846
2023-04-05 06:20:55.884,Nữ,1992,Trường Thọ,TP. Thủ Đức,TP. Thủ Đức,Đạo phật,Kinh doanh,Trung học phổ thông,<5 triệu/tháng,Xe máy cá nhân;,3,3,3,3,3,3,<10 phút,Thói quen sử dụng xe máy để di chuyển,4,Có,Gần nhà,4,4,Cả hai,3,4,4,4,Gia đình/họ hàng tôi sống ở đây,4,3,3,4,4,Có,Thích tham gia,Không Bắt buộc,Tham gia vào phát triển khu vực nơi tôi sinh sống,Tham gia tích cực,Tôi không được cho phép tham gia,4,4,4,"Thêm sân chơi cộng đồng (công viên, sân chơi thể thao,hồ bơi..)",Có,C400,Motorcycle habit,Behavioural,1,3,1.0,1,31,1,1,True,484.4423205931877,420.0042465931029,34.0,229.41716472937813,423.7967774123933,39.0,255.02515586380957,5.0,1.0,22832.52676539082,753.6570740950976,1.555720964205322,467.60169877102544,2.038215838481882,467.60169877102544,2.038215838481882,167.91506958007812,190.6291656494141,3868.0,3868.0,0.0664210617542266,0.0729531720280647,0.0065321056172251,13.52713376240699
2023-04-05 06:28:51.848,Nữ,1984,Trường Thọ,TP. Thủ Đức,TP. Thủ Đức,Không có,Kinh doanh,Trung học cơ sở,<5 triệu/tháng,Xe máy cá nhân;,3,3,3,3,3,3,<10 phút,Thói quen sử dụng xe máy để di chuyển,4,Có,Gần nhà,2,4,Nước sinh hoạt,4,4,4,4,"Gia đình/họ hàng tôi sống ở đây, Tôi có thể kiếm sống ở đây",4,4,4,4,4,Không,,Không Thích tham gia,Không tham gia,Không tham gia,Tôi không có đủ kiến thức,3,4,4,"Thêm sân chơi cộng đồng (công viên, sân chơi thể thao,hồ bơi..)",Có,C401,Motorcycle habit,Behavioural,1,2,1.0,1,39,1,1,True,530.5036218285502,712.9551213885479,33.0,442.84358073455695,720.4198670976792,37.0,87.66004109399324,4.0,1.0,15050.193925369262,683.4864834386626,1.2883728881676777,558.0717233021632,1.2602005484114145,558.0717233021632,1.2602005484114145,107.10161590576172,121.5894012451172,2258.0,2258.0,0.0920692831277847,0.1645123362541198,0.0724430605769157,13.527139825885738
2023-04-05 06:37:42.108,Nữ,1956,Trường Thọ,TP. Thủ Đức,Nghỉ hưu,Khác,Nghỉ hưu,Tiểu học,<5 triệu/tháng,Khác,2,1,4,1,2,3,Khác:,Có sử dụng phương tiện công cộng,4,Có,Gần nhà,4,4,Nước sinh hoạt,4,4,4,4,Gia đình/họ hàng tôi sống ở đây,4,4,4,4,4,Có,Được mời,,Không tham gia,Không tham gia,Già ,4,4,4,Thêm bệnh viện,Không,C402,Uses public transport,Not a barrier,1,1,,1,67,0,0,True,64.13308306591952,1031.0450119931156,90.0,153.2030990827069,1042.8221049034253,94.0,-89.07001601678738,4.0,0.0,18956.123885406643,76.96098778969518,1.2000200849628644,203.0418213728615,1.325311449889464,203.0418213728615,1.325311449889464,290.8222961425781,330.1622314453125,5674.0,5674.0,0.09530670940876,0.1171630099415779,0.0218562986701726,13.527138676962936
2023-04-05 06:43:32.809,Nam,2000,Trường Thọ,TP. Thủ Đức,TP. Thủ Đức,Thiên Chúa Giáo,Kinh doanh,Trung học cơ sở,<5 triệu/tháng,Xe máy cá nhân;,3,3,3,3,3,3,10-20 phút,Chất lượng xe buýt và thái độ phục vụ chưa tốt,3,Có,Gần nhà,3,2,Nước dành cho kinh doanh,4,4,4,4,Tôi có thể kiếm sống ở đây,4,4,4,4,4,Có,Thích tham gia,Không Bắt buộc,Tham gia vào phát triển khu vực nơi tôi sinh sống,Tham gia tích cực,Tôi không có đủ kiến thức,4,4,4,"Thêm sân chơi cộng đồng (công viên, sân chơi thể thao,hồ bơi..)",Có,C403,Bus quality / staff,Service,1,2,2.0,0,23,1,1,True,170.21340167179483,1369.6891861281697,91.0,143.55683202279974,1372.5633862104155,95.0,26.656569648995088,4.0,0.0,21674.844880669185,281.12129008903617,1.6515814109108384,312.23502123437447,2.1749924182276827,312.23502123437447,2.1749924182276827,171.23410034179688,194.39718627929688,4591.0,4591.0,-0.0240133646875619,-0.0396722741425037,-0.0156589094549417,13.527145522570937
2023-04-05 06:50:32.137,Nam,1999,Trường Thọ,TP. Thủ Đức,TP. Thủ Đức,Không có,Kinh doanh,Trung học phổ thông,5-15 triệu/tháng,Xe máy cá nhân;,3,1,3,3,3,2,Khác:,Thói quen sử dụng xe máy để di chuyển,4,Có,Gần nhà,3,4,Nước sinh hoạt,4,4,4,4,"Chi phí bất động sản (Đất đai, Nhà cửa, vv)",4,4,4,4,4,Không,,Không Có điều kiện tham gia,Không tham gia,Không tham gia,Bận,3,4,4,Thêm nơi làm việc,Không,C404,Motorcycle habit,Behavioural,2,3,,0,24,1,1,True,29.118783272590804,1032.835415544611,95.0,25.914049661285343,1040.9881792412373,99.0,3.2047336113054605,4.0,0.0,20477.148643221117,79.4950337713198,2.7300259432937093,57.76236688815238,2.228998077998101,57.76236688815238,2.228998077998101,201.7969665527344,229.0943298339844,4968.0,4968.0,0.1387678831815719,0.1454326957464218,0.0066648018546402,13.52714252724733
2023-04-05 12:51:39.205,Nam,1992,Trường Thọ,TP. Thủ Đức,Thủ Đức,Đạo phật,Kinh doanh,Trung học phổ thông,15-25 triệu/tháng,Xe máy cá nhân;,3,2,3,2,2,2,<10 phút,Thói quen sử dụng xe máy để di chuyển,3,Có,Gần nhà,3,4,Nước dành cho kinh doanh,4,4,4,4,"Chi phí bất động sản (Đất đai, Nhà cửa, vv)",3,3,4,4,4,Không,Bắt buộc tham gia,Không Thích tham gia,Tham gia vào phát triển khu vực nơi tôi sinh sống,Tham gia vào phát triển khu vực nơi tôi sinh sống,Tôi không có đủ kiến thức,3,4,4,Thêm trung tâm thương mại,Không,C405,Motorcycle habit,Behavioural,3,3,1.0,0,31,1,1,True,824.1621466185646,1314.9461770876758,11.0,164.59904822780652,1326.602178567864,13.0,659.5630983907581,2.0,0.0,17196.565697121398,1075.309049920672,1.3047299664665897,315.420808866903,1.91629789031561,315.420808866903,1.91629789031561,233.00668334960935,264.5258178710937,5669.0,5669.0,0.055196326225996,0.0687137246131897,0.0135173974558711,13.527137534588324
2023-04-05 12:54:29.520,Nữ,1964,Trường Thọ,TP. Thủ Đức,Thủ Đức,Đạo phật,Kinh doanh,Trung học phổ thông,15-25 triệu/tháng,Xe máy cá nhân;,3,2,3,2,2,2,<10 phút,Thói quen sử dụng xe máy để di chuyển,3,Có,Gần nhà,3,4,Nước dành cho kinh doanh,4,4,4,4,"Chi phí bất động sản (Đất đai, Nhà cửa, vv)",3,3,4,4,4,Không,Bắt buộc tham gia,Không Thích tham gia,Tham gia vào phát triển khu vực nơi tôi sinh sống,Tham gia vào phát triển khu vực nơi tôi sinh sống,Tôi không có đủ kiến thức,3,4,4,Thêm trung tâm thương mại,Không,C406,Motorcycle habit,Behavioural,3,3,1.0,1,59,1,1,True,654.3903154425971,1498.5167679076792,13.0,71.29108746548022,1510.50475768506,15.0,583.0992279771168,2.0,0.0,18235.579621934907,786.6146594746433,1.2020573057268067,112.3338899118553,1.5757073416259553,112.3338899118553,1.5757073416259553,205.963623046875,233.82460021972656,5344.0,5344.0,0.1249754726886749,0.0328654013574123,-0.0921100750565528,13.527134918631102
2023-04-05 12:57:24.543,Nam,1984,Linh Đông,TP. Thủ Đức,Thủ Đức,Đạo phật,Kinh doanh,Trung học phổ thông,15-25 triệu/tháng,Xe máy cá nhân;,3,2,3,2,2,2,<10 phút,Thói quen sử dụng xe máy để di chuyển,3,Có,Gần nhà,3,4,Nước dành cho kinh doanh,4,4,4,4,"Chi phí bất động sản (Đất đai, Nhà cửa, vv)",3,3,4,4,4,Không,Bắt buộc tham gia,Không Thích tham gia,Tham gia vào phát triển khu vực nơi tôi sinh sống,Tham gia vào phát triển khu vực nơi tôi sinh sống,Tôi không có đủ kiến thức,3,4,4,Thêm trung tâm thương mại,Không,C407,Motorcycle habit,Behavioural,3,3,1.0,0,39,1,1,True,176.5406806400768,2069.8201124020984,18.0,128.6830967822026,2081.1963787546583,20.0,47.85758385787421,2.0,0.0,21664.677446030564,185.31809297791244,1.0497189220411507,149.25544653596666,1.159868314240082,149.25544653596666,1.159868314240082,166.29122924804688,188.78567504882807,3847.0,3847.0,0.0911583304405212,0.0263996366411447,-0.064758688211441,13.527139045455971
2023-04-05 13:04:16.243,Nữ,1977,Trường Thọ,TP. Thủ Đức,Thủ Đức,Đạo phật,Kinh doanh,Trung học phổ thông,15-25 triệu/tháng,Xe máy cá nhân;,3,2,3,2,2,2,<10 phút,Thói quen sử dụng xe máy để di chuyển,3,Có,Gần nhà,3,4,Nước dành cho kinh doanh,4,4,4,4,"Chi phí bất động sản (Đất đai, Nhà cửa, vv)",3,3,4,4,4,Không,Bắt buộc tham gia,Không Thích tham gia,Tham gia vào phát triển khu vực nơi tôi sinh sống,Tham gia vào phát triển khu vực nơi tôi sinh sống,Tôi không có đủ kiến thức,3,4,4,Thêm trung tâm thương mại,Không,C408,Motorcycle habit,Behavioural,3,3,1.0,1,46,1,1,True,604.6728028053885,1603.0707557219805,22.0,167.801558409163,1613.721039982447,23.0,436.8712443962255,1.0,0.0,17556.702721264577,933.9631860265284,1.5445761438142946,193.5459134019825,1.1534214296749563,193.5459134019825,1.1534214296749563,200.14190673828125,227.2153778076172,4685.0,4685.0,0.0092715229839086,-0.0158458240330219,-0.0251173470169305,13.527137574810354
2023-04-05 13:08:16.281,Nam,1991,Trường Thọ,TP. Thủ Đức,Thủ Đức,Đạo phật,Kinh doanh,Trung học phổ thông,15-25 triệu/tháng,Xe máy cá nhân;,3,2,3,2,2,2,<10 phút,Thói quen sử dụng xe máy để di chuyển,3,Có,Gần nhà,3,4,Nước dành cho kinh doanh,4,4,4,4,"Chi phí bất động sản (Đất đai, Nhà cửa, vv)",3,3,4,4,4,Không,Bắt buộc tham gia,Không Thích tham gia,Tham gia vào phát triển khu vực nơi tôi sinh sống,Tham gia vào phát triển khu vực nơi tôi sinh sống,Tôi không có đủ kiến thức,3,4,4,Thêm trung tâm thương mại,Không,C409,Motorcycle habit,Behavioural,3,3,1.0,0,32,1,1,True,1039.7566149026754,994.5410552039904,4.0,271.97931247495586,1006.8132275262004,4.0,767.7773024277196,0.0,0.0,16767.768017100232,1645.4590095215317,1.582542477669692,551.1498361649353,2.026440287496814,551.1498361649353,2.026440287496814,204.21041870117188,231.8342437744141,4540.0,4540.0,-0.0099218916147947,-0.0133904656395316,-0.0034685744903981,13.52713796334999
2023-04-05 13:10:49.765,Nam,1979,Linh Đông,TP. Thủ Đức,Thủ Đức,Đạo phật,Kinh doanh,Trung học phổ thông,15-25 triệu/tháng,Xe máy cá nhân;,3,2,3,2,2,2,<10 phút,Thói quen sử dụng xe máy để di chuyển,3,Có,Gần nhà,3,4,Nước dành cho kinh doanh,4,4,4,4,"Chi phí bất động sản (Đất đai, Nhà cửa, vv)",3,3,4,4,4,Không,Bắt buộc tham gia,Không Thích tham gia,Tham gia vào phát triển khu vực nơi tôi sinh sống,Tham gia vào phát triển khu vực nơi tôi sinh sống,Tôi không có đủ kiến thức,3,4,4,Thêm trung tâm thương mại,Không,C410,Motorcycle habit,Behavioural,3,3,1.0,0,44,1,1,True,448.11514074316153,2713.7165674799503,18.0,324.8736739867689,2725.477373527052,21.0,123.24146675639258,3.0,0.0,20888.00664619503,902.1205255922202,2.013144488035215,904.8611002683236,2.78527062277498,904.8611002683236,2.78527062277498,92.4425048828125,104.94733428955078,3729.0,3729.0,0.0911540165543556,0.1153191477060318,0.024165129289031,13.527142543995753
2023-04-05 13:13:13.634,Nữ,1982,Linh Đông,TP. Thủ Đức,Thủ Đức,Đạo phật,Kinh doanh,Trung học phổ thông,15-25 triệu/tháng,Xe máy cá nhân;,3,2,3,2,2,2,<10 phút,Thói quen sử dụng xe máy để di chuyển,3,Có,Gần nhà,3,4,Nước dành cho kinh doanh,4,4,4,4,"Chi phí bất động sản (Đất đai, Nhà cửa, vv)",3,3,4,4,4,Không,Bắt buộc tham gia,Không Thích tham gia,Tham gia vào phát triển khu vực nơi tôi sinh sống,Tham gia vào phát triển khu vực nơi tôi sinh sống,Tôi không có đủ kiến thức,3,4,4,Thêm trung tâm thương mại,Không,C411,Motorcycle habit,Behavioural,3,3,1.0,1,41,1,1,True,309.078921459118,3224.390125898045,25.0,198.6625404395907,3217.5079697484143,25.0,110.41638101952732,0.0,0.0,24271.6985066852,442.7055389128356,1.432338177003094,346.6602401622228,1.7449703371111134,346.6602401622228,1.7449703371111134,117.57623291015624,133.48094177246094,2818.0,2818.0,0.0988312512636184,0.1644682586193084,0.0656370148062706,13.527146149050363
2023-04-05 13:15:34.157,Nữ,1981,Linh Đông,TP. Thủ Đức,Thủ Đức,Đạo phật,Kinh doanh,Trung học phổ thông,15-25 triệu/tháng,Xe máy cá nhân;,3,2,3,2,2,2,<10 phút,Thói quen sử dụng xe máy để di chuyển,3,Có,Gần nhà,3,4,Nước dành cho kinh doanh,4,4,4,4,"Chi phí bất động sản (Đất đai, Nhà cửa, vv)",3,3,4,4,4,Không,Bắt buộc tham gia,Không Thích tham gia,Tham gia vào phát triển khu vực nơi tôi sinh sống,Tham gia vào phát triển khu vực nơi tôi sinh sống,Tôi không có đủ kiến thức,3,4,4,Thêm trung tâm thương mại,Không,C412,Motorcycle habit,Behavioural,3,3,1.0,1,42,1,1,True,313.2641724735729,3291.569481107642,24.0,219.71998104378983,3284.869199914187,24.0,93.54419142978308,0.0,0.0,23485.555688083597,507.20907505928574,1.619109747068424,411.16377630867294,1.871308082020673,411.16377630867294,1.871308082020673,117.57623291015624,133.48094177246094,2818.0,2818.0,0.1134421154856681,0.1833838075399398,0.0699416846036911,13.527146149050363
2023-04-05 13:18:21.426,Nữ,1982,Linh Đông,TP. Thủ Đức,Thủ Đức,Đạo phật,Kinh doanh,Trung học phổ thông,15-25 triệu/tháng,Xe máy cá nhân;,3,2,3,2,2,2,<10 phút,Thói quen sử dụng xe máy để di chuyển,3,Có,Gần nhà,3,4,Nước dành cho kinh doanh,4,4,4,4,"Chi phí bất động sản (Đất đai, Nhà cửa, vv)",3,3,4,4,4,Không,Bắt buộc tham gia,Không Thích tham gia,Tham gia vào phát triển khu vực nơi tôi sinh sống,Tham gia vào phát triển khu vực nơi tôi sinh sống,Tôi không có đủ kiến thức,3,4,4,Thêm trung tâm thương mại,Không,C413,Motorcycle habit,Behavioural,3,3,1.0,1,41,1,1,True,284.83955030994366,3215.6512214939657,25.0,177.18269012595084,3208.599270160468,25.0,107.65686018399282,0.0,0.0,24528.769108246164,638.3318292399708,2.241022458241421,601.8087978997721,3.396543970926136,601.8087978997721,3.396543970926136,117.57623291015624,133.48094177246094,2818.0,2818.0,0.1040449440479278,0.1608487367630005,0.0568037889897823,13.527146149050363
2023-04-05 13:21:02.622,Nữ,1979,Linh Đông,TP. Thủ Đức,Thủ Đức,Đạo phật,Kinh doanh,Trung học phổ thông,15-25 triệu/tháng,Xe máy cá nhân;,3,2,3,2,2,2,<10 phút,Thói quen sử dụng xe máy để di chuyển,3,Có,Gần nhà,3,4,Nước dành cho kinh doanh,4,4,4,4,"Chi phí bất động sản (Đất đai, Nhà cửa, vv)",3,3,4,4,4,Không,Bắt buộc tham gia,Không Thích tham gia,Tham gia vào phát triển khu vực nơi tôi sinh sống,Tham gia vào phát triển khu vực nơi tôi sinh sống,Tôi không có đủ kiến thức,3,4,4,Thêm trung tâm thương mại,Không,C414,Motorcycle habit,Behavioural,3,3,1.0,1,44,1,1,True,107.07322123290017,2056.225256504288,21.0,73.66785655538568,2067.80801208065,23.0,33.405364677514484,2.0,0.0,22047.752281264824,175.05089920070984,1.634870952653494,129.52365002964189,1.7582111939453833,129.52365002964189,1.7582111939453833,218.85614013671875,248.46112060546875,5205.0,5205.0,0.0539762489497661,0.0433259569108486,-0.0106502920389175,13.527141824879056
2023-04-05 13:23:15.447,Nữ,1976,Linh Đông,TP. Thủ Đức,Thủ Đức,Đạo phật,Kinh doanh,Trung học phổ thông,15-25 triệu/tháng,Xe máy cá nhân;,3,2,3,2,2,2,<10 phút,Thói quen sử dụng xe máy để di chuyển,3,Có,Gần nhà,3,4,Nước dành cho kinh doanh,4,4,4,4,"Chi phí bất động sản (Đất đai, Nhà cửa, vv)",3,3,4,4,4,Không,Bắt buộc tham gia,Không Thích tham gia,Tham gia vào phát triển khu vực nơi tôi sinh sống,Tham gia vào phát triển khu vực nơi tôi sinh sống,Tôi không có đủ kiến thức,3,4,4,Thêm trung tâm thương mại,Không,C415,Motorcycle habit,Behavioural,3,3,1.0,1,47,1,1,True,191.1484168312067,1947.7293292750887,20.0,186.92245428548813,1959.4654098699243,22.0,4.225962545718573,2.0,0.0,21110.7603963701,283.8709853746197,1.4850815407238844,205.2190565742221,1.0978833835596309,205.2190565742221,1.0978833835596309,151.34214782714844,171.8144073486328,4154.0,4154.0,0.1268607527017593,0.1078754141926765,-0.0189853440970182,13.527136898351834
2023-04-05 13:26:34.744,Nữ,1977,Linh Đông,TP. Thủ Đức ,Thủ Đức,Đạo phật,Kinh doanh,Trung học phổ thông,15-25 triệu/tháng,Xe máy cá nhân;,3,2,3,2,2,2,<10 phút,Thói quen sử dụng xe máy để di chuyển,3,Có,Gần nhà,3,4,Nước dành cho kinh doanh,4,4,4,4,"Chi phí bất động sản (Đất đai, Nhà cửa, vv)",3,3,4,4,4,Không,Bắt buộc tham gia,Không Thích tham gia,Tham gia vào phát triển khu vực nơi tôi sinh sống,Tham gia vào phát triển khu vực nơi tôi sinh sống,Tôi không có đủ kiến thức,3,4,4,Thêm trung tâm thương mại,Không,C416,Motorcycle habit,Behavioural,3,3,1.0,1,46,1,1,True,907.8779733542352,2858.556582852534,26.0,492.9400400204223,2869.094732164256,29.0,414.9379333338128,3.0,0.0,16255.824221961357,1329.1264408025977,1.463992386434955,1342.6418931331048,2.7237428168291618,1342.6418931331048,2.7237428168291618,310.9685363769531,353.0336608886719,6340.0,6340.0,0.0545865632593631,0.0953846126794815,0.0407980531454086,13.527132037798127
2023-04-05 13:28:55.043,Nam,1988,Linh Đông,TP. Thủ Đức,Thủ Đức,Đạo phật,Kinh doanh,Trung học phổ thông,15-25 triệu/tháng,Xe máy cá nhân;,3,2,3,2,2,2,<10 phút,Thói quen sử dụng xe máy để di chuyển,3,Có,Gần nhà,3,4,Nước dành cho kinh doanh,4,4,4,4,"Chi phí bất động sản (Đất đai, Nhà cửa, vv)",3,3,4,4,4,Không,Bắt buộc tham gia,Không Thích tham gia,Tham gia vào phát triển khu vực nơi tôi sinh sống,Tham gia vào phát triển khu vực nơi tôi sinh sống,Tôi không có đủ kiến thức,3,4,4,Thêm trung tâm thương mại,Không,C417,Motorcycle habit,Behavioural,3,3,1.0,0,35,1,1,True,858.4173572433676,2805.087354526314,28.0,430.6802711060647,2815.547612541812,31.0,427.7370861373029,3.0,0.0,17154.463205973152,1297.452742044582,1.5114474691088342,1380.1713040924965,3.204630898341285,1380.1713040924965,3.204630898341285,310.9685363769531,353.0336608886719,6340.0,6340.0,0.0672595873475074,0.1656095832586288,0.0983499959111213,13.527132037798127
2023-04-05 13:32:03.708,Nữ,1989,Linh Đông,TP. Thủ Đức,Thủ Đức,Đạo phật,Kinh doanh,Trung học phổ thông,15-25 triệu/tháng,Xe máy cá nhân;,3,2,3,2,2,2,<10 phút,Thói quen sử dụng xe máy để di chuyển,3,Có,Gần nhà,3,4,Nước dành cho kinh doanh,4,4,4,4,"Chi phí bất động sản (Đất đai, Nhà cửa, vv)",3,3,4,4,4,Không,Bắt buộc tham gia,Không Thích tham gia,Tham gia vào phát triển khu vực nơi tôi sinh sống,Tham gia vào phát triển khu vực nơi tôi sinh sống,Tôi không có đủ kiến thức,3,4,4,Thêm trung tâm thương mại,Không,C418,Motorcycle habit,Behavioural,3,3,1.0,1,34,1,1,True,866.4561711975327,2807.1602529115858,27.0,437.9336726787282,2817.65320611319,30.0,428.52249851880447,3.0,0.0,17248.406958106072,1306.2910692911737,1.507625097165323,1389.009631339088,3.171735169033409,1389.009631339088,3.171735169033409,310.9685363769531,353.0336608886719,6340.0,6340.0,0.1103987172245979,0.1570745557546615,0.0466758348047733,13.527132037798127
2023-04-05 13:34:23.458,Nam,1983,Linh Đông,TP. Thủ Đức,Thủ Đức,Đạo phật,Kinh doanh,Trung học phổ thông,15-25 triệu/tháng,Xe máy cá nhân;,3,2,3,2,2,2,<10 phút,Thói quen sử dụng xe máy để di chuyển,3,Có,Gần nhà,3,4,Nước dành cho kinh doanh,4,4,4,4,"Chi phí bất động sản (Đất đai, Nhà cửa, vv)",4,3,3,4,4,Không,Bắt buộc tham gia,Không Thích tham gia,Tham gia vào phát triển khu vực nơi tôi sinh sống,Tham gia vào phát triển khu vực nơi tôi sinh sống,Tôi không có đủ kiến thức,3,4,4,Thêm trung tâm thương mại,Không,C419,Motorcycle habit,Behavioural,3,3,1.0,0,40,1,1,True,1022.508394726158,3101.1307737882084,16.0,702.6501146574763,3111.4642528739687,18.0,319.8582800686818,2.0,0.0,16779.311844405343,1421.1374329679031,1.3898540494119889,1160.378013920586,1.6514307615053052,1160.378013920586,1.6514307615053052,169.69949340820312,192.6549835205078,4454.0,4454.0,0.1076329797506332,0.1926753371953964,0.0850423574447631,13.52714121372565
2023-04-05 13:36:22.918,Nữ,1979,Linh Đông,TP. Thủ Đức,Thủ Đức,Đạo phật,Kinh doanh,Trung học phổ thông,15-25 triệu/tháng,Xe máy cá nhân;,3,2,3,2,2,2,<10 phút,Thói quen sử dụng xe máy để di chuyển,3,Có,Gần nhà,3,4,Nước dành cho kinh doanh,4,4,4,4,"Chi phí bất động sản (Đất đai, Nhà cửa, vv)",3,3,4,4,4,Không,Bắt buộc tham gia,Không Thích tham gia,Tham gia vào phát triển khu vực nơi tôi sinh sống,Tham gia vào phát triển khu vực nơi tôi sinh sống,Tôi không có đủ kiến thức,3,4,4,Thêm trung tâm thương mại,Không,C420,Motorcycle habit,Behavioural,3,3,1.0,1,44,1,1,True,936.0119998399888,2999.8417954147417,23.0,593.4631306713359,3010.0297399701217,26.0,342.5488691686528,3.0,0.0,16794.55632287415,1261.6674484457585,1.3479180273986238,1242.4621463586705,2.093579334832773,1242.4621463586705,2.093579334832773,147.25579833984375,167.17529296875,3475.0,3475.0,0.0586501620709896,0.0562018230557441,-0.0024483401793986,13.527137711029292
2023-04-05 13:38:33.057,Nam,1983,Linh Đông,TP. Thủ Đức,Thủ Đức,Đạo phật,Kinh doanh,Trung học phổ thông,15-25 triệu/tháng,Xe máy cá nhân;,3,2,3,2,2,2,<10 phút,Thói quen sử dụng xe máy để di chuyển,3,Có,Gần nhà,3,4,Nước dành cho kinh doanh,4,4,4,4,"Chi phí bất động sản (Đất đai, Nhà cửa, vv)",3,3,4,4,4,Không,Bắt buộc tham gia,Không Thích tham gia,Tham gia vào phát triển khu vực nơi tôi sinh sống,Tham gia vào phát triển khu vực nơi tôi sinh sống,Tôi không có đủ kiến thức,3,4,4,Thêm trung tâm thương mại,Không,C421,Motorcycle habit,Behavioural,3,3,1.0,0,40,1,1,True,951.528995771787,3109.837221346185,19.0,701.977234672679,3120.0002707570843,21.0,249.55176109910803,2.0,0.0,17302.113172030236,1438.7104687823708,1.511998557243576,1265.0939276188076,1.8021865455632635,1265.0939276188076,1.8021865455632635,0.9145214557647704,1.038230061531067,34.0,34.0,0.1429807543754577,0.1583419740200042,0.015361220575869,13.527140887344716
2023-04-05 13:40:51.292,Nam,1988,Linh Đông,TP. Thủ Đức,Thủ Đức,Đạo phật,Kinh doanh,Trung học phổ thông,15-25 triệu/tháng,Xe máy cá nhân;,3,2,3,2,2,2,<10 phút,Thói quen sử dụng xe máy để di chuyển,3,Có,Gần nhà,3,4,Nước dành cho kinh doanh,4,4,4,4,"Chi phí bất động sản (Đất đai, Nhà cửa, vv)",3,3,4,4,4,Không,Bắt buộc tham gia,Không Thích tham gia,Tham gia vào phát triển khu vực nơi tôi sinh sống,Tham gia vào phát triển khu vực nơi tôi sinh sống,Tôi không có đủ kiến thức,3,4,4,Thêm trung tâm thương mại,Không,C422,Motorcycle habit,Behavioural,3,3,1.0,0,35,1,1,True,105.29640746287777,2059.40251182702,21.0,70.93372978844036,2070.98330725211,23.0,34.36267767443739,2.0,0.0,22096.363038946733,174.92423760150788,1.6612555149441106,131.0279843647692,1.8471887035344083,131.0279843647692,1.8471887035344083,218.85614013671875,248.46112060546875,5205.0,5205.0,0.1115625500679016,0.1285060793161392,0.0169435311108827,13.527141824879056
2023-04-05 13:42:59.467,Nam,1991,Linh Đông,TP. Thủ Đức,Thủ Đức,Đạo phật,Kinh doanh,Trung học phổ thông,15-25 triệu/tháng,Xe máy cá nhân;,3,2,3,2,2,2,<10 phút,Thói quen sử dụng xe máy để di chuyển,3,Có,Gần nhà,3,4,Nước dành cho kinh doanh,4,4,4,4,"Chi phí bất động sản (Đất đai, Nhà cửa, vv)",3,3,4,4,4,Không,Bắt buộc tham gia,Không Thích tham gia,Tham gia vào phát triển khu vực nơi tôi sinh sống,Tham gia vào phát triển khu vực nơi tôi sinh sống,Tôi không có đủ kiến thức,3,4,4,Thêm trung tâm thương mại,Không,C423,Motorcycle habit,Behavioural,3,3,1.0,0,32,1,1,True,209.3001589023693,2101.237486432564,20.0,160.38672243067464,2112.5144767607644,22.0,48.913436471694666,2.0,0.0,21964.9697365636,263.9249468479684,1.2609877996847556,227.86230040602263,1.420705510735239,227.86230040602263,1.420705510735239,173.80369567871094,197.3143615722656,3840.0,3840.0,0.1059692800045013,0.0910977348685264,-0.014871540479362,13.527138074794395
2023-04-05 13:47:19.857,Nam,1981,Linh Đông,TP. Thủ Đức,Thủ Đức,Đạo phật,Kinh doanh,Trung học phổ thông,15-25 triệu/tháng,Xe máy cá nhân;,3,2,3,2,2,2,<10 phút,Thói quen sử dụng xe máy để di chuyển,3,Có,Gần nhà,3,4,Nước dành cho kinh doanh,4,4,4,4,"Chi phí bất động sản (Đất đai, Nhà cửa, vv)",3,3,4,4,4,Không,Bắt buộc tham gia,Không Thích tham gia,Tham gia vào phát triển khu vực nơi tôi sinh sống,Tham gia vào phát triển khu vực nơi tôi sinh sống,Tôi không có đủ kiến thức,3,4,4,Thêm trung tâm thương mại,Không,C424,Motorcycle habit,Behavioural,3,3,1.0,0,42,1,1,True,248.09448436269375,3150.508017275524,26.0,223.52196783528385,3140.65102078113,25.0,24.57251652740993,-1.0,0.0,22377.33212764773,380.2492155818931,1.5326790378217356,363.8189667111954,1.6276653710354687,363.8189667111954,1.6276653710354687,130.2010955810547,147.81356811523438,4303.0,4303.0,0.1261755526065826,0.1311034262180328,0.0049278731457889,13.527130824498563
2023-04-05 13:49:24.189,Nam,1971,Linh Đông,TP. Thủ Đức,Thủ Đức,Đạo phật,Kinh doanh,Trung học phổ thông,15-25 triệu/tháng,Xe máy cá nhân;,3,2,3,2,2,2,<10 phút,Thói quen sử dụng xe máy để di chuyển,3,Có,Gần nhà,3,4,Nước dành cho kinh doanh,4,4,4,4,"Chi phí bất động sản (Đất đai, Nhà cửa, vv)",3,3,4,4,4,Không,Bắt buộc tham gia,Không Thích tham gia,Tham gia vào phát triển khu vực nơi tôi sinh sống,Tham gia vào phát triển khu vực nơi tôi sinh sống,Tôi không có đủ kiến thức,3,4,4,Thêm trung tâm thương mại,Không,C425,Motorcycle habit,Behavioural,3,3,1.0,0,52,1,1,True,477.8145123020848,3265.1029016353987,21.0,388.105708566861,3259.523354996122,21.0,89.70880373522374,0.0,0.0,22689.1956556164,647.7857875496903,1.3557264814513337,551.5430492473123,1.421115528766553,551.5430492473123,1.421115528766553,211.29014587402344,239.8716583251953,4829.0,4829.0,0.2055349349975586,0.2597615718841553,0.0542266368865966,13.527139343361949
2023-04-05 13:51:48.059,Nam,1977,Linh Đông,TP. Thủ Đức,Thủ Đức,Đạo phật,Kinh doanh,Trung học phổ thông,15-25 triệu/tháng,Xe máy cá nhân;,3,2,3,2,2,2,<10 phút,Thói quen sử dụng xe máy để di chuyển,3,Có,Gần nhà,3,4,Nước dành cho kinh doanh,4,4,4,4,"Chi phí bất động sản (Đất đai, Nhà cửa, vv)",3,3,4,4,4,Không,Bắt buộc tham gia,Không Thích tham gia,Tham gia vào phát triển khu vực nơi tôi sinh sống,Tham gia vào phát triển khu vực nơi tôi sinh sống,Tôi không có đủ kiến thức,3,4,4,Thêm trung tâm thương mại,Không,C426,Motorcycle habit,Behavioural,3,3,1.0,0,46,1,1,True,451.10880870788566,3251.892971011268,22.0,353.9859326154768,3246.0843002215734,22.0,97.12287609240887,0.0,0.0,23345.426996142756,619.9780813126966,1.3743426626682471,521.7840471183279,1.474024810147257,521.7840471183279,1.474024810147257,211.29014587402344,239.8716583251953,4829.0,4829.0,0.1280452162027359,0.1255009472370147,-0.0025442661717534,13.527139343361949
2023-04-05 13:53:56.000,Nữ,1972,Linh Đông,TP. Thủ Đức,Thủ Đức,Đạo phật,Kinh doanh,Trung học phổ thông,15-25 triệu/tháng,Xe máy cá nhân;,3,2,3,2,2,2,<10 phút,Thói quen sử dụng xe máy để di chuyển,3,Có,Gần nhà,3,4,Nước dành cho kinh doanh,4,4,4,4,"Chi phí bất động sản (Đất đai, Nhà cửa, vv)",3,3,4,4,4,Không,Bắt buộc tham gia,Không Thích tham gia,Tham gia vào phát triển khu vực nơi tôi sinh sống,Tham gia vào phát triển khu vực nơi tôi sinh sống,Tôi không có đủ kiến thức,3,4,4,Thêm trung tâm thương mại,Không,C427,Motorcycle habit,Behavioural,3,3,1.0,1,51,1,1,True,478.72849544522415,3258.1664353229808,22.0,386.4212259249513,3252.5758624987448,22.0,92.30726952027288,0.0,0.0,22909.017726826776,643.6166080599533,1.344429283369441,547.4502194688496,1.4167188103046195,547.4502194688496,1.4167188103046195,211.29014587402344,239.8716583251953,4829.0,4829.0,0.2055349349975586,0.2597615718841553,0.0542266368865966,13.527139343361949
2023-04-05 13:56:02.499,Nam,1976,Linh Đông,TP. Thủ Đức,Thủ Đức,Đạo phật,Kinh doanh,Trung học phổ thông,15-25 triệu/tháng,Xe máy cá nhân;,3,2,3,2,2,2,<10 phút,Thói quen sử dụng xe máy để di chuyển,3,Có,Gần nhà,3,4,Nước dành cho kinh doanh,4,4,4,4,"Chi phí bất động sản (Đất đai, Nhà cửa, vv)",3,3,4,4,4,Không,Bắt buộc tham gia,Không Thích tham gia,Tham gia vào phát triển khu vực nơi tôi sinh sống,Tham gia vào phát triển khu vực nơi tôi sinh sống,Tôi không có đủ kiến thức,3,4,4,Thêm trung tâm thương mại,Không,C428,Motorcycle habit,Behavioural,3,3,1.0,0,47,1,1,True,1023.4738358872148,1040.061451349149,5.0,127.0654293805757,1052.086302044234,5.0,896.4084065066392,0.0,0.0,18043.93905314526,1601.1697571781272,1.564446203737223,442.1633169979489,3.479808152016065,442.1633169979489,3.479808152016065,227.64447021484372,258.4382629394531,4639.0,4639.0,-0.0427131056785583,0.0456766933202743,0.0883897989988327,13.52714287131471
2023-04-05 13:58:12.246,Nữ,1981,Linh Đông,TP. Thủ Đức,Thủ Đức,Đạo phật,Kinh doanh,Trung học phổ thông,15-25 triệu/tháng,Xe máy cá nhân;,3,2,3,2,2,2,<10 phút,Thói quen sử dụng xe máy để di chuyển,3,Có,Gần nhà,3,4,Nước dành cho kinh doanh,4,4,4,4,"Chi phí bất động sản (Đất đai, Nhà cửa, vv)",3,3,4,4,4,Không,Bắt buộc tham gia,Không Thích tham gia,Tham gia vào phát triển khu vực nơi tôi sinh sống,Tham gia vào phát triển khu vực nơi tôi sinh sống,Tôi không có đủ kiến thức,3,4,4,Thêm trung tâm thương mại,Không,C429,Motorcycle habit,Behavioural,3,3,1.0,1,42,1,1,True,157.94319431139877,1983.130564561903,20.0,144.68997661413871,1994.7953369912248,22.0,13.253217697260055,2.0,0.0,21363.990625805265,223.23670492976893,1.4133986963036744,189.3628194964938,1.3087487048359214,189.3628194964938,1.3087487048359214,151.34214782714844,171.8144073486328,4154.0,4154.0,0.0228671934455633,0.0527862533926963,0.029919059947133,13.527136898351834
2023-04-05 14:00:17.288,Nữ,1973,Linh Đông,TP. Thủ Đức,Thủ Đức,Đạo phật,Kinh doanh,Trung học phổ thông,15-25 triệu/tháng,Xe máy cá nhân;,3,2,3,2,2,2,<10 phút,Thói quen sử dụng xe máy để di chuyển,3,Có,Gần nhà,3,4,Nước dành cho kinh doanh,4,4,4,4,"Chi phí bất động sản (Đất đai, Nhà cửa, vv)",3,3,4,4,4,Không,Bắt buộc tham gia,Không Thích tham gia,Tham gia vào phát triển khu vực nơi tôi sinh sống,Tham gia vào phát triển khu vực nơi tôi sinh sống,Tôi không có đủ kiến thức,3,4,4,Thêm trung tâm thương mại,Không,C430,Motorcycle habit,Behavioural,3,3,1.0,1,50,1,1,True,469.68983138185325,3263.0325603971696,20.0,378.607229988087,3257.389636371119,20.0,91.08260139376624,0.0,0.0,22786.12835109185,638.544491845839,1.3595024826643705,542.2461519114966,1.4322128817470243,542.2461519114966,1.4322128817470243,211.29014587402344,239.8716583251953,4829.0,4829.0,0.1616896539926529,0.2332216650247573,0.071532018482685,13.527139343361949
2023-04-05 14:35:35.996,Nam,1990,Trường Thọ,TP. Thủ Đức,Thành phố Thủ Đức,Không có,Kĩ sư,Cao Đẳng,15-25 triệu/tháng,Xe máy cá nhân;,3,3,3,3,4,3,20-30 phút,Thói quen sử dụng xe máy để di chuyển,2,Không,Gần nhà,2,3,Nước sinh hoạt,2,3,3,3,Tôi có thể kiếm sống ở đây,3,3,4,4,3,Không,,Không Thích tham gia,Không tham gia,Không tham gia,Thiếu thông tin,3,4,4,"Thêm nơi làm việc, Thêm sân chơi cộng đồng (công viên, sân chơi thể thao,hồ bơi..)",Có,C431,Motorcycle habit,Behavioural,3,5,3.0,0,33,0,1,True,434.7958706753259,711.296073947759,39.0,429.0125833487583,717.2799805382203,45.0,5.783287326567631,6.0,1.0,16096.923434808006,576.7680940558515,1.3265261538938125,602.9591309142589,1.4054579150283195,602.9591309142589,1.4054579150283195,517.32470703125,587.303955078125,5505.0,5505.0,0.0058823530562222,-0.0238212905824184,-0.0297036431729793,13.527142062953464
2023-04-05 14:41:23.182,Nam,1994,Trường Thọ,TP. Thủ Đức,Thành phố Thủ Đức,Không có,Kĩ sư,Đại học,15-25 triệu/tháng,Xe máy cá nhân;,3,3,3,3,3,3,10-20 phút,Thói quen sử dụng xe máy để di chuyển,2,Không,Gần nhà,2,3,Nước sinh hoạt,2,4,3,3,Tôi có thể kiếm sống ở đây,4,4,4,4,4,Không,,Không Bắt buộc,Không tham gia,Không tham gia,Tôi không được cho phép tham gia,3,4,4,"Thêm dịch vụ tiện ích, Thêm nơi làm việc, Thêm sân chơi cộng đồng (công viên, sân chơi thể thao,hồ bơi..)",Có,C432,Motorcycle habit,Behavioural,3,6,2.0,0,29,0,1,True,424.044155203474,718.0080306036699,39.0,418.3453815583279,723.8587680248128,45.0,5.698773645146105,6.0,1.0,16368.32383117358,582.5976217510201,1.3739079164325838,592.2544907511362,1.4157070135326952,592.2544907511362,1.4157070135326952,517.32470703125,587.303955078125,5505.0,5505.0,0.0457264967262744,-0.01489819586277,-0.0606246925890445,13.527142062953464
2023-04-05 14:53:54.387,Nữ,1994,Trường Thọ,TP. Thủ Đức,Quận 7,Không có,Nhân viên văn phòng (admin/kế toán/quản lý chung),Đại học,<5 triệu/tháng,Xe máy cá nhân;,3,4,3,3,4,2,>30 phút,Thói quen sử dụng xe máy để di chuyển,2,Không,Gần nơi làm việc,2,4,Nước sinh hoạt,3,3,3,3,Tôi có thể kiếm sống ở đây,3,2,4,4,4,Không,,Không có thời gian,Không tham gia,Không tham gia,Ý kiến của tôi không được lắng nghe,3,4,4,"Thêm các khu nhà ở, Thêm sân chơi cộng đồng (công viên, sân chơi thể thao,hồ bơi..)",Có,C433,Motorcycle habit,Behavioural,1,6,4.0,1,29,0,1,True,481.87738307351685,693.9168607393873,37.0,432.3493374342575,700.5631152288017,42.0,49.52804563925935,5.0,1.0,15823.307386744851,640.601900019171,1.3293877706674575,515.1871398826715,1.1915992353313372,515.1871398826715,1.1915992353313372,306.1371765136719,347.5487670898437,3815.0,3815.0,0.0278011802583932,-0.0093245394527912,-0.0371257178485393,13.527135465144156
2023-04-05 16:43:33.745,Nam,1992,Trường Thọ,TP. Thủ Đức,Quận 2,Không có,Kĩ sư,Đại học,25-35 Triệu/tháng,Xe máy cá nhân;,3,4,3,3,3,3,20-30 phút,Thói quen sử dụng xe máy để di chuyển,2,Không,Gần nơi làm việc,2,3,Nước sinh hoạt,3,3,3,3,Gần nơi làm việc,3,4,3,4,3,Không,,Không Thích tham gia,Không tham gia,Không tham gia,Thiếu thông tin,3,4,4,"Thêm sân chơi cộng đồng (công viên, sân chơi thể thao,hồ bơi..)",Có,C434,Motorcycle habit,Behavioural,4,6,3.0,0,31,0,1,True,367.7099639981565,518.7826856477808,38.0,277.63985581146744,520.7589515490143,46.0,90.07010818668908,8.0,1.0,22511.55368872749,673.5595668699174,1.8317686024773976,387.740320234495,1.3965585708191397,387.740320234495,1.3965585708191397,108.56484985351562,123.25057220458984,1657.0,1657.0,-0.004971966613084,-0.0428544469177722,-0.0378824807703495,13.527142874410428
2023-04-05 16:51:50.693,Nam,1991,Trường Thọ,TP. Thủ Đức,Bình Thạnh,Không có,Kĩ sư,Đại học,>35 Triệu/tháng,Xe máy cá nhân;,3,3,3,2,4,3,10-20 phút,Không cảm thấy thoải mái khi phải đi bộ đến các trạm,3,Có,Gần nhà,3,3,Nước sinh hoạt,3,3,3,3,An ninh và An toàn,3,3,3,3,3,Không,,Không Thích tham gia,Không tham gia,Không tham gia,Thiếu thông tin,3,3,4,"Thêm các khu nhà ở, Thêm sân chơi cộng đồng (công viên, sân chơi thể thao,hồ bơi..)",Có,C435,Walking discomfort,Experiential,5,6,2.0,0,32,0,1,True,771.7476102615485,1371.5132401905037,10.0,70.1085863683821,1383.4147625216704,12.0,701.6390238931664,2.0,0.0,18540.895040407253,962.0795461433756,1.2466245873016992,202.19130508960637,2.883973498298798,202.19130508960637,2.883973498298798,226.3239898681641,256.93914794921875,5045.0,5045.0,-0.0057142856530845,0.0361765697598457,0.0418908521533012,13.527137842916394
2023-04-05 17:05:12.026,Nam,1989,Trường Thọ,TP. Thủ Đức,Thành phố Thủ Đức,Không có,Kĩ sư,Đại học,15-25 triệu/tháng,Xe máy cá nhân;,3,3,4,4,4,3,>30 phút,Thói quen sử dụng xe máy để di chuyển,4,Không,Ở xa (vì lý do khác),2,4,Nước sinh hoạt,4,3,3,4,"Chi phí bất động sản (Đất đai, Nhà cửa, vv)",3,3,4,4,4,Không,,Không Có điều kiện tham gia,Tham gia vào phát triển khu vực nơi tôi sinh sống,Tham gia vào phát triển khu vực nơi tôi sinh sống,Tôi không có đủ kiến thức,4,4,3,Thêm trung tâm thương mại,Có,C436,Motorcycle habit,Behavioural,3,6,4.0,0,34,0,1,True,817.1699005577814,1328.9262274477585,14.0,226.21385632049527,1340.3635744063088,16.0,590.956044237286,2.0,0.0,17730.809514640456,1085.6801652976735,1.3285856032590204,325.7919242439046,1.4401943786428764,325.7919242439046,1.4401943786428764,99.798828125,113.29875183105467,2800.0,2800.0,0.0661621838808059,0.0509525910019874,-0.0152095919474959,13.527136500185922
2023-04-05 17:21:37.098,Nam,1998,Trường Thọ,TP. Thủ Đức,Thủ Đức,Không có,Đang kiếm việc làm,Đại học,<5 triệu/tháng,Xe buýt,3,3,3,3,3,2,10-20 phút,Thói quen sử dụng xe máy để di chuyển,3,Có,Gần nhà,3,3,Nước sinh hoạt,3,3,4,4,An ninh và An toàn,3,4,4,4,4,Không,,Không Thích tham gia,Tham gia vào phát triển khu vực nơi tôi sinh sống,Tham gia vào phát triển khu vực nơi tôi sinh sống,Tôi không có đủ kiến thức,3,3,4,"Thêm sân chơi cộng đồng (công viên, sân chơi thể thao,hồ bơi..)",Có,C437,Motorcycle habit,Behavioural,1,6,2.0,0,25,0,0,True,807.0285506308834,1339.551425164777,14.0,227.3586371422641,1350.9821064197238,16.0,579.6699134886194,2.0,0.0,17795.90097817977,1096.164516882408,1.3582722891594066,336.27627582863875,1.479056525212289,336.27627582863875,1.479056525212289,99.798828125,113.29875183105467,2800.0,2800.0,0.0365632660686969,-0.0150509076192975,-0.0516141727566719,13.527136500185922
2023-04-05 18:29:28.733,Nữ,2002,Trường Thọ,TP. Thủ Đức,ko,Đạo phật,Sinh viên/ học sinh,Đại học,<5 triệu/tháng,Xe máy cá nhân;,4,4,4,4,4,4,10-20 phút,Thói quen sử dụng xe máy để di chuyển,3,Không,Gần nhà,3,3,Cả hai,3,3,3,3,"Gia đình/họ hàng tôi sống ở đây, Tôi có thể kiếm sống ở đây",3,3,3,3,3,Không,Bắt buộc tham gia,Không Thích tham gia,Không tham gia,Không tham gia,Tôi không được cho phép tham gia,3,3,3,"Thêm trung tâm thương mại, Thêm dịch vụ tiện ích, Thêm nơi làm việc",Không,C438,Motorcycle habit,Behavioural,1,6,2.0,1,21,0,1,True,768.4300955218819,1373.322726640651,9.0,65.66151771508187,1385.235615930357,11.0,702.7685778068,2.0,0.0,18430.040111601724,957.582795426213,1.2461547263786792,197.69455437244375,3.01081304928526,197.69455437244375,3.01081304928526,226.3239898681641,256.93914794921875,5045.0,5045.0,-0.0057142856530845,0.0361765697598457,0.0418908521533012,13.527137842916394
2023-04-05 19:41:46.511,Nữ,1997,Trường Thọ,TP. Thủ Đức,Quận 1,Không có,Khác,Đại học,15-25 triệu/tháng,Xe máy cá nhân;,3,3,3,3,4,3,20-30 phút,Thói quen sử dụng xe máy để di chuyển,2,Không,Gần nơi làm việc,3,3,Nước sinh hoạt,3,3,4,4,Tôi có thể kiếm sống ở đây,3,3,4,4,4,Không,,Không Có điều kiện tham gia,Không tham gia,Không tham gia,Ý kiến của tôi không được lắng nghe,3,4,4,"Thêm các khu nhà ở, Thêm sân chơi cộng đồng (công viên, sân chơi thể thao,hồ bơi..)",Có,C439,Motorcycle habit,Behavioural,3,6,3.0,1,26,0,1,True,828.3078881912579,1328.2190751408666,13.0,274.42214063684594,1339.47742569256,15.0,553.885747554412,2.0,0.0,17632.41272076477,1095.2877226516018,1.3223195604756788,335.39948159783245,1.2222027013544812,335.39948159783245,1.2222027013544812,99.798828125,113.29875183105467,2800.0,2800.0,0.0241790730506181,0.0425992794334888,0.0184202045202255,13.527136500185922
2023-04-06 15:50:20.234,Nam,2000,Linh Tây,TP. Thủ Đức,TP. Thủ Đức,Không có,Sinh viên/ học sinh,Đại học,5-15 triệu/tháng,Xe máy cá nhân;,3,2,3,3,3,2,10-20 phút,Chất lượng xe buýt và thái độ phục vụ chưa tốt,4,Có,Gần nhà,4,4,Nước sinh hoạt,3,3,3,3,Nơi này rất đáng sống,3,4,4,4,3,Không,Được mời,Không Được mời,Không tham gia,Không tham gia,Thiếu thông tin,4,4,4,"Thêm sân chơi cộng đồng (công viên, sân chơi thể thao,hồ bơi..)",Không,C440,Bus quality / staff,Service,2,6,2.0,0,23,0,1,True,198.5270909278368,2221.6091113259554,92.0,254.41055234251272,2213.7420010089613,94.0,-55.883461414675935,2.0,0.0,24928.590896301364,410.3391117865995,2.066917466371151,379.3723453747704,1.4911816427489284,379.3723453747704,1.4911816427489284,190.62196350097656,216.4076690673828,4241.0,4241.0,0.073889285326004,0.0651233494281768,-0.0087659358978271,13.527142986476557
2023-04-06 16:20:03.130,Nam,2002,Linh Tây,TP. Thủ Đức,TP. Thủ Đức,Không có,Sinh viên/ học sinh,Cao Đẳng,5-15 triệu/tháng,Xe máy cá nhân;,3,2,3,2,3,2,>30 phút,Thiếu cơ sở hạ tầng giữ xe cá nhân tại các trạm giao thông công cộng,1,Có,Gần nhà,3,3,Nước sinh hoạt,4,4,4,5,Tôi có thể kiếm sống ở đây,3,3,3,4,3,Không,,Không Thích tham gia,Tham gia tích cực,Tham gia tích cực,Tôi không có đủ kiến thức,3,3,3,Thêm trung tâm thương mại,Không,C441,No parking at stops,Infrastructure,2,5,4.0,0,21,0,1,True,216.3215387006913,2003.826409162832,115.0,79.71290537839681,1990.139931862943,118.0,136.60863332229448,3.0,0.0,21512.48954680961,260.69607624960565,1.2051323128313738,117.8335199671031,1.478223876143366,117.8335199671031,1.478223876143366,149.1963653564453,169.3783721923828,4026.0,4026.0,0.0291610583662986,0.0086604431271553,-0.0205006152391433,13.527143766351566
2023-04-06 16:53:16.074,Nữ,1998,Linh Tây,TP. Thủ Đức,Gò Vấp,Đạo phật,Nhân viên văn phòng (admin/kế toán/quản lý chung),Đại học,5-15 triệu/tháng,Xe máy cá nhân;,3,2,3,2,4,2,20-30 phút,Không cảm thấy thoải mái khi phải đi bộ đến các trạm,4,Có,Gần nhà,3,4,Nước sinh hoạt,4,4,4,4,Tôi có thể kiếm sống ở đây,3,3,4,3,4,Không,,Không Được mời,Không tham gia,Không tham gia,Thiếu thông tin,3,4,4,"Thêm sân chơi cộng đồng (công viên, sân chơi thể thao,hồ bơi..)",Không,C442,Walking discomfort,Experiential,2,6,3.0,1,25,0,1,True,422.6886202675791,2711.6081687934065,69.0,138.0755236899038,2700.3273901426346,69.0,284.61309657767526,0.0,0.0,22311.391189966205,1117.9198787375487,2.64478347685315,237.54186362018007,1.7203763366030194,237.54186362018007,1.7203763366030194,217.223388671875,246.6074981689453,5019.0,5019.0,0.0355643928050994,0.0298142712563276,-0.0057501196861267,13.527138894539684
2023-04-07 11:08:10.351,Nam,1974,Trường Thọ,TP. Thủ Đức,"Bình Chuẩn, Bình Dương",Không có,Khác,Trung học phổ thông,25-35 Triệu/tháng,Xe máy cá nhân;,3,4,2,4,3,2,>30 phút,Thói quen sử dụng xe máy để di chuyển,2,Có,Gần nhà,1,1,Nước sinh hoạt,4,4,4,4,"Dịch vụ giao thông công cộng ở đây rất tốt, Chi phí bất động sản (Đất đai, Nhà cửa, vv)",4,2,4,4,4,Không,Ko co,Không Bắt buộc,Không tham gia,Tham gia vào phát triển khu vực nơi tôi sinh sống,Thiếu thông tin,3,4,3,"Thêm dịch vụ tiện ích, Thêm sân chơi cộng đồng (công viên, sân chơi thể thao,hồ bơi..)",Có,C443,Motorcycle habit,Behavioural,4,3,4.0,0,49,0,1,True,603.3553968456048,1601.662345716712,23.0,171.13848858619508,1612.3000441849508,24.0,432.2169082594097,1.0,0.0,17544.074560770696,936.7194615620544,1.552516918650776,196.30218893750853,1.1470370607990945,196.30218893750853,1.1470370607990945,200.14190673828125,227.2153778076172,4685.0,4685.0,0.0092715229839086,-0.0158458240330219,-0.0251173470169305,13.527137574810354
2023-04-07 11:13:03.428,Nữ,1962,Linh Chiểu,TP. Thủ Đức,Thủ đức,Đạo phật,"Giáo viên, nghiên cứu sinh",Đại học,<5 triệu/tháng,Xe máy cá nhân;,2,1,2,2,3,1,10-20 phút,Thói quen sử dụng xe máy để di chuyển,4,Có,Gần nhà,4,4,Nước sinh hoạt,4,4,4,4,Làm ở đây,4,4,4,4,4,Có,Thích tham gia,Có ,Tham gia tích cực,Tham gia tích cực,Thiếu thông tin,4,4,4,"Thêm sân chơi cộng đồng (công viên, sân chơi thể thao,hồ bơi..)",Có,C444,Motorcycle habit,Behavioural,1,6,2.0,1,61,0,1,True,297.6054016379035,1215.251718064145,175.0,295.0195783483047,1203.6097048140612,181.0,2.5858232895988067,6.0,0.0,23217.634293919997,600.2072002735039,2.016788663680829,447.166962642477,1.5157196181554593,447.166962642477,1.5157196181554593,110.35374450683594,125.2814483642578,2641.0,2641.0,-0.1877518147230148,-0.1715592890977859,0.0161925293505191,13.527138498229364
2023-04-07 11:19:34.319,Nữ,1971,Trường Thọ,TP. Thủ Đức,Trường thọ,Đạo phật,Kinh doanh,Đại học,15-25 triệu/tháng,Ô tô cá nhân;,4,4,3,3,4,1,<10 phút,Có sử dụng phương tiện công cộng,4,Có,Ở xa (vì lý do khác),3,4,Nước sinh hoạt,4,3,4,4,Gia đình/họ hàng tôi sống ở đây,3,4,4,4,4,Có,Thích tham gia,Không Được mời,Tham gia tích cực,Tham gia tích cực,Thiếu thông tin,4,4,4,Thêm dịch vụ tiện ích,Có,C445,Uses public transport,Not a barrier,3,6,1.0,1,52,1,0,True,537.8017343209578,720.9686662021386,32.0,449.7105454179825,728.5629910225359,36.0,88.09118890297532,4.0,1.0,15072.803450605888,695.4264047319505,1.2930906695754962,570.011644595451,1.267507845664715,570.011644595451,1.267507845664715,107.10161590576172,121.5894012451172,2258.0,2258.0,-0.1034012287855148,-0.0416666679084301,0.0617345608770847,13.527139825885738
2023-04-09 11:12:04.637,Nam,1990,Linh Tây,TP. Thủ Đức,Quận 2,Không có,Nhân viên văn phòng (admin/kế toán/quản lý chung),Đại học,15-25 triệu/tháng,Ô tô cá nhân;,3,3,4,3,4,2,>30 phút,Số lượng điểm dừng và tần suất các chuyến chưa đủ,3,Có,Gần nhà,2,3,Nước sinh hoạt,3,3,3,4,An ninh và An toàn,3,3,4,3,3,Không,,Không Được mời,Tham gia vào phát triển khu vực nơi tôi sinh sống,Tham gia vào phát triển khu vực nơi tôi sinh sống,Thiếu thông tin,3,4,3,"Thêm dịch vụ tiện ích, Thêm sân chơi cộng đồng (công viên, sân chơi thể thao,hồ bơi..)",Không,C446,Stop density / frequency,Infrastructure,3,6,4.0,0,33,0,0,True,140.82056456710603,2232.90814085422,75.0,132.40363539774884,2227.589071245843,77.0,8.41692916935719,2.0,0.0,26412.13193551357,223.13697154598805,1.5845481960105003,290.9176388189166,2.197202802966714,290.9176388189166,2.197202802966714,155.1920623779297,176.1851043701172,3718.0,3718.0,0.0693285688757896,0.0793367102742195,0.010008143261075,13.52713642084634
2023-04-09 11:20:01.408,Nam,1986,Linh Trung,TP. Thủ Đức,Thủ Đức,Không có,Nghỉ hưu,Trung học phổ thông,<5 triệu/tháng,Xe máy cá nhân;,3,3,3,3,3,3,10-20 phút,Thói quen sử dụng xe máy để di chuyển,3,Không,Gần nhà,3,3,Cả hai,3,3,3,3,Gia đình/họ hàng tôi sống ở đây,3,3,3,3,3,Có,Thích tham gia,,Tham gia vào phát triển khu vực nơi tôi sinh sống,Tham gia tích cực,Thiếu thông tin,3,3,3,"Thêm sân chơi cộng đồng (công viên, sân chơi thể thao,hồ bơi..)",Có,C447,Motorcycle habit,Behavioural,1,3,2.0,0,37,0,1,True,742.522036749144,1219.6779852647194,19.0,63.756197460676965,1225.4564576905357,24.0,678.7658392884671,5.0,0.0,19165.16066657957,833.2042196344337,1.122127261410729,120.07119458709586,1.88328663517225,120.07119458709586,1.88328663517225,172.7285614013672,196.09381103515625,4296.0,4296.0,0.1312107145786285,0.1037392169237136,-0.0274714939296245,13.52714886537816
2023-04-09 11:34:32.764,Nam,1990,Linh Trung,TP. Thủ Đức,Thủ Đức,Không có,Kinh doanh,Cao Đẳng,5-15 triệu/tháng,Xe máy cá nhân;,3,3,3,3,4,3,10-20 phút,Không cảm thấy thoải mái khi phải đi bộ đến các trạm,3,Không,Gần nhà,3,3,Nước sinh hoạt,3,4,4,4,Tôi có thể kiếm sống ở đây,3,4,3,3,3,Có,Thích tham gia,Không Được mời,Tham gia vào phát triển khu vực nơi tôi sinh sống,Tham gia vào phát triển khu vực nơi tôi sinh sống,Tôi không được cho phép tham gia,3,4,4,"Thêm sân chơi cộng đồng (công viên, sân chơi thể thao,hồ bơi..)",Có,C448,Walking discomfort,Experiential,2,5,2.0,0,33,1,1,True,183.7632273447969,1531.7161252615936,123.0,168.22039729571435,1513.9068901504522,129.0,15.54283004908254,6.0,0.0,21506.9357442956,255.1440006760916,1.388438831656794,216.2801216224414,1.285694987643163,216.2801216224414,1.285694987643163,111.47347259521484,126.55265045166016,2445.0,2445.0,-0.0894726067781448,-0.02495270781219,0.0645198971033096,13.52714462498283
2023-04-09 11:41:02.907,Nam,1989,Linh Trung,TP. Thủ Đức,Quận 2,Không có,Nhân viên văn phòng (admin/kế toán/quản lý chung),Đại học,5-15 triệu/tháng,Xe máy cá nhân;,3,3,3,3,3,3,10-20 phút,Chất lượng xe buýt và thái độ phục vụ chưa tốt,2,Có,Gần nơi làm việc,2,3,Nước sinh hoạt,3,3,3,4,Gia đình/họ hàng tôi sống ở đây,3,4,3,3,3,Có,Được mời,,Tham gia tích cực,Tham gia tích cực,Thiếu thông tin,3,3,3,Thêm các khu nhà ở,Có,C449,Bus quality / staff,Service,2,6,2.0,0,34,0,1,True,125.76438102537765,1525.030801302834,127.0,98.53339281329026,1507.9814824154814,133.0,27.230988212087382,6.0,0.0,21392.39251583464,157.8671656734535,1.2552613417752831,119.00328661980332,1.2077457521969353,119.00328661980332,1.2077457521969353,132.6368408203125,150.5788116455078,2989.0,2989.0,-0.1656927764415741,-0.1484204232692718,0.0172723550349473,13.527139755614272
2023-04-09 11:53:08.388,Nam,1996,Linh Trung,TP. Thủ Đức,Quận 2,Không có,Kĩ sư,Cao Đẳng,5-15 triệu/tháng,Xe máy cá nhân;,3,3,3,3,3,3,10-20 phút,Thiếu cơ sở hạ tầng giữ xe cá nhân tại các trạm giao thông công cộng,3,Có,Gần nơi làm việc,3,3,Nước sinh hoạt,3,3,3,3,Tôi có thể kiếm sống ở đây,3,3,3,3,3,Có,Được mời,,Tham gia tích cực,Tham gia tích cực,Tôi không được cho phép tham gia,3,3,3,Thêm dịch vụ tiện ích,Có,C450,No parking at stops,Infrastructure,2,5,2.0,0,27,0,1,True,120.1246816738682,1515.0139412303731,129.0,86.07881277565677,1498.253899352812,135.0,34.045868898211424,6.0,0.0,21195.5025467025,140.12986439466576,1.1665368219256598,101.26598534101558,1.1764333414418764,101.26598534101558,1.1764333414418764,132.6368408203125,150.5788116455078,2989.0,2989.0,-0.1193783357739448,-0.1372844874858856,-0.0179061442613601,13.527139755614272
2023-04-29 07:18:33.180,Nữ,1992,Phước Long B,TP.Thủ Đức,TP.Thủ Đức,Không có,Nhân viên văn phòng (admin/kế toán/quản lý chung),Thạc sĩ,15-25 triệu/tháng,Xe máy cá nhân;,3,3,3,3,3,1,20-30 phút,Có sử dụng phương tiện công cộng,4,Không,Ở xa (vì lý do khác),2,4,Nước sinh hoạt,4,4,3,4,Ko sống tại khu vực này,3,4,4,4,3,Không,Thích tham gia,Không Được mời,Tham gia vào phát triển khu vực nơi tôi sinh sống,Không tham gia,Tôi không có đủ kiến thức,3,3,3,"Thêm sân chơi cộng đồng (công viên, sân chơi thể thao,hồ bơi..)",Không,C451,Uses public transport,Not a barrier,3,7,3.0,1,31,0,1,True,484.4024860159619,2368.144744215904,20.0,375.8949910181319,2361.8225528123585,32.0,108.50749499783,12.0,0.0,19239.2790849691,657.7861531598998,1.3579330663018614,721.7503951891366,1.920085163237309,721.7503951891366,1.920085163237309,123.65725708007812,138.59707641601562,3432.0,3432.0,-0.1963294893503189,-0.0916978865861892,0.1046316027641296,12.081635715292272
2023-04-30 18:37:41.357,Nữ,1993,Thảo Điền,Tp. Thủ Đức,1,Không có,Nhân viên văn phòng (admin/kế toán/quản lý chung),Thạc sĩ,15-25 triệu/tháng,Xe máy cá nhân;,3,4,4,1,3,3,>30 phút,Thói quen sử dụng xe máy để di chuyển,5,Có,Gần nơi làm việc,4,5,Nước sinh hoạt,4,1,3,5,Ko ở khu trường thọ,3,3,4,4,3,Không,Có điều kiện tham gia,Không Thích tham gia,Tham gia vào phát triển khu vực nơi tôi sinh sống,Không tham gia,Tôi không có đủ kiến thức,3,5,3,Ko ý kiến vì ko ở đây,Không,C452,Motorcycle habit,Behavioural,3,7,4.0,1,30,0,1,True,1133.15464887268,493.1477758368735,101.0,246.78654321831087,515.3736446653518,144.0,886.3681056543692,43.0,1.0,22511.122797599422,1603.4439372734737,1.415026571058647,364.99314913422137,1.4789831907947395,364.99314913422137,1.4789831907947395,227.47479248046875,256.575439453125,5421.0,5421.0,0.0714972764253616,0.0810035839676857,0.0095063094049692,12.792910658509498
2023-04-30 19:18:44.125,Nam,1996,Thảo Điền,Tp. Thủ Đức,Tp. Thủ đức,Không có,Kĩ sư,Đại học,5-15 triệu/tháng,Xe máy cá nhân;,3,4,3,3,4,3,10-20 phút,Thói quen sử dụng xe máy để di chuyển,4,Không,Gần nhà,4,4,Nước sinh hoạt,5,1,3,4,Ko ở trường thọ,3,3,4,4,4,Có,Được mời,Không Được mời,Không tham gia,Không tham gia,Thiếu thông tin,4,4,1,Ko ý kiến vì ko ở đó,Không,C453,Motorcycle habit,Behavioural,2,6,2.0,0,27,0,1,True,1088.712286135538,538.188018512438,91.0,235.70830807929315,560.4552289422749,134.0,853.0039780562447,43.0,1.0,23046.206948800263,1749.6410047002637,1.607073812779995,369.65886684260033,1.5682895094145164,369.65886684260033,1.5682895094145164,250.61981201171875,282.6813659667969,4914.0,4914.0,0.1849847882986068,-0.1390728503465652,-0.3240576386451721,12.792904797797451
2023-04-30 19:25:34.883,Nam,1958,Thảo Điền,Tp.Thủ Đức,Đã nghỉ hưu,Không có,Nghỉ hưu,Trung cấp nghề,>35 Triệu/tháng,Xe máy cá nhân;,4,4,4,3,3,3,Khác:,Có sử dụng phương tiện công cộng,4,Không,Gần nhà,4,4,Nước sinh hoạt,5,2,4,5,Tôi sống ở chỗ khác,3,3,4,4,4,Có,Thích tham gia,Không Được mời,Không tham gia,Không tham gia,Tôi không có đủ kiến thức,3,4,3,"Thêm sân chơi cộng đồng (công viên, sân chơi thể thao,hồ bơi..)",Không,C454,Uses public transport,Not a barrier,5,4,,0,65,0,1,True,1229.2909974919269,339.8780105136342,116.0,297.97252438330577,360.697840397479,160.0,931.3184731086212,44.0,1.0,21881.806578177,1433.9088697217703,1.166451940709984,483.60024460408783,1.622969250621223,483.60024460408783,1.622969250621223,131.25743103027344,148.049072265625,4075.0,4075.0,0.0954522714018821,0.091248445212841,-0.0042038294486701,12.79290711661019
2023-04-30 19:33:15.373,Nữ,1958,Thảo Điền,Tp.thủ đức,Ko đi làm,Không có,Làm cơ quan nhà nước,Đại học,>35 Triệu/tháng,Grab/ taxi,3,3,3,3,3,3,Khác:,Có sử dụng phương tiện công cộng,4,Không,Gần nhà,4,5,Nước sinh hoạt,4,2,3,4,Ko ở đây,3,3,3,3,3,Có,Thích tham gia,Không Bắt buộc,Không tham gia,Không tham gia,Ko muốn tham gia,3,4,3,"Thêm sân chơi cộng đồng (công viên, sân chơi thể thao,hồ bơi..)",Không,C455,Uses public transport,Not a barrier,5,6,,1,65,0,0,True,1207.4095291075582,433.8675054932836,109.0,316.304552624558,455.1888939237487,154.0,891.1049764830002,45.0,1.0,22464.97488602984,1544.3028295145707,1.2790215683124706,472.97629967003775,1.4953192919465923,472.97629967003775,1.4953192919465923,227.47479248046875,256.575439453125,5421.0,5421.0,0.0349728316068649,-0.0053504547104239,-0.0403232835233211,12.792910658509498
2023-04-30 22:10:41.743,Nữ,1986,An Phú,Tp. THỦ ĐỨC,Tp. Thủ Đức,Đạo phật,Nhân viên văn phòng (admin/kế toán/quản lý chung),Thạc sĩ,>35 Triệu/tháng,Xe máy cá nhân;,4,4,2,3,3,3,10-20 phút,Không cảm thấy thoải mái khi phải đi bộ đến các trạm,4,Có,Gần nhà,3,4,Nước sinh hoạt,4,4,4,4,Tôi ở khu vực khác,3,2,4,4,4,Không,Bắt buộc tham gia,Không Thích tham gia,Không tham gia,Không tham gia,Tôi không có đủ kiến thức,4,3,3,"Thêm dịch vụ tiện ích, Thêm nơi làm việc",Không,C456,Walking discomfort,Experiential,5,7,2.0,1,37,0,1,True,696.1049334040993,697.7648721463227,94.0,110.56098371167656,684.7272920890296,143.0,585.5439496924226,49.0,1.0,24655.08729512067,887.9954523341555,1.2756632078322896,288.1707992568736,2.6064420700920308,288.1707992568736,2.6064420700920308,145.21548461914062,163.79275512695312,4401.0,4401.0,0.0783929452300071,0.0640653818845748,-0.0143275614827871,12.792899157094338
2023-04-30 22:24:29.325,Nữ,1993,Tam Phú,Tp. Thủ Đức,1,Đạo phật,Nhân viên văn phòng (admin/kế toán/quản lý chung),Đại học,25-35 Triệu/tháng,Grab/ taxi,4,4,2,2,3,3,>30 phút,Không cảm thấy thoải mái khi phải đi bộ đến các trạm,4,Không,Gần nơi làm việc,3,4,Nước sinh hoạt,3,2,4,4,"Chi phí bất động sản (Đất đai, Nhà cửa, vv)",4,2,4,4,3,Có,Bắt buộc tham gia,Không Thích tham gia,Tham gia vào phát triển khu vực nơi tôi sinh sống,Tham gia vào phát triển khu vực nơi tôi sinh sống,Tôi không có đủ kiến thức,3,2,3,"Thêm trung tâm thương mại, Thêm dịch vụ tiện ích, Thêm nơi làm việc, Thêm sân chơi cộng đồng (công viên, sân chơi thể thao,hồ bơi..)",Không,C457,Walking discomfort,Experiential,4,6,4.0,1,30,0,0,True,627.6913633718042,3890.557909922824,18.0,154.65719269158785,3884.8608425806938,17.0,473.03417068021633,-1.0,0.0,17253.96580360003,829.4757436090076,1.321470697244052,211.78990137389496,1.3694151412423423,211.78990137389496,1.3694151412423423,437.4847717285156,496.6639404296875,5212.0,5212.0,0.1094398349523544,0.1308720409870147,0.0214322060346603,13.527137977249629
2023-05-01 10:29:10.759,Nữ,1992,An Phú,Tp. Thủ đức,1,Đạo phật,Nhân viên văn phòng (admin/kế toán/quản lý chung),Thạc sĩ,>35 Triệu/tháng,Xe máy cá nhân;,3,3,3,1,3,3,20-30 phút,Thói quen sử dụng xe máy để di chuyển,3,Không,Gần nơi làm việc,3,4,Nước sinh hoạt,4,4,4,4,Ko ở trường thọ,3,3,4,4,4,Có,Thích tham gia,Không Bắt buộc,Không tham gia,Không tham gia,Thiếu thông tin,4,2,3,"Thêm nơi làm việc, Thêm sân chơi cộng đồng (công viên, sân chơi thể thao,hồ bơi..)",Không,C458,Motorcycle habit,Behavioural,5,7,3.0,1,31,0,1,True,886.138811486946,449.0798714134397,103.0,262.9521151936732,456.1561551872323,153.0,623.1866962932728,50.0,1.0,24608.55769050337,1131.200541148815,1.2765500466576496,361.5120608456467,1.3748208892686822,361.5120608456467,1.3748208892686822,2.798999071121216,3.1570723056793213,92.0,92.0,-0.1121450066566467,-0.1039603948593139,0.0081846071407198,12.792902943503636
2023-05-01 10:39:58.273,Nữ,1982,An Phú,Tp. Thủ đức,Tp. Thủ Đức,Không có,Nhân viên văn phòng (admin/kế toán/quản lý chung),Đại học,>35 Triệu/tháng,Xe máy cá nhân;,3,3,3,2,4,3,<10 phút,Không cảm thấy thoải mái khi phải đi bộ đến các trạm,7,Có,Gần nhà,4,4,Nước sinh hoạt,4,4,3,4,"Chi phí bất động sản (Đất đai, Nhà cửa, vv)",4,3,4,4,4,Có,Bắt buộc tham gia,Không Bắt buộc,Tham gia vào phát triển khu vực nơi tôi sinh sống,Không tham gia,Tôi không được cho phép tham gia,3,4,3,"Thêm sân chơi cộng đồng (công viên, sân chơi thể thao,hồ bơi..)",Không,C459,Walking discomfort,Experiential,5,6,1.0,1,41,0,1,True,336.0930366151794,1973.4314508815623,10.0,119.07907105695172,1972.0730063359615,33.0,217.0139655582277,23.0,0.0,18557.02991921192,576.2269326935057,1.714486377036354,356.4266663348816,2.993193204911836,356.4266663348816,2.993193204911836,60.92156219482422,68.71520233154297,4959.0,4959.0,0.015706805512309,0.0069315629079937,-0.0087752435356378,12.792909203140695
2023-05-01 16:13:15.773,Nữ,1994,Thảo Điền,Tp. Thủ Đức,4,Không có,Nhân viên văn phòng (admin/kế toán/quản lý chung),Thạc sĩ,25-35 Triệu/tháng,Xe máy cá nhân;,3,3,3,2,4,3,20-30 phút,Thói quen sử dụng xe máy để di chuyển,7,Không,Gần nơi làm việc,4,2,Nước sinh hoạt,4,2,4,4,Ở khu vực khác,3,2,4,4,4,Không,Bắt buộc tham gia,Không Thích tham gia,Tham gia vào phát triển khu vực nơi tôi sinh sống,Không tham gia,Tôi không được cho phép tham gia,3,4,3,"Thêm trung tâm thương mại, Thêm dịch vụ tiện ích, Thêm sân chơi cộng đồng (công viên, sân chơi thể thao,hồ bơi..)",Không,C460,Motorcycle habit,Behavioural,4,7,3.0,1,29,0,1,True,1216.015581848894,424.0070239458765,109.0,318.1458702169543,445.3534731127363,155.0,897.8697116319397,46.0,1.0,22408.32752779034,1536.1793342524431,1.263289185749376,465.1281227661168,1.4619964183376963,465.1281227661168,1.4619964183376963,189.71246337890625,213.9821929931641,5358.0,5358.0,0.0179140567779541,0.027366766706109,0.0094527108594775,12.79290204870974
